<rules moduleSOID="TREES Building rules rule">
<rule soid="buildcheck-story-trainover-7">
<ruledefinition definition=""/>
<condition>
<mathtemplate type="and">
  <argument1>
<fact soid="buildingcheck"/>
  </argument1>
  <argument2>
  <mathtemplate type="and">
    <argument1>
      <mathtemplate type="parenthesis">
      <argument>
          <mathtemplate type="or">
        <argument1>
              <mathtemplate type="equal">
          <argument1>
        <fact soid="height"/>
          </argument1>
          <argument2>
        <factvalue type="integer" value="25"/>
          </argument2>
        </mathtemplate>

        </argument1>
        <argument2>
              <mathtemplate type="or">
          <argument1>
                  <mathtemplate type="equal">
            <argument1>
          <fact soid="height"/>
            </argument1>
            <argument2>
          <factvalue type="integer" value="50"/>
            </argument2>
          </mathtemplate>

          </argument1>
          <argument2>
                  <mathtemplate type="or">
            <argument1>
                      <mathtemplate type="equal">
              <argument1>
            <fact soid="height"/>
              </argument1>
              <argument2>
            <factvalue type="integer" value="75"/>
              </argument2>
            </mathtemplate>

            </argument1>
            <argument2>
                      <mathtemplate type="or">
              <argument1>
                          <mathtemplate type="equal">
                <argument1>
              <fact soid="height"/>
                </argument1>
                <argument2>
              <factvalue type="string" value="{1=25only}"/>
                </argument2>
              </mathtemplate>

              </argument1>
              <argument2>
                          <mathtemplate type="equal">
                <argument1>
              <fact soid="height"/>
                </argument1>
                <argument2>
              <factvalue type="string" value="{1=50only}"/>
                </argument2>
              </mathtemplate>

              </argument2>
            </mathtemplate>

            </argument2>
          </mathtemplate>

          </argument2>
        </mathtemplate>

        </argument2>
      </mathtemplate>

      </argument>
    </mathtemplate>

    </argument1>
    <argument2>
      <mathtemplate type="and">
      <argument1>
          <mathtemplate type="equal">
        <argument1>
      <fact soid="dist"/>
        </argument1>
        <argument2>
      <factvalue type="integer" value="30"/>
        </argument2>
      </mathtemplate>

      </argument1>
      <argument2>
          <mathtemplate type="parenthesis">
        <argument>
              <mathtemplate type="and">
          <argument1>
                  <mathtemplate type="notequal">
            <argument1>
          <fact soid="height"/>
            </argument1>
            <argument2>
          <factvalue type="integer" value="10"/>
            </argument2>
          </mathtemplate>

          </argument1>
          <argument2>
                  <mathtemplate type="notequal">
            <argument1>
          <fact soid="height"/>
            </argument1>
            <argument2>
          <factvalue type="integer" value="15"/>
            </argument2>
          </mathtemplate>

          </argument2>
        </mathtemplate>

        </argument>
      </mathtemplate>

      </argument2>
    </mathtemplate>

    </argument2>
  </mathtemplate>

  </argument2>
</mathtemplate>

</condition>
<actions>
<report soid="TREES RT ANYTREETWE"/>
<question soid="TREES question 14"/>
<halt/>
</actions>
</rule>

<rule soid="buildcheck-story-trainover-2">
<ruledefinition definition=""/>
<condition>
<mathtemplate type="and">
  <argument1>
<fact soid="buildingcheck"/>
  </argument1>
  <argument2>
  <mathtemplate type="and">
    <argument1>
      <mathtemplate type="parenthesis">
      <argument>
          <mathtemplate type="or">
        <argument1>
              <mathtemplate type="equal">
          <argument1>
        <fact soid="height"/>
          </argument1>
          <argument2>
        <factvalue type="integer" value="25"/>
          </argument2>
        </mathtemplate>

        </argument1>
        <argument2>
              <mathtemplate type="or">
          <argument1>
                  <mathtemplate type="equal">
            <argument1>
          <fact soid="height"/>
            </argument1>
            <argument2>
          <factvalue type="integer" value="50"/>
            </argument2>
          </mathtemplate>

          </argument1>
          <argument2>
                  <mathtemplate type="or">
            <argument1>
                      <mathtemplate type="equal">
              <argument1>
            <fact soid="height"/>
              </argument1>
              <argument2>
            <factvalue type="integer" value="75"/>
              </argument2>
            </mathtemplate>

            </argument1>
            <argument2>
                      <mathtemplate type="or">
              <argument1>
                          <mathtemplate type="equal">
                <argument1>
              <fact soid="height"/>
                </argument1>
                <argument2>
              <factvalue type="string" value="{1=25only}"/>
                </argument2>
              </mathtemplate>

              </argument1>
              <argument2>
                          <mathtemplate type="equal">
                <argument1>
              <fact soid="height"/>
                </argument1>
                <argument2>
              <factvalue type="string" value="{1=50only}"/>
                </argument2>
              </mathtemplate>

              </argument2>
            </mathtemplate>

            </argument2>
          </mathtemplate>

          </argument2>
        </mathtemplate>

        </argument2>
      </mathtemplate>

      </argument>
    </mathtemplate>

    </argument1>
    <argument2>
      <mathtemplate type="and">
      <argument1>
          <mathtemplate type="equal">
        <argument1>
      <fact soid="bld"/>
        </argument1>
        <argument2>
      <factvalue type="integer" value="3"/>
        </argument2>
      </mathtemplate>

      </argument1>
      <argument2>
          <mathtemplate type="and">
        <argument1>
              <mathtemplate type="equal">
          <argument1>
        <fact soid="dist"/>
          </argument1>
          <argument2>
        <factvalue type="integer" value="10"/>
          </argument2>
        </mathtemplate>

        </argument1>
        <argument2>
              <mathtemplate type="parenthesis">
          <argument>
                  <mathtemplate type="and">
            <argument1>
                      <mathtemplate type="notequal">
              <argument1>
            <fact soid="height"/>
              </argument1>
              <argument2>
            <factvalue type="integer" value="10"/>
              </argument2>
            </mathtemplate>

            </argument1>
            <argument2>
                      <mathtemplate type="notequal">
              <argument1>
            <fact soid="height"/>
              </argument1>
              <argument2>
            <factvalue type="integer" value="15"/>
              </argument2>
            </mathtemplate>

            </argument2>
          </mathtemplate>

          </argument>
        </mathtemplate>

        </argument2>
      </mathtemplate>

      </argument2>
    </mathtemplate>

    </argument2>
  </mathtemplate>

  </argument2>
</mathtemplate>

</condition>
<actions>
<assert fact="spread 6"/>
<assert fact="spread 10"/>
<assert fact="spread 15"/>
<assert fact="spreadcheck 15"/>
<assert fact="path q14"/>
<report soid="TREES RT COLTREE"/>
</actions>
</rule>

<rule soid="buildcheck-story-trainover-3">
<ruledefinition definition=""/>
<condition>
<mathtemplate type="and">
  <argument1>
<fact soid="buildingcheck"/>
  </argument1>
  <argument2>
  <mathtemplate type="and">
    <argument1>
      <mathtemplate type="parenthesis">
      <argument>
          <mathtemplate type="or">
        <argument1>
              <mathtemplate type="equal">
          <argument1>
        <fact soid="height"/>
          </argument1>
          <argument2>
        <factvalue type="integer" value="25"/>
          </argument2>
        </mathtemplate>

        </argument1>
        <argument2>
              <mathtemplate type="or">
          <argument1>
                  <mathtemplate type="equal">
            <argument1>
          <fact soid="height"/>
            </argument1>
            <argument2>
          <factvalue type="integer" value="50"/>
            </argument2>
          </mathtemplate>

          </argument1>
          <argument2>
                  <mathtemplate type="or">
            <argument1>
                      <mathtemplate type="equal">
              <argument1>
            <fact soid="height"/>
              </argument1>
              <argument2>
            <factvalue type="integer" value="75"/>
              </argument2>
            </mathtemplate>

            </argument1>
            <argument2>
                      <mathtemplate type="or">
              <argument1>
                          <mathtemplate type="equal">
                <argument1>
              <fact soid="height"/>
                </argument1>
                <argument2>
              <factvalue type="string" value="{1=25only}"/>
                </argument2>
              </mathtemplate>

              </argument1>
              <argument2>
                          <mathtemplate type="equal">
                <argument1>
              <fact soid="height"/>
                </argument1>
                <argument2>
              <factvalue type="string" value="{1=50only}"/>
                </argument2>
              </mathtemplate>

              </argument2>
            </mathtemplate>

            </argument2>
          </mathtemplate>

          </argument2>
        </mathtemplate>

        </argument2>
      </mathtemplate>

      </argument>
    </mathtemplate>

    </argument1>
    <argument2>
      <mathtemplate type="and">
      <argument1>
          <mathtemplate type="equal">
        <argument1>
      <fact soid="bld"/>
        </argument1>
        <argument2>
      <factvalue type="integer" value="3"/>
        </argument2>
      </mathtemplate>

      </argument1>
      <argument2>
          <mathtemplate type="and">
        <argument1>
              <mathtemplate type="equal">
          <argument1>
        <fact soid="dist"/>
          </argument1>
          <argument2>
        <factvalue type="integer" value="15"/>
          </argument2>
        </mathtemplate>

        </argument1>
        <argument2>
              <mathtemplate type="parenthesis">
          <argument>
                  <mathtemplate type="and">
            <argument1>
                      <mathtemplate type="notequal">
              <argument1>
            <fact soid="height"/>
              </argument1>
              <argument2>
            <factvalue type="integer" value="10"/>
              </argument2>
            </mathtemplate>

            </argument1>
            <argument2>
                      <mathtemplate type="notequal">
              <argument1>
            <fact soid="height"/>
              </argument1>
              <argument2>
            <factvalue type="integer" value="15"/>
              </argument2>
            </mathtemplate>

            </argument2>
          </mathtemplate>

          </argument>
        </mathtemplate>

        </argument2>
      </mathtemplate>

      </argument2>
    </mathtemplate>

    </argument2>
  </mathtemplate>

  </argument2>
</mathtemplate>

</condition>
<actions>
<assert fact="spread 6"/>
<assert fact="spread 10"/>
<assert fact="spread 15"/>
<assert fact="spread 25"/>
<assert fact="spreadcheck 25"/>
<assert fact="path q14"/>
<report soid="TREES RT NARTREE"/>
</actions>
</rule>

<rule soid="buildcheck-story-trainover-4">
<ruledefinition definition=""/>
<condition>
<mathtemplate type="and">
  <argument1>
<fact soid="buildingcheck"/>
  </argument1>
  <argument2>
  <mathtemplate type="and">
    <argument1>
      <mathtemplate type="parenthesis">
      <argument>
          <mathtemplate type="or">
        <argument1>
              <mathtemplate type="equal">
          <argument1>
        <fact soid="height"/>
          </argument1>
          <argument2>
        <factvalue type="integer" value="25"/>
          </argument2>
        </mathtemplate>

        </argument1>
        <argument2>
              <mathtemplate type="or">
          <argument1>
                  <mathtemplate type="equal">
            <argument1>
          <fact soid="height"/>
            </argument1>
            <argument2>
          <factvalue type="integer" value="50"/>
            </argument2>
          </mathtemplate>

          </argument1>
          <argument2>
                  <mathtemplate type="or">
            <argument1>
                      <mathtemplate type="equal">
              <argument1>
            <fact soid="height"/>
              </argument1>
              <argument2>
            <factvalue type="integer" value="75"/>
              </argument2>
            </mathtemplate>

            </argument1>
            <argument2>
                      <mathtemplate type="or">
              <argument1>
                          <mathtemplate type="equal">
                <argument1>
              <fact soid="height"/>
                </argument1>
                <argument2>
              <factvalue type="string" value="{1=25only}"/>
                </argument2>
              </mathtemplate>

              </argument1>
              <argument2>
                          <mathtemplate type="equal">
                <argument1>
              <fact soid="height"/>
                </argument1>
                <argument2>
              <factvalue type="string" value="{1=50only}"/>
                </argument2>
              </mathtemplate>

              </argument2>
            </mathtemplate>

            </argument2>
          </mathtemplate>

          </argument2>
        </mathtemplate>

        </argument2>
      </mathtemplate>

      </argument>
    </mathtemplate>

    </argument1>
    <argument2>
      <mathtemplate type="and">
      <argument1>
          <mathtemplate type="equal">
        <argument1>
      <fact soid="bld"/>
        </argument1>
        <argument2>
      <factvalue type="integer" value="2"/>
        </argument2>
      </mathtemplate>

      </argument1>
      <argument2>
          <mathtemplate type="and">
        <argument1>
              <mathtemplate type="equal">
          <argument1>
        <fact soid="dist"/>
          </argument1>
          <argument2>
        <factvalue type="integer" value="15"/>
          </argument2>
        </mathtemplate>

        </argument1>
        <argument2>
              <mathtemplate type="parenthesis">
          <argument>
                  <mathtemplate type="and">
            <argument1>
                      <mathtemplate type="notequal">
              <argument1>
            <fact soid="height"/>
              </argument1>
              <argument2>
            <factvalue type="integer" value="10"/>
              </argument2>
            </mathtemplate>

            </argument1>
            <argument2>
                      <mathtemplate type="notequal">
              <argument1>
            <fact soid="height"/>
              </argument1>
              <argument2>
            <factvalue type="integer" value="15"/>
              </argument2>
            </mathtemplate>

            </argument2>
          </mathtemplate>

          </argument>
        </mathtemplate>

        </argument2>
      </mathtemplate>

      </argument2>
    </mathtemplate>

    </argument2>
  </mathtemplate>

  </argument2>
</mathtemplate>

</condition>
<actions>
<report soid="TREES RT ANYTREETEN"/>
<question soid="TREES question 14"/>
<halt/>
</actions>
</rule>

<rule soid="buildcheck-story-trainover-6">
<ruledefinition definition=""/>
<condition>
<mathtemplate type="and">
  <argument1>
<fact soid="buildingcheck"/>
  </argument1>
  <argument2>
  <mathtemplate type="and">
    <argument1>
      <mathtemplate type="parenthesis">
      <argument>
          <mathtemplate type="or">
        <argument1>
              <mathtemplate type="equal">
          <argument1>
        <fact soid="height"/>
          </argument1>
          <argument2>
        <factvalue type="integer" value="25"/>
          </argument2>
        </mathtemplate>

        </argument1>
        <argument2>
              <mathtemplate type="or">
          <argument1>
                  <mathtemplate type="equal">
            <argument1>
          <fact soid="height"/>
            </argument1>
            <argument2>
          <factvalue type="integer" value="50"/>
            </argument2>
          </mathtemplate>

          </argument1>
          <argument2>
                  <mathtemplate type="or">
            <argument1>
                      <mathtemplate type="equal">
              <argument1>
            <fact soid="height"/>
              </argument1>
              <argument2>
            <factvalue type="integer" value="75"/>
              </argument2>
            </mathtemplate>

            </argument1>
            <argument2>
                      <mathtemplate type="or">
              <argument1>
                          <mathtemplate type="equal">
                <argument1>
              <fact soid="height"/>
                </argument1>
                <argument2>
              <factvalue type="string" value="{1=25only}"/>
                </argument2>
              </mathtemplate>

              </argument1>
              <argument2>
                          <mathtemplate type="equal">
                <argument1>
              <fact soid="height"/>
                </argument1>
                <argument2>
              <factvalue type="string" value="{1=50only}"/>
                </argument2>
              </mathtemplate>

              </argument2>
            </mathtemplate>

            </argument2>
          </mathtemplate>

          </argument2>
        </mathtemplate>

        </argument2>
      </mathtemplate>

      </argument>
    </mathtemplate>

    </argument1>
    <argument2>
      <mathtemplate type="and">
      <argument1>
          <mathtemplate type="equal">
        <argument1>
      <fact soid="bld"/>
        </argument1>
        <argument2>
      <factvalue type="integer" value="3"/>
        </argument2>
      </mathtemplate>

      </argument1>
      <argument2>
          <mathtemplate type="and">
        <argument1>
              <mathtemplate type="equal">
          <argument1>
        <fact soid="dist"/>
          </argument1>
          <argument2>
        <factvalue type="integer" value="20"/>
          </argument2>
        </mathtemplate>

        </argument1>
        <argument2>
              <mathtemplate type="parenthesis">
          <argument>
                  <mathtemplate type="and">
            <argument1>
                      <mathtemplate type="notequal">
              <argument1>
            <fact soid="height"/>
              </argument1>
              <argument2>
            <factvalue type="integer" value="10"/>
              </argument2>
            </mathtemplate>

            </argument1>
            <argument2>
                      <mathtemplate type="notequal">
              <argument1>
            <fact soid="height"/>
              </argument1>
              <argument2>
            <factvalue type="integer" value="15"/>
              </argument2>
            </mathtemplate>

            </argument2>
          </mathtemplate>

          </argument>
        </mathtemplate>

        </argument2>
      </mathtemplate>

      </argument2>
    </mathtemplate>

    </argument2>
  </mathtemplate>

  </argument2>
</mathtemplate>

</condition>
<actions>
<report soid="TREES RT NARTREEFIF"/>
<assert fact="spread 6"/>
<assert fact="spread 10"/>
<assert fact="spread 15"/>
<assert fact="spread 25"/>
<assert fact="spread 35"/>
<assert fact="spreadcheck 35"/>
<assert fact="path q14"/>
</actions>
</rule>

<rule soid="buildcheck-story-trainover-5">
<ruledefinition definition=""/>
<condition>
<mathtemplate type="and">
  <argument1>
<fact soid="buildingcheck"/>
  </argument1>
  <argument2>
  <mathtemplate type="and">
    <argument1>
      <mathtemplate type="parenthesis">
      <argument>
          <mathtemplate type="or">
        <argument1>
              <mathtemplate type="equal">
          <argument1>
        <fact soid="height"/>
          </argument1>
          <argument2>
        <factvalue type="integer" value="25"/>
          </argument2>
        </mathtemplate>

        </argument1>
        <argument2>
              <mathtemplate type="or">
          <argument1>
                  <mathtemplate type="equal">
            <argument1>
          <fact soid="height"/>
            </argument1>
            <argument2>
          <factvalue type="integer" value="50"/>
            </argument2>
          </mathtemplate>

          </argument1>
          <argument2>
                  <mathtemplate type="or">
            <argument1>
                      <mathtemplate type="equal">
              <argument1>
            <fact soid="height"/>
              </argument1>
              <argument2>
            <factvalue type="integer" value="75"/>
              </argument2>
            </mathtemplate>

            </argument1>
            <argument2>
                      <mathtemplate type="or">
              <argument1>
                          <mathtemplate type="equal">
                <argument1>
              <fact soid="height"/>
                </argument1>
                <argument2>
              <factvalue type="string" value="{1=25only}"/>
                </argument2>
              </mathtemplate>

              </argument1>
              <argument2>
                          <mathtemplate type="equal">
                <argument1>
              <fact soid="height"/>
                </argument1>
                <argument2>
              <factvalue type="string" value="{1=50only}"/>
                </argument2>
              </mathtemplate>

              </argument2>
            </mathtemplate>

            </argument2>
          </mathtemplate>

          </argument2>
        </mathtemplate>

        </argument2>
      </mathtemplate>

      </argument>
    </mathtemplate>

    </argument1>
    <argument2>
      <mathtemplate type="and">
      <argument1>
          <mathtemplate type="equal">
        <argument1>
      <fact soid="bld"/>
        </argument1>
        <argument2>
      <factvalue type="integer" value="2"/>
        </argument2>
      </mathtemplate>

      </argument1>
      <argument2>
          <mathtemplate type="and">
        <argument1>
              <mathtemplate type="equal">
          <argument1>
        <fact soid="dist"/>
          </argument1>
          <argument2>
        <factvalue type="integer" value="20"/>
          </argument2>
        </mathtemplate>

        </argument1>
        <argument2>
              <mathtemplate type="parenthesis">
          <argument>
                  <mathtemplate type="and">
            <argument1>
                      <mathtemplate type="notequal">
              <argument1>
            <fact soid="height"/>
              </argument1>
              <argument2>
            <factvalue type="integer" value="10"/>
              </argument2>
            </mathtemplate>

            </argument1>
            <argument2>
                      <mathtemplate type="notequal">
              <argument1>
            <fact soid="height"/>
              </argument1>
              <argument2>
            <factvalue type="integer" value="15"/>
              </argument2>
            </mathtemplate>

            </argument2>
          </mathtemplate>

          </argument>
        </mathtemplate>

        </argument2>
      </mathtemplate>

      </argument2>
    </mathtemplate>

    </argument2>
  </mathtemplate>

  </argument2>
</mathtemplate>

</condition>
<actions>
<report soid="TREES RT ANYTREEFIF"/>
<question soid="TREES question 14"/>
<halt/>
</actions>
</rule>

<rule soid="buildingcheck-1">
<ruledefinition definition=""/>
<condition>
<mathtemplate type="and">
  <argument1>
<fact soid="buildingcheck"/>
  </argument1>
  <argument2>
  <mathtemplate type="and">
    <argument1>
      <mathtemplate type="equal">
      <argument1>
    <fact soid="dist"/>
      </argument1>
      <argument2>
    <factvalue type="integer" value="10"/>
      </argument2>
    </mathtemplate>

    </argument1>
    <argument2>
      <mathtemplate type="and">
      <argument1>
          <mathtemplate type="equal">
        <argument1>
      <fact soid="bld"/>
        </argument1>
        <argument2>
      <factvalue type="integer" value="3"/>
        </argument2>
      </mathtemplate>

      </argument1>
      <argument2>
          <mathtemplate type="parenthesis">
        <argument>
              <mathtemplate type="or">
          <argument1>
                  <mathtemplate type="equal">
            <argument1>
          <fact soid="maxheight"/>
            </argument1>
            <argument2>
          <factvalue type="integer" value="50"/>
            </argument2>
          </mathtemplate>

          </argument1>
          <argument2>
                  <mathtemplate type="or">
            <argument1>
                      <mathtemplate type="equal">
              <argument1>
            <fact soid="maxheight"/>
              </argument1>
              <argument2>
            <factvalue type="integer" value="25"/>
              </argument2>
            </mathtemplate>

            </argument1>
            <argument2>
                      <mathtemplate type="equal">
              <argument1>
            <fact soid="maxheight"/>
              </argument1>
              <argument2>
            <factvalue type="integer" value="100"/>
              </argument2>
            </mathtemplate>

            </argument2>
          </mathtemplate>

          </argument2>
        </mathtemplate>

        </argument>
      </mathtemplate>

      </argument2>
    </mathtemplate>

    </argument2>
  </mathtemplate>

  </argument2>
</mathtemplate>

</condition>
<actions>
<question soid="TREES bld 3 ht 10"/>
<halt/>
</actions>
</rule>

<rule soid="buildingcheck-2">
<ruledefinition definition=""/>
<condition>
<mathtemplate type="and">
  <argument1>
<fact soid="buildingcheck"/>
  </argument1>
  <argument2>
  <mathtemplate type="and">
    <argument1>
      <mathtemplate type="equal">
      <argument1>
    <fact soid="dist"/>
      </argument1>
      <argument2>
    <factvalue type="integer" value="10"/>
      </argument2>
    </mathtemplate>

    </argument1>
    <argument2>
      <mathtemplate type="and">
      <argument1>
          <mathtemplate type="equal">
        <argument1>
      <fact soid="bld"/>
        </argument1>
        <argument2>
      <factvalue type="integer" value="2"/>
        </argument2>
      </mathtemplate>

      </argument1>
      <argument2>
          <mathtemplate type="parenthesis">
        <argument>
              <mathtemplate type="or">
          <argument1>
                  <mathtemplate type="equal">
            <argument1>
          <fact soid="maxheight"/>
            </argument1>
            <argument2>
          <factvalue type="integer" value="25"/>
            </argument2>
          </mathtemplate>

          </argument1>
          <argument2>
                  <mathtemplate type="or">
            <argument1>
                      <mathtemplate type="equal">
              <argument1>
            <fact soid="maxheight"/>
              </argument1>
              <argument2>
            <factvalue type="integer" value="50"/>
              </argument2>
            </mathtemplate>

            </argument1>
            <argument2>
                      <mathtemplate type="equal">
              <argument1>
            <fact soid="maxheight"/>
              </argument1>
              <argument2>
            <factvalue type="integer" value="100"/>
              </argument2>
            </mathtemplate>

            </argument2>
          </mathtemplate>

          </argument2>
        </mathtemplate>

        </argument>
      </mathtemplate>

      </argument2>
    </mathtemplate>

    </argument2>
  </mathtemplate>

  </argument2>
</mathtemplate>

</condition>
<actions>
<question soid="TREES bld 2 ht 10"/>
<halt/>
</actions>
</rule>

<rule soid="buildingcheck-3">
<ruledefinition definition=""/>
<condition>
<mathtemplate type="and">
  <argument1>
<fact soid="buildingcheck"/>
  </argument1>
  <argument2>
  <mathtemplate type="and">
    <argument1>
      <mathtemplate type="equal">
      <argument1>
    <fact soid="bld"/>
      </argument1>
      <argument2>
    <factvalue type="integer" value="2"/>
      </argument2>
    </mathtemplate>

    </argument1>
    <argument2>
      <mathtemplate type="and">
      <argument1>
          <mathtemplate type="equal">
        <argument1>
      <fact soid="dist"/>
        </argument1>
        <argument2>
      <factvalue type="integer" value="15"/>
        </argument2>
      </mathtemplate>

      </argument1>
      <argument2>
          <mathtemplate type="parenthesis">
        <argument>
              <mathtemplate type="or">
          <argument1>
                  <mathtemplate type="equal">
            <argument1>
          <fact soid="maxheight"/>
            </argument1>
            <argument2>
          <factvalue type="integer" value="100"/>
            </argument2>
          </mathtemplate>

          </argument1>
          <argument2>
                  <mathtemplate type="or">
            <argument1>
                      <mathtemplate type="equal">
              <argument1>
            <fact soid="maxheight"/>
              </argument1>
              <argument2>
            <factvalue type="integer" value="25"/>
              </argument2>
            </mathtemplate>

            </argument1>
            <argument2>
                      <mathtemplate type="equal">
              <argument1>
            <fact soid="maxheight"/>
              </argument1>
              <argument2>
            <factvalue type="integer" value="50"/>
              </argument2>
            </mathtemplate>

            </argument2>
          </mathtemplate>

          </argument2>
        </mathtemplate>

        </argument>
      </mathtemplate>

      </argument2>
    </mathtemplate>

    </argument2>
  </mathtemplate>

  </argument2>
</mathtemplate>

</condition>
<actions>
<question soid="TREES bld 2 ht 15"/>
<halt/>
</actions>
</rule>

<rule soid="buildingcheck-4">
<ruledefinition definition=""/>
<condition>
<mathtemplate type="and">
  <argument1>
<fact soid="buildingcheck"/>
  </argument1>
  <argument2>
  <mathtemplate type="and">
    <argument1>
      <mathtemplate type="equal">
      <argument1>
    <fact soid="bld"/>
      </argument1>
      <argument2>
    <factvalue type="integer" value="3"/>
      </argument2>
    </mathtemplate>

    </argument1>
    <argument2>
      <mathtemplate type="and">
      <argument1>
          <mathtemplate type="equal">
        <argument1>
      <fact soid="dist"/>
        </argument1>
        <argument2>
      <factvalue type="integer" value="15"/>
        </argument2>
      </mathtemplate>

      </argument1>
      <argument2>
          <mathtemplate type="parenthesis">
        <argument>
              <mathtemplate type="or">
          <argument1>
                  <mathtemplate type="equal">
            <argument1>
          <fact soid="maxheight"/>
            </argument1>
            <argument2>
          <factvalue type="integer" value="100"/>
            </argument2>
          </mathtemplate>

          </argument1>
          <argument2>
                  <mathtemplate type="or">
            <argument1>
                      <mathtemplate type="equal">
              <argument1>
            <fact soid="maxheight"/>
              </argument1>
              <argument2>
            <factvalue type="integer" value="25"/>
              </argument2>
            </mathtemplate>

            </argument1>
            <argument2>
                      <mathtemplate type="equal">
              <argument1>
            <fact soid="maxheight"/>
              </argument1>
              <argument2>
            <factvalue type="integer" value="50"/>
              </argument2>
            </mathtemplate>

            </argument2>
          </mathtemplate>

          </argument2>
        </mathtemplate>

        </argument>
      </mathtemplate>

      </argument2>
    </mathtemplate>

    </argument2>
  </mathtemplate>

  </argument2>
</mathtemplate>

</condition>
<actions>
<question soid="TREES bld 3 ht 15"/>
<halt/>
</actions>
</rule>

<rule soid="buildingcheck-5">
<ruledefinition definition=""/>
<condition>
<mathtemplate type="and">
  <argument1>
<fact soid="buildingcheck"/>
  </argument1>
  <argument2>
  <mathtemplate type="and">
    <argument1>
      <mathtemplate type="equal">
      <argument1>
    <fact soid="bld"/>
      </argument1>
      <argument2>
    <factvalue type="integer" value="2"/>
      </argument2>
    </mathtemplate>

    </argument1>
    <argument2>
      <mathtemplate type="and">
      <argument1>
          <mathtemplate type="equal">
        <argument1>
      <fact soid="dist"/>
        </argument1>
        <argument2>
      <factvalue type="integer" value="20"/>
        </argument2>
      </mathtemplate>

      </argument1>
      <argument2>
          <mathtemplate type="parenthesis">
        <argument>
              <mathtemplate type="or">
          <argument1>
                  <mathtemplate type="equal">
            <argument1>
          <fact soid="maxheight"/>
            </argument1>
            <argument2>
          <factvalue type="integer" value="100"/>
            </argument2>
          </mathtemplate>

          </argument1>
          <argument2>
                  <mathtemplate type="or">
            <argument1>
                      <mathtemplate type="equal">
              <argument1>
            <fact soid="maxheight"/>
              </argument1>
              <argument2>
            <factvalue type="integer" value="25"/>
              </argument2>
            </mathtemplate>

            </argument1>
            <argument2>
                      <mathtemplate type="equal">
              <argument1>
            <fact soid="maxheight"/>
              </argument1>
              <argument2>
            <factvalue type="integer" value="50"/>
              </argument2>
            </mathtemplate>

            </argument2>
          </mathtemplate>

          </argument2>
        </mathtemplate>

        </argument>
      </mathtemplate>

      </argument2>
    </mathtemplate>

    </argument2>
  </mathtemplate>

  </argument2>
</mathtemplate>

</condition>
<actions>
<question soid="TREES bld 2 ht 20"/>
<halt/>
</actions>
</rule>

<rule soid="buildingcheck-6">
<ruledefinition definition=""/>
<condition>
<mathtemplate type="and">
  <argument1>
<fact soid="buildingcheck"/>
  </argument1>
  <argument2>
  <mathtemplate type="and">
    <argument1>
      <mathtemplate type="equal">
      <argument1>
    <fact soid="bld"/>
      </argument1>
      <argument2>
    <factvalue type="integer" value="3"/>
      </argument2>
    </mathtemplate>

    </argument1>
    <argument2>
      <mathtemplate type="and">
      <argument1>
          <mathtemplate type="equal">
        <argument1>
      <fact soid="dist"/>
        </argument1>
        <argument2>
      <factvalue type="integer" value="20"/>
        </argument2>
      </mathtemplate>

      </argument1>
      <argument2>
          <mathtemplate type="parenthesis">
        <argument>
              <mathtemplate type="or">
          <argument1>
                  <mathtemplate type="equal">
            <argument1>
          <fact soid="maxheight"/>
            </argument1>
            <argument2>
          <factvalue type="integer" value="100"/>
            </argument2>
          </mathtemplate>

          </argument1>
          <argument2>
                  <mathtemplate type="or">
            <argument1>
                      <mathtemplate type="equal">
              <argument1>
            <fact soid="maxheight"/>
              </argument1>
              <argument2>
            <factvalue type="integer" value="25"/>
              </argument2>
            </mathtemplate>

            </argument1>
            <argument2>
                      <mathtemplate type="equal">
              <argument1>
            <fact soid="maxheight"/>
              </argument1>
              <argument2>
            <factvalue type="integer" value="50"/>
              </argument2>
            </mathtemplate>

            </argument2>
          </mathtemplate>

          </argument2>
        </mathtemplate>

        </argument>
      </mathtemplate>

      </argument2>
    </mathtemplate>

    </argument2>
  </mathtemplate>

  </argument2>
</mathtemplate>

</condition>
<actions>
<question soid="TREES bld 3 ht 20"/>
<halt/>
</actions>
</rule>

<rule soid="buildingcheck-7">
<ruledefinition definition=""/>
<condition>
<mathtemplate type="and">
  <argument1>
<fact soid="buildingcheck"/>
  </argument1>
  <argument2>
  <mathtemplate type="and">
    <argument1>
      <mathtemplate type="equal">
      <argument1>
    <fact soid="dist"/>
      </argument1>
      <argument2>
    <factvalue type="integer" value="30"/>
      </argument2>
    </mathtemplate>

    </argument1>
    <argument2>
      <mathtemplate type="parenthesis">
      <argument>
          <mathtemplate type="or">
        <argument1>
              <mathtemplate type="equal">
          <argument1>
        <fact soid="maxheight"/>
          </argument1>
          <argument2>
        <factvalue type="integer" value="100"/>
          </argument2>
        </mathtemplate>

        </argument1>
        <argument2>
              <mathtemplate type="or">
          <argument1>
                  <mathtemplate type="equal">
            <argument1>
          <fact soid="maxheight"/>
            </argument1>
            <argument2>
          <factvalue type="integer" value="25"/>
            </argument2>
          </mathtemplate>

          </argument1>
          <argument2>
                  <mathtemplate type="equal">
            <argument1>
          <fact soid="maxheight"/>
            </argument1>
            <argument2>
          <factvalue type="integer" value="50"/>
            </argument2>
          </mathtemplate>

          </argument2>
        </mathtemplate>

        </argument2>
      </mathtemplate>

      </argument>
    </mathtemplate>

    </argument2>
  </mathtemplate>

  </argument2>
</mathtemplate>

</condition>
<actions>
<question soid="TREES building height 30"/>
<halt/>
</actions>
</rule>

<rule soid="buildcheck-story-trainover-1">
<ruledefinition definition=""/>
<condition>
<mathtemplate type="and">
  <argument1>
<fact soid="buildingcheck"/>
  </argument1>
  <argument2>
  <mathtemplate type="and">
    <argument1>
      <mathtemplate type="parenthesis">
      <argument>
          <mathtemplate type="or">
        <argument1>
              <mathtemplate type="equal">
          <argument1>
        <fact soid="height"/>
          </argument1>
          <argument2>
        <factvalue type="integer" value="25"/>
          </argument2>
        </mathtemplate>

        </argument1>
        <argument2>
              <mathtemplate type="or">
          <argument1>
                  <mathtemplate type="equal">
            <argument1>
          <fact soid="height"/>
            </argument1>
            <argument2>
          <factvalue type="integer" value="50"/>
            </argument2>
          </mathtemplate>

          </argument1>
          <argument2>
                  <mathtemplate type="or">
            <argument1>
                      <mathtemplate type="equal">
              <argument1>
            <fact soid="height"/>
              </argument1>
              <argument2>
            <factvalue type="integer" value="75"/>
              </argument2>
            </mathtemplate>

            </argument1>
            <argument2>
                      <mathtemplate type="or">
              <argument1>
                          <mathtemplate type="equal">
                <argument1>
              <fact soid="height"/>
                </argument1>
                <argument2>
              <factvalue type="string" value="{1=25only}"/>
                </argument2>
              </mathtemplate>

              </argument1>
              <argument2>
                          <mathtemplate type="equal">
                <argument1>
              <fact soid="height"/>
                </argument1>
                <argument2>
              <factvalue type="string" value="{1=50only}"/>
                </argument2>
              </mathtemplate>

              </argument2>
            </mathtemplate>

            </argument2>
          </mathtemplate>

          </argument2>
        </mathtemplate>

        </argument2>
      </mathtemplate>

      </argument>
    </mathtemplate>

    </argument1>
    <argument2>
      <mathtemplate type="and">
      <argument1>
          <mathtemplate type="equal">
        <argument1>
      <fact soid="bld"/>
        </argument1>
        <argument2>
      <factvalue type="integer" value="2"/>
        </argument2>
      </mathtemplate>

      </argument1>
      <argument2>
          <mathtemplate type="and">
        <argument1>
              <mathtemplate type="equal">
          <argument1>
        <fact soid="dist"/>
          </argument1>
          <argument2>
        <factvalue type="integer" value="10"/>
          </argument2>
        </mathtemplate>

        </argument1>
        <argument2>
              <mathtemplate type="parenthesis">
          <argument>
                  <mathtemplate type="and">
            <argument1>
                      <mathtemplate type="notequal">
              <argument1>
            <fact soid="height"/>
              </argument1>
              <argument2>
            <factvalue type="integer" value="10"/>
              </argument2>
            </mathtemplate>

            </argument1>
            <argument2>
                      <mathtemplate type="notequal">
              <argument1>
            <fact soid="height"/>
              </argument1>
              <argument2>
            <factvalue type="integer" value="15"/>
              </argument2>
            </mathtemplate>

            </argument2>
          </mathtemplate>

          </argument>
        </mathtemplate>

        </argument2>
      </mathtemplate>

      </argument2>
    </mathtemplate>

    </argument2>
  </mathtemplate>

  </argument2>
</mathtemplate>

</condition>
<actions>
<report soid="TREES RT ANYTREE"/>
<question soid="TREES question 14"/>
<halt/>
</actions>
</rule>

</rules>
