<rules moduleSOID="TREES Playing tennis rule rule">
<rule soid="play-tennis">
<ruledefinition definition="If the weather is sunny and the tennis court is empty, then you can play tennis today."/>
<condition>
<mathtemplate type="equal">
  <argument1>
  <mathtemplate type="equal">
    <argument1>
    </argument1>
    <argument2>
    </argument2>
  </mathtemplate>

  </argument1>
  <argument2>
  </argument2>
</mathtemplate>

</condition>
<actions>
<assert fact="play Yes"/>
<halt/>
</actions>
</rule>

<rule soid="do-not-play-tennis">
<ruledefinition definition="If, either the weather is not sunny or the court is not empty, then do not play tennis today"/>
<condition>
<mathtemplate type="equal">
  <argument1>
  </argument1>
  <argument2>
  </argument2>
</mathtemplate>

</condition>
<actions>
<report soid="TREES LANDGOOD"/>
<halt/>
</actions>
</rule>

</rules>
