<rules moduleSOID="TREES Reclamation rules rule">
<rule SOID="gas-soil-clay-cap">
<ruledefinition definition=""/>
<condition>
<mathtemplate type="and">
  <argument1>
  <mathtemplate type="equal">
    <argument1>
  <fact SOID="bio-gas"/>
    </argument1>
    <argument2>
  <factvalue type="string" value="{1=Y}"/>
    </argument2>
  </mathtemplate>

  </argument1>
  <argument2>
  <mathtemplate type="and">
    <argument1>
      <mathtemplate type="equal">
      <argument1>
    <fact SOID="soil-cover"/>
      </argument1>
      <argument2>
    <factvalue type="integer" value="2"/>
      </argument2>
    </mathtemplate>

    </argument1>
    <argument2>
      <mathtemplate type="parenthesis">
      <argument>
          <mathtemplate type="or">
        <argument1>
              <mathtemplate type="equal">
          <argument1>
        <fact SOID="clay-cap"/>
          </argument1>
          <argument2>
        <factvalue type="string" value="{1=N}"/>
          </argument2>
        </mathtemplate>

        </argument1>
        <argument2>
              <mathtemplate type="equal">
          <argument1>
        <fact SOID="clay-cap"/>
          </argument1>
          <argument2>
        <factvalue type="string" value="{1=Y}"/>
          </argument2>
        </mathtemplate>

        </argument2>
      </mathtemplate>

      </argument>
    </mathtemplate>

    </argument2>
  </mathtemplate>

  </argument2>
</mathtemplate>

</condition>
<actions>
<report soid="TREES RT LANDCOV"/>
<assert fact="uses RC"/>
<assert fact="height 10"/>
<assert fact="height 15"/>
<assert fact="soil DR"/>
<assert fact="check-irri "/>
<assert fact="maxcheck 15"/>
</actions>
</rule>

<rule SOID="gas-soil-clay-cap-2">
<ruledefinition definition=""/>
<condition>
<mathtemplate type="and">
  <argument1>
  <mathtemplate type="equal">
    <argument1>
  <fact SOID="bio-gas"/>
    </argument1>
    <argument2>
  <factvalue type="string" value="{1=N}"/>
    </argument2>
  </mathtemplate>

  </argument1>
  <argument2>
  <mathtemplate type="and">
    <argument1>
      <mathtemplate type="equal">
      <argument1>
    <fact SOID="soil-cover"/>
      </argument1>
      <argument2>
    <factvalue type="integer" value="2"/>
      </argument2>
    </mathtemplate>

    </argument1>
    <argument2>
      <mathtemplate type="equal">
      <argument1>
    <fact SOID="clay-cap"/>
      </argument1>
      <argument2>
    <factvalue type="string" value="{1=N}"/>
      </argument2>
    </mathtemplate>

    </argument2>
  </mathtemplate>

  </argument2>
</mathtemplate>

</condition>
<actions>
<report soid="TREES RT LANDNOP"/>
<assert fact="uses RC"/>
<assert fact="soil DR"/>
<assert fact="soil TW"/>
<assert fact="height 10"/>
<assert fact="height 15"/>
<assert fact="check-irri "/>
<assert fact="maxcheck 15"/>
</actions>
</rule>

<rule SOID="gas-soil-clay-cap-3">
<ruledefinition definition=""/>
<condition>
<mathtemplate type="and">
  <argument1>
  <mathtemplate type="equal">
    <argument1>
  <fact SOID="bio-gas"/>
    </argument1>
    <argument2>
  <factvalue type="string" value="{1=N}"/>
    </argument2>
  </mathtemplate>

  </argument1>
  <argument2>
  <mathtemplate type="and">
    <argument1>
      <mathtemplate type="equal">
      <argument1>
    <fact SOID="soil-cover"/>
      </argument1>
      <argument2>
    <factvalue type="integer" value="2"/>
      </argument2>
    </mathtemplate>

    </argument1>
    <argument2>
      <mathtemplate type="equal">
      <argument1>
    <fact SOID="clay-cap"/>
      </argument1>
      <argument2>
    <factvalue type="string" value="{1=Y}"/>
      </argument2>
    </mathtemplate>

    </argument2>
  </mathtemplate>

  </argument2>
</mathtemplate>

</condition>
<actions>
<report soid="TREES RT LANDCAP"/>
<assert fact="uses RC"/>
<assert fact="height 10"/>
<assert fact="height 15"/>
<assert fact="soil DR"/>
<assert fact="check-irri "/>
<assert fact="maxcheck 15"/>
</actions>
</rule>

<rule SOID="gas-soil-clay-cap-4">
<ruledefinition definition=""/>
<condition>
<mathtemplate type="and">
  <argument1>
  <mathtemplate type="equal">
    <argument1>
  <fact SOID="bio-gas"/>
    </argument1>
    <argument2>
  <factvalue type="string" value="{1=Y}"/>
    </argument2>
  </mathtemplate>

  </argument1>
  <argument2>
  <mathtemplate type="and">
    <argument1>
      <mathtemplate type="equal">
      <argument1>
    <fact SOID="soil-cover"/>
      </argument1>
      <argument2>
    <factvalue type="integer" value="4"/>
      </argument2>
    </mathtemplate>

    </argument1>
    <argument2>
      <mathtemplate type="parenthesis">
      <argument>
          <mathtemplate type="or">
        <argument1>
              <mathtemplate type="equal">
          <argument1>
        <fact SOID="clay-cap"/>
          </argument1>
          <argument2>
        <factvalue type="string" value="{1=N}"/>
          </argument2>
        </mathtemplate>

        </argument1>
        <argument2>
              <mathtemplate type="equal">
          <argument1>
        <fact SOID="clay-cap"/>
          </argument1>
          <argument2>
        <factvalue type="string" value="{1=Y}"/>
          </argument2>
        </mathtemplate>

        </argument2>
      </mathtemplate>

      </argument>
    </mathtemplate>

    </argument2>
  </mathtemplate>

  </argument2>
</mathtemplate>

</condition>
<actions>
<report soid="TREES RT LANDMEDCOV"/>
<assert fact="uses RC"/>
<assert fact="height 10"/>
<assert fact="height 15"/>
<assert fact="height 25"/>
<assert fact="soil DR"/>
<assert fact="soil MD"/>
<assert fact="density O"/>
<assert fact="density M"/>
<assert fact="check-irri "/>
<assert fact="maxcheck 25"/>
</actions>
</rule>

<rule SOID="gas-soil-clay-cap-5">
<ruledefinition definition=""/>
<condition>
<mathtemplate type="and">
  <argument1>
  <mathtemplate type="equal">
    <argument1>
  <fact SOID="bio-gas"/>
    </argument1>
    <argument2>
  <factvalue type="string" value="{1=N}"/>
    </argument2>
  </mathtemplate>

  </argument1>
  <argument2>
  <mathtemplate type="and">
    <argument1>
      <mathtemplate type="equal">
      <argument1>
    <fact SOID="soil-cover"/>
      </argument1>
      <argument2>
    <factvalue type="integer" value="4"/>
      </argument2>
    </mathtemplate>

    </argument1>
    <argument2>
      <mathtemplate type="equal">
      <argument1>
    <fact SOID="clay-cap"/>
      </argument1>
      <argument2>
    <factvalue type="string" value="{1=N}"/>
      </argument2>
    </mathtemplate>

    </argument2>
  </mathtemplate>

  </argument2>
</mathtemplate>

</condition>
<actions>
<report soid="TREES RT LANDTHNOP"/>
<assert fact="density O"/>
<assert fact="density M"/>
<assert fact="uses RC"/>
<assert fact="soil TW"/>
<assert fact="soil DR"/>
<assert fact="height 10"/>
<assert fact="height 15"/>
<assert fact="height 25"/>
<assert fact="check-irri "/>
<assert fact="maxcheck 25"/>
</actions>
</rule>

<rule SOID="gas-soil-clay-cap-6">
<ruledefinition definition=""/>
<condition>
<mathtemplate type="and">
  <argument1>
  <mathtemplate type="equal">
    <argument1>
  <fact SOID="bio-gas"/>
    </argument1>
    <argument2>
  <factvalue type="string" value="{1=N}"/>
    </argument2>
  </mathtemplate>

  </argument1>
  <argument2>
  <mathtemplate type="and">
    <argument1>
      <mathtemplate type="equal">
      <argument1>
    <fact SOID="soil-cover"/>
      </argument1>
      <argument2>
    <factvalue type="integer" value="4"/>
      </argument2>
    </mathtemplate>

    </argument1>
    <argument2>
      <mathtemplate type="equal">
      <argument1>
    <fact SOID="clay-cap"/>
      </argument1>
      <argument2>
    <factvalue type="string" value="{1=Y}"/>
      </argument2>
    </mathtemplate>

    </argument2>
  </mathtemplate>

  </argument2>
</mathtemplate>

</condition>
<actions>
<report soid="TREES RT LANDMEDCAP"/>
<assert fact="uses RC"/>
<assert fact="height 10"/>
<assert fact="height 15"/>
<assert fact="height 25"/>
<assert fact="soil DR"/>
<assert fact="soil MD"/>
<assert fact="density O"/>
<assert fact="density M"/>
<assert fact="check-irri "/>
<assert fact="maxcheck 25"/>
</actions>
</rule>

<rule SOID="gas-soil-clay-cap-7">
<ruledefinition definition=""/>
<condition>
<mathtemplate type="and">
  <argument1>
  <mathtemplate type="equal">
    <argument1>
  <fact SOID="bio-gas"/>
    </argument1>
    <argument2>
  <factvalue type="string" value="{1=Y}"/>
    </argument2>
  </mathtemplate>

  </argument1>
  <argument2>
  <mathtemplate type="and">
    <argument1>
      <mathtemplate type="equal">
      <argument1>
    <fact SOID="soil-cover"/>
      </argument1>
      <argument2>
    <factvalue type="integer" value="5"/>
      </argument2>
    </mathtemplate>

    </argument1>
    <argument2>
      <mathtemplate type="parenthesis">
      <argument>
          <mathtemplate type="or">
        <argument1>
              <mathtemplate type="equal">
          <argument1>
        <fact SOID="clay-cap"/>
          </argument1>
          <argument2>
        <factvalue type="string" value="{1=N}"/>
          </argument2>
        </mathtemplate>

        </argument1>
        <argument2>
              <mathtemplate type="equal">
          <argument1>
        <fact SOID="clay-cap"/>
          </argument1>
          <argument2>
        <factvalue type="string" value="{1=Y}"/>
          </argument2>
        </mathtemplate>

        </argument2>
      </mathtemplate>

      </argument>
    </mathtemplate>

    </argument2>
  </mathtemplate>

  </argument2>
</mathtemplate>

</condition>
<actions>
<report soid="TREES RT LANDGOOD"/>
<assert fact="uses RC"/>
<assert fact="height 10"/>
<assert fact="height 15"/>
<assert fact="height 25"/>
<assert fact="height 50"/>
<assert fact="soil MD"/>
<assert fact="soil DR"/>
<assert fact="check-irri "/>
<assert fact="maxcheck 50"/>
</actions>
</rule>

<rule SOID="gas-soil-clay-cap-8">
<ruledefinition definition=""/>
<condition>
<mathtemplate type="and">
  <argument1>
  <mathtemplate type="equal">
    <argument1>
  <fact SOID="bio-gas"/>
    </argument1>
    <argument2>
  <factvalue type="string" value="{1=N}"/>
    </argument2>
  </mathtemplate>

  </argument1>
  <argument2>
  <mathtemplate type="and">
    <argument1>
      <mathtemplate type="equal">
      <argument1>
    <fact SOID="soil-cover"/>
      </argument1>
      <argument2>
    <factvalue type="integer" value="5"/>
      </argument2>
    </mathtemplate>

    </argument1>
    <argument2>
      <mathtemplate type="equal">
      <argument1>
    <fact SOID="clay-cap"/>
      </argument1>
      <argument2>
    <factvalue type="string" value="{1=N}"/>
      </argument2>
    </mathtemplate>

    </argument2>
  </mathtemplate>

  </argument2>
</mathtemplate>

</condition>
<actions>
<report soid="TREES RT LANDTHCOV"/>
<assert fact="uses RC"/>
<assert fact="soil TW"/>
<assert fact="soil DR"/>
<assert fact="soil MD"/>
<assert fact="height 10"/>
<assert fact="height 15"/>
<assert fact="height 25"/>
<assert fact="check-irri "/>
<assert fact="maxcheck 25"/>
</actions>
</rule>

<rule SOID="gas-soil-clay-cap-9">
<ruledefinition definition=""/>
<condition>
<mathtemplate type="and">
  <argument1>
  <mathtemplate type="equal">
    <argument1>
  <fact SOID="bio-gas"/>
    </argument1>
    <argument2>
  <factvalue type="string" value="{1=N}"/>
    </argument2>
  </mathtemplate>

  </argument1>
  <argument2>
  <mathtemplate type="and">
    <argument1>
      <mathtemplate type="equal">
      <argument1>
    <fact SOID="soil-cover"/>
      </argument1>
      <argument2>
    <factvalue type="integer" value="5"/>
      </argument2>
    </mathtemplate>

    </argument1>
    <argument2>
      <mathtemplate type="equal">
      <argument1>
    <fact SOID="clay-cap"/>
      </argument1>
      <argument2>
    <factvalue type="string" value="{1=Y}"/>
      </argument2>
    </mathtemplate>

    </argument2>
  </mathtemplate>

  </argument2>
</mathtemplate>

</condition>
<actions>
<report soid="TREES RT LANDTHCAP"/>
<assert fact="uses RC"/>
<assert fact="height 10"/>
<assert fact="height 15"/>
<assert fact="height 25"/>
<assert fact="soil DR"/>
<assert fact="soil MD"/>
<assert fact="density O"/>
<assert fact="density M"/>
<assert fact="check-irri "/>
<assert fact="maxcheck 25"/>
</actions>
</rule>

<rule SOID="check-for-irri">
<ruledefinition definition=""/>
<condition>
<mathtemplate type="and">
  <argument1>
<fact SOID="check-irri"/>
  </argument1>
  <argument2>
  <mathtemplate type="parenthesis">
    <argument>
      <mathtemplate type="or">
      <argument1>
          <mathtemplate type="equal">
        <argument1>
      <fact SOID="irri"/>
        </argument1>
        <argument2>
      <factvalue type="string" value="{1=I}"/>
        </argument2>
      </mathtemplate>

      </argument1>
      <argument2>
          <mathtemplate type="equal">
        <argument1>
      <fact SOID="irri"/>
        </argument1>
        <argument2>
      <factvalue type="string" value="{1=O}"/>
        </argument2>
      </mathtemplate>

      </argument2>
    </mathtemplate>

    </argument>
  </mathtemplate>

  </argument2>
</mathtemplate>

</condition>
<actions>
<retract fact="uses RC"/>
</actions>
</rule>

</rules>
