<rules moduleSOID="TREES Wire check rules rule">
<rule soid="wire-25-2">
<ruledefinition definition=""/>
<condition>
<mathtemplate type="and">
  <argument1>
<fact soid="wire-25"/>
  </argument1>
  <argument2>
  <mathtemplate type="parenthesis">
    <argument>
      <mathtemplate type="greaterthan">
      <argument1>
    <fact soid="maxheight"/>
      </argument1>
      <argument2>
    <factvalue type="integer" value="15"/>
      </argument2>
    </mathtemplate>

    </argument>
  </mathtemplate>

  </argument2>
</mathtemplate>

</condition>
<actions>
<question soid="TREES wire 25"/>
<halt/>
</actions>
</rule>

<rule soid="wire-25-dc-2">
<ruledefinition definition=""/>
<condition>
<mathtemplate type="and">
  <argument1>
<fact soid="wire-25-dc"/>
  </argument1>
  <argument2>
  <mathtemplate type="parenthesis">
    <argument>
      <mathtemplate type="greaterthan">
      <argument1>
    <fact soid="maxheight"/>
      </argument1>
      <argument2>
    <factvalue type="integer" value="15"/>
      </argument2>
    </mathtemplate>

    </argument>
  </mathtemplate>

  </argument2>
</mathtemplate>

</condition>
<actions>
<question soid="TREES wire 25 dc"/>
<halt/>
</actions>
</rule>

<rule soid="wire-25-1">
<ruledefinition definition=""/>
<condition>
<mathtemplate type="and">
  <argument1>
<fact soid="wire-25"/>
  </argument1>
  <argument2>
  <mathtemplate type="parenthesis">
    <argument>
      <mathtemplate type="lessthan">
      <argument1>
    <fact soid="maxheight"/>
      </argument1>
      <argument2>
    <factvalue type="integer" value="25"/>
      </argument2>
    </mathtemplate>

    </argument>
  </mathtemplate>

  </argument2>
</mathtemplate>

</condition>
<actions>
<question soid="TREES question 9"/>
<halt/>
</actions>
</rule>

<rule soid="wire-25-dc-1">
<ruledefinition definition=""/>
<condition>
<mathtemplate type="and">
  <argument1>
<fact soid="wire-25-dc"/>
  </argument1>
  <argument2>
  <mathtemplate type="parenthesis">
    <argument>
      <mathtemplate type="lessthan">
      <argument1>
    <fact soid="maxheight"/>
      </argument1>
      <argument2>
    <factvalue type="integer" value="25"/>
      </argument2>
    </mathtemplate>

    </argument>
  </mathtemplate>

  </argument2>
</mathtemplate>

</condition>
<actions>
<question soid="TREES question 9"/>
<halt/>
</actions>
</rule>

</rules>
