<rules moduleSOID="TREES Parking lot rules rule">
<rule soid="island-size-rule-3">
<ruledefinition definition="if 100 sqft island and drainage is well drained or exceedingly well drained then display message and ask question wdexwd200"/>
<condition>
<mathtemplate type="and">
  <argument1>
  <mathtemplate type="parenthesis">
    <argument>
      <mathtemplate type="equal">
      <argument1>
    <fact soid="island-size"/>
      </argument1>
      <argument2>
    <factvalue type="integer" value="100"/>
      </argument2>
    </mathtemplate>

    </argument>
  </mathtemplate>

  </argument1>
  <argument2>
  <mathtemplate type="parenthesis">
    <argument>
      <mathtemplate type="or">
      <argument1>
          <mathtemplate type="equal">
        <argument1>
      <fact soid="drain"/>
        </argument1>
        <argument2>
      <factvalue type="string" value="{1=WD}"/>
        </argument2>
      </mathtemplate>

      </argument1>
      <argument2>
          <mathtemplate type="equal">
        <argument1>
      <fact soid="drain"/>
        </argument1>
        <argument2>
      <factvalue type="string" value="{1=EXWD}"/>
        </argument2>
      </mathtemplate>

      </argument2>
    </mathtemplate>

    </argument>
  </mathtemplate>

  </argument2>
</mathtemplate>

</condition>
<actions>
<message soid="TREES MS SMISLAND WDSOIL"/>
<question soid="TREES wdexwd200"/>
<halt/>
</actions>
</rule>

<rule soid="island-size-rule-5">
<ruledefinition definition="if 300 sqft island and drainage is high water table and density is loose then show the message and ask question TREES ohwtls400"/>
<condition>
<mathtemplate type="and">
  <argument1>
  <mathtemplate type="parenthesis">
    <argument>
      <mathtemplate type="equal">
      <argument1>
    <fact soid="island-size"/>
      </argument1>
      <argument2>
    <factvalue type="integer" value="200"/>
      </argument2>
    </mathtemplate>

    </argument>
  </mathtemplate>

  </argument1>
  <argument2>
  <mathtemplate type="and">
    <argument1>
      <mathtemplate type="parenthesis">
      <argument>
          <mathtemplate type="equal">
        <argument1>
      <fact soid="drain"/>
        </argument1>
        <argument2>
      <factvalue type="string" value="{1=HWT}"/>
        </argument2>
      </mathtemplate>

      </argument>
    </mathtemplate>

    </argument1>
    <argument2>
      <mathtemplate type="parenthesis">
      <argument>
          <mathtemplate type="equal">
        <argument1>
      <fact soid="density"/>
        </argument1>
        <argument2>
      <factvalue type="string" value="{1=LOOSE}"/>
        </argument2>
      </mathtemplate>

      </argument>
    </mathtemplate>

    </argument2>
  </mathtemplate>

  </argument2>
</mathtemplate>

</condition>
<actions>
<message soid="TREES MS SMISLAND HWTNCP"/>
<question soid="TREES ohwtls400"/>
<halt/>
</actions>
</rule>

<rule soid="island-size-rule-6">
<ruledefinition definition="if 200 sqft island and drainage is well drained or exceedingly well drained then display message and goto question TREES wdexwd400"/>
<condition>
<mathtemplate type="and">
  <argument1>
  <mathtemplate type="parenthesis">
    <argument>
      <mathtemplate type="equal">
      <argument1>
    <fact soid="island-size"/>
      </argument1>
      <argument2>
    <factvalue type="integer" value="200"/>
      </argument2>
    </mathtemplate>

    </argument>
  </mathtemplate>

  </argument1>
  <argument2>
  <mathtemplate type="parenthesis">
    <argument>
      <mathtemplate type="or">
      <argument1>
          <mathtemplate type="equal">
        <argument1>
      <fact soid="drain"/>
        </argument1>
        <argument2>
      <factvalue type="string" value="{1=WD}"/>
        </argument2>
      </mathtemplate>

      </argument1>
      <argument2>
          <mathtemplate type="equal">
        <argument1>
      <fact soid="drain"/>
        </argument1>
        <argument2>
      <factvalue type="string" value="{1=EXWD}"/>
        </argument2>
      </mathtemplate>

      </argument2>
    </mathtemplate>

    </argument>
  </mathtemplate>

  </argument2>
</mathtemplate>

</condition>
<actions>
<message soid="TREES MS SMISLAND WDSOIL"/>
<question soid="TREES wdexwd400"/>
<halt/>
</actions>
</rule>

<rule soid="island-size-rule-8">
<ruledefinition definition="if 300 sqft island and drainage is high water table and density is loose, then put some facts on the list, generate reports and ask the next question (TREES question 3) "/>
<condition>
<mathtemplate type="and">
  <argument1>
  <mathtemplate type="parenthesis">
    <argument>
      <mathtemplate type="equal">
      <argument1>
    <fact soid="island-size"/>
      </argument1>
      <argument2>
    <factvalue type="integer" value="300"/>
      </argument2>
    </mathtemplate>

    </argument>
  </mathtemplate>

  </argument1>
  <argument2>
  <mathtemplate type="and">
    <argument1>
      <mathtemplate type="parenthesis">
      <argument>
          <mathtemplate type="equal">
        <argument1>
      <fact soid="drain"/>
        </argument1>
        <argument2>
      <factvalue type="string" value="{1=HWT}"/>
        </argument2>
      </mathtemplate>

      </argument>
    </mathtemplate>

    </argument1>
    <argument2>
      <mathtemplate type="parenthesis">
      <argument>
          <mathtemplate type="equal">
        <argument1>
      <fact soid="density"/>
        </argument1>
        <argument2>
      <factvalue type="string" value="{1=LOOSE}"/>
        </argument2>
      </mathtemplate>

      </argument>
    </mathtemplate>

    </argument2>
  </mathtemplate>

  </argument2>
</mathtemplate>

</condition>
<actions>
<assert fact="roots N"/>
<assert fact="uses SK"/>
<assert fact="uses MK"/>
<assert fact="uses LK"/>
<report soid="TREES RT SMISLAND HWTNCP"/>
<report soid="TREES RT MEDROOTBAR"/>
<question soid="TREES question 3"/>
<halt/>
</actions>
</rule>

<rule soid="island-size-rule-9">
<ruledefinition definition="if 300 sqft island and drainage is well drained or exceedingly well drained then assert facts, generate report and ask the next question(TREES question 3)"/>
<condition>
<mathtemplate type="and">
  <argument1>
  <mathtemplate type="parenthesis">
    <argument>
      <mathtemplate type="equal">
      <argument1>
    <fact soid="island-size"/>
      </argument1>
      <argument2>
    <factvalue type="integer" value="300"/>
      </argument2>
    </mathtemplate>

    </argument>
  </mathtemplate>

  </argument1>
  <argument2>
  <mathtemplate type="parenthesis">
    <argument>
      <mathtemplate type="or">
      <argument1>
          <mathtemplate type="parenthesis">
        <argument>
              <mathtemplate type="equal">
          <argument1>
        <fact soid="drain"/>
          </argument1>
          <argument2>
        <factvalue type="string" value="{1=WD}"/>
          </argument2>
        </mathtemplate>

        </argument>
      </mathtemplate>

      </argument1>
      <argument2>
          <mathtemplate type="parenthesis">
        <argument>
              <mathtemplate type="equal">
          <argument1>
        <fact soid="drain"/>
          </argument1>
          <argument2>
        <factvalue type="string" value="{1=EXWD}"/>
          </argument2>
        </mathtemplate>

        </argument>
      </mathtemplate>

      </argument2>
    </mathtemplate>

    </argument>
  </mathtemplate>

  </argument2>
</mathtemplate>

</condition>
<actions>
<assert fact="roots N"/>
<assert fact="uses SK"/>
<assert fact="uses MK"/>
<assert fact="uses LK"/>
<report soid="TREES RT LGROOTBAR WDSOIL"/>
<question soid="TREES question 3"/>
<halt/>
</actions>
</rule>

<rule soid="island-size-rule-1">
<ruledefinition definition="if 100 sqft island and drainage is high water table and density is compacted then display message and ask, question TREES ohwtcmp200 "/>
<condition>
<mathtemplate type="and">
  <argument1>
  <mathtemplate type="parenthesis">
    <argument>
      <mathtemplate type="equal">
      <argument1>
    <fact soid="island-size"/>
      </argument1>
      <argument2>
    <factvalue type="integer" value="100"/>
      </argument2>
    </mathtemplate>

    </argument>
  </mathtemplate>

  </argument1>
  <argument2>
  <mathtemplate type="and">
    <argument1>
      <mathtemplate type="parenthesis">
      <argument>
          <mathtemplate type="equal">
        <argument1>
      <fact soid="drain"/>
        </argument1>
        <argument2>
      <factvalue type="string" value="{1=HWT}"/>
        </argument2>
      </mathtemplate>

      </argument>
    </mathtemplate>

    </argument1>
    <argument2>
      <mathtemplate type="parenthesis">
      <argument>
          <mathtemplate type="equal">
        <argument1>
      <fact soid="density"/>
        </argument1>
        <argument2>
      <factvalue type="string" value="{1=COMPACTED}"/>
        </argument2>
      </mathtemplate>

      </argument>
    </mathtemplate>

    </argument2>
  </mathtemplate>

  </argument2>
</mathtemplate>

</condition>
<actions>
<message soid="TREES MS SMISLAND HWTCP"/>
<question soid="TREES ohwtcmp200"/>
<halt/>
</actions>
</rule>

<rule soid="island-size-rule-2">
<ruledefinition definition="if 100 sqft island and drainage is high water table and density is loose then display message and ask, question TREES ohwtls200 "/>
<condition>
<mathtemplate type="and">
  <argument1>
  <mathtemplate type="parenthesis">
    <argument>
      <mathtemplate type="equal">
      <argument1>
    <fact soid="island-size"/>
      </argument1>
      <argument2>
    <factvalue type="integer" value="100"/>
      </argument2>
    </mathtemplate>

    </argument>
  </mathtemplate>

  </argument1>
  <argument2>
  <mathtemplate type="and">
    <argument1>
      <mathtemplate type="parenthesis">
      <argument>
          <mathtemplate type="equal">
        <argument1>
      <fact soid="drain"/>
        </argument1>
        <argument2>
      <factvalue type="string" value="{1=HWT}"/>
        </argument2>
      </mathtemplate>

      </argument>
    </mathtemplate>

    </argument1>
    <argument2>
      <mathtemplate type="parenthesis">
      <argument>
          <mathtemplate type="equal">
        <argument1>
      <fact soid="density"/>
        </argument1>
        <argument2>
      <factvalue type="string" value="{1=LOOSE}"/>
        </argument2>
      </mathtemplate>

      </argument>
    </mathtemplate>

    </argument2>
  </mathtemplate>

  </argument2>
</mathtemplate>

</condition>
<actions>
<message soid="TREES MS SMISLAND HWTNCP"/>
<question soid="TREES ohwtls200"/>
<halt/>
</actions>
</rule>

<rule soid="island-size-rule-4">
<ruledefinition definition=""/>
<condition>
<mathtemplate type="and">
  <argument1>
  <mathtemplate type="equal">
    <argument1>
  <fact soid="island-size"/>
    </argument1>
    <argument2>
  <factvalue type="integer" value="200"/>
    </argument2>
  </mathtemplate>

  </argument1>
  <argument2>
  <mathtemplate type="and">
    <argument1>
      <mathtemplate type="equal">
      <argument1>
    <fact soid="drain"/>
      </argument1>
      <argument2>
    <factvalue type="string" value="{1=HWT}"/>
      </argument2>
    </mathtemplate>

    </argument1>
    <argument2>
      <mathtemplate type="equal">
      <argument1>
    <fact soid="density"/>
      </argument1>
      <argument2>
    <factvalue type="string" value="{1=COMPACTED}"/>
      </argument2>
    </mathtemplate>

    </argument2>
  </mathtemplate>

  </argument2>
</mathtemplate>

</condition>
<actions>
<assert fact="uses SK"/>
<assert fact="uses MK"/>
<report soid="TREES RT MEDISLAND HWTCP"/>
<report soid="TREES RT MEDPK"/>
<question soid="TREES question 3"/>
<halt/>
</actions>
</rule>

<rule soid="island-size-rule-7">
<ruledefinition definition="if 300 sqft island and drainage is high water table and density is compacted then put facts on the list, generate a report and ask the next question (question TREES question 3)"/>
<condition>
<mathtemplate type="and">
  <argument1>
  <mathtemplate type="equal">
    <argument1>
  <fact soid="island-size"/>
    </argument1>
    <argument2>
  <factvalue type="integer" value="300"/>
    </argument2>
  </mathtemplate>

  </argument1>
  <argument2>
  <mathtemplate type="and">
    <argument1>
      <mathtemplate type="equal">
      <argument1>
    <fact soid="drain"/>
      </argument1>
      <argument2>
    <factvalue type="string" value="{1=HWT}"/>
      </argument2>
    </mathtemplate>

    </argument1>
    <argument2>
      <mathtemplate type="equal">
      <argument1>
    <fact soid="density"/>
      </argument1>
      <argument2>
    <factvalue type="string" value="{1=COMPACTED}"/>
      </argument2>
    </mathtemplate>

    </argument2>
  </mathtemplate>

  </argument2>
</mathtemplate>

</condition>
<actions>
<assert fact="uses SK"/>
<assert fact="uses MK"/>
<report soid="TREES RT LGISLAND HWTCP"/>
<question soid="TREES question 3"/>
<halt/>
</actions>
</rule>

</rules>
