<rules moduleSOID="TREES Water rules rule">
<rule SOID="not-clay-and-well-drained-3">
<ruledefinition definition="If the soil is well drained or extremely well drained and it is not compacted, ask the water table loose question only if the soil type is LOAM or SAND"/>
<condition>
<mathtemplate type="and">
  <argument1>
  <mathtemplate type="parenthesis">
    <argument>
      <mathtemplate type="or">
      <argument1>
          <mathtemplate type="equal">
        <argument1>
      <fact SOID="soil"/>
        </argument1>
        <argument2>
      <factvalue type="string" value="{1=LO}"/>
        </argument2>
      </mathtemplate>

      </argument1>
      <argument2>
          <mathtemplate type="equal">
        <argument1>
      <fact SOID="soil"/>
        </argument1>
        <argument2>
      <factvalue type="string" value="{1=SA}"/>
        </argument2>
      </mathtemplate>

      </argument2>
    </mathtemplate>

    </argument>
  </mathtemplate>

  </argument1>
  <argument2>
  <mathtemplate type="and">
    <argument1>
      <mathtemplate type="parenthesis">
      <argument>
          <mathtemplate type="or">
        <argument1>
              <mathtemplate type="equal">
          <argument1>
        <fact SOID="drain"/>
          </argument1>
          <argument2>
        <factvalue type="string" value="{1=WD}"/>
          </argument2>
        </mathtemplate>

        </argument1>
        <argument2>
              <mathtemplate type="equal">
          <argument1>
        <fact SOID="drain"/>
          </argument1>
          <argument2>
        <factvalue type="string" value="{1=EXWD}"/>
          </argument2>
        </mathtemplate>

        </argument2>
      </mathtemplate>

      </argument>
    </mathtemplate>

    </argument1>
    <argument2>
      <mathtemplate type="parenthesis">
      <argument>
          <mathtemplate type="equal">
        <argument1>
      <fact SOID="density"/>
        </argument1>
        <argument2>
      <factvalue type="string" value="{1=LOOSE}"/>
        </argument2>
      </mathtemplate>

      </argument>
    </mathtemplate>

    </argument2>
  </mathtemplate>

  </argument2>
</mathtemplate>

</condition>
<actions>
<question soid="TREES water table loose"/>
</actions>
</rule>

<rule SOID="clay-and-well-drained-2">
<ruledefinition definition=""/>
<condition>
<mathtemplate type="and">
  <argument1>
  <mathtemplate type="parenthesis">
    <argument>
      <mathtemplate type="equal">
      <argument1>
    <fact SOID="soil"/>
      </argument1>
      <argument2>
    <factvalue type="string" value="{1=CL}"/>
      </argument2>
    </mathtemplate>

    </argument>
  </mathtemplate>

  </argument1>
  <argument2>
  <mathtemplate type="and">
    <argument1>
      <mathtemplate type="parenthesis">
      <argument>
          <mathtemplate type="or">
        <argument1>
              <mathtemplate type="equal">
          <argument1>
        <fact SOID="drain"/>
          </argument1>
          <argument2>
        <factvalue type="string" value="{1=WD}"/>
          </argument2>
        </mathtemplate>

        </argument1>
        <argument2>
              <mathtemplate type="equal">
          <argument1>
        <fact SOID="drain"/>
          </argument1>
          <argument2>
        <factvalue type="string" value="{1=EXWD}"/>
          </argument2>
        </mathtemplate>

        </argument2>
      </mathtemplate>

      </argument>
    </mathtemplate>

    </argument1>
    <argument2>
      <mathtemplate type="parenthesis">
      <argument>
          <mathtemplate type="equal">
        <argument1>
      <fact SOID="density"/>
        </argument1>
        <argument2>
      <factvalue type="string" value="{1=LOOSE}"/>
        </argument2>
      </mathtemplate>

      </argument>
    </mathtemplate>

    </argument2>
  </mathtemplate>

  </argument2>
</mathtemplate>

</condition>
<actions>
<question soid="TREES water irrigation"/>
</actions>
</rule>

</rules>
