<rules moduleSOID="TREES Mincheck rules rule">
<rule SOID="mincheck-10-2">
<ruledefinition definition=""/>
<condition>
<mathtemplate type="and">
  <argument1>
<fact SOID="mincheck"/>
  </argument1>
  <argument2>
  <mathtemplate type="and">
    <argument1>
      <mathtemplate type="notequal">
      <argument1>
    <fact SOID="minheight"/>
      </argument1>
      <argument2>
    <factvalue type="integer" value="10"/>
      </argument2>
    </mathtemplate>

    </argument1>
    <argument2>
      <mathtemplate type="equal">
      <argument1>
    <fact SOID="height"/>
      </argument1>
      <argument2>
    <factvalue type="integer" value="10"/>
      </argument2>
    </mathtemplate>

    </argument2>
  </mathtemplate>

  </argument2>
</mathtemplate>

</condition>
<actions>
<retract fact="mincheck "/>
</actions>
</rule>

<rule SOID="mincheck-10-1">
<ruledefinition definition=""/>
<condition>
<mathtemplate type="and">
  <argument1>
<fact SOID="mincheck"/>
  </argument1>
  <argument2>
  <mathtemplate type="and">
    <argument1>
      <mathtemplate type="equal">
      <argument1>
    <fact SOID="minheight"/>
      </argument1>
      <argument2>
    <factvalue type="integer" value="10"/>
      </argument2>
    </mathtemplate>

    </argument1>
    <argument2>
      <mathtemplate type="equal">
      <argument1>
    <fact SOID="height"/>
      </argument1>
      <argument2>
    <factvalue type="integer" value="10"/>
      </argument2>
    </mathtemplate>

    </argument2>
  </mathtemplate>

  </argument2>
</mathtemplate>

</condition>
<actions>
<retract fact="mincheck "/>
<retract fact="height 10"/>
</actions>
</rule>

</rules>
