<?xml version="1.0" encoding="UTF-8" standalone="no"?><tree>
  <foliage>
    <shape>needle-like (filiform)</shape>
    <summercolor>green</summercolor>
    <spiny>no</spiny>
    <type>simple</type>
    <arrangement>spiral</arrangement>
    <bladelength>less than 2 inches</bladelength>
    <venation>parallel</venation>
    <fallcharacteristics>not showy</fallcharacteristics>
    <margin>entire</margin>
    <fallcolor>no color change</fallcolor>
    <persistence>evergreen</persistence>
  </foliage>
  <pestresistance>sensitive to pests/diseases</pestresistance>
  <lifespan>more than 50 years</lifespan>
  <culturetolerances>
    <saltspraytolerance>unknown</saltspraytolerance>
    <soilphtolerance>acidic, slightly alkaline</soilphtolerance>
    <lightrequirements>partial sun or partial shade, full sun</lightrequirements>
    <soilsalttolerance>unknown</soilsalttolerance>
    <droughttolerance>moderate</droughttolerance>
    <soildrainagetolerance>well-drained, occasionally wet</soildrainagetolerance>
    <soiltexturetolerance>sand, loam</soiltexturetolerance>
  </culturetolerances>
  <flower>
    <season>flowers in spring</season>
    <color>red</color>
    <fragrance>no</fragrance>
    <showiness>not showy</showiness>
  </flower>
  <diseases/>
  <planttype>tree</planttype>
  <use>screen, specimen</use>
  <usdahardinesszone>2A-7A</usdahardinesszone>
  <nativeorigin>
    <nativestate>Arizona, Colorado, New Mexico, Utah</nativestate>
    <nativetonorthamerica>yes</nativetonorthamerica>
    <recommendedfordryclimates>yes</recommendedfordryclimates>
    <nativefloridacounty>Not Native to Florida</nativefloridacounty>
  </nativeorigin>
  <size>
    <height>50 to 75 feet</height>
    <maturespread>15 to 25 feet</maturespread>
    <maintainableheight>not suitable for clipping</maintainableheight>
    <matureheight>50 to 75 feet</matureheight>
    <spread>15 to 25 feet</spread>
  </size>
  <factsheet/>
  <trunkandbranches>
    <currentyeartwigcolor>unknown</currentyeartwigcolor>
    <numberoftrunks>typically one trunk</numberoftrunks>
    <pruningrequirement>little required</pruningrequirement>
    <showiness>showy</showiness>
    <currentyeartwigthickness>medium</currentyeartwigthickness>
    <trunkandbranchbreakage>resistant</trunkandbranchbreakage>
    <woodspecificgravity>unknown</woodspecificgravity>
    <branchdrooping>branches don't droop</branchdrooping>
    <crownshaft>not applicable</crownshaft>
    <barkthickness>thick</barkthickness>
    <thorns>no</thorns>
  </trunkandbranches>
  <pests/>
  <fruit>
    <composition>dry or hard</composition>
    <attractiontowildlife>little</attractiontowildlife>
    <edible>no</edible>
    <shape>cone, elongated</shape>
    <showiness>not showy</showiness>
    <length>unknown</length>
    <persistant>no</persistant>
    <litter>fruit/leaves not a litter problem</litter>
    <color>brown</color>
  </fruit>
  <name>
    <listingname>Corkbark Fir</listingname>
    <family>Pinaceae</family>
    <pronunciation>A-bees lahz-ee-oh-CAR-puh</pronunciation>
    <species>lasiocarpa</species>
    <genus>Abies</genus>
    <cultivar>ssp. arizonica</cultivar>
    <commonname>Corkbark Fir</commonname>
  </name>
  <photographs>
  </photographs>
  <crowncanopy>
    <texture>medium</texture>
    <density>dense</density>
    <shape>pyramidal</shape>
    <uniformity>symmetrical</uniformity>
  </crowncanopy>
  <other>
    <verticilliumwilt>unknown</verticilliumwilt>
    <outstandingtree>yes</outstandingtree>
    <winterinterest>yes</winterinterest>
    <invasivepotential>native to North America</invasivepotential>
    <surfacerooting>unknown</surfacerooting>
    <availability>somewhat available</availability>
    <ozonesensitivity>unknown</ozonesensitivity>
  </other>
  <descriptivetext>&lt;p align="left"&gt;

Alpine Fir grows over a wide area in the western US at high elevations from New Mexico to Alaska and is generally not suited for the eastern US. It is a major component of the Rocky Mountain forests along with Picea engelmannii. Trees are distinctly very narrow at the top. Needles are very short in the range of one inch long and are often pointed upward.&lt;/p&gt;&lt;p align="left"&gt;

&lt;/p&gt;&lt;p align="left"&gt;

It is native to cool, moist climates but has been grown successfully near Chicago with plenty of soil space around the tree for root expansion. It tolerates snow loads well. Trees in the forest can grow to more than 80 feet tall. Firs like an organic soil or organic matter incorporated into the potential root zone. Irrigate them in times of drought. Allow for good drainage or plants will decline.  This plant is considered mostly allergy free and causes little or no allergy problems in most people.&lt;/p&gt;</descriptivetext>
  <growthrate>slow</growthrate>
</tree>