<?xml version="1.0" encoding="UTF-8" standalone="no"?><tree>
  <foliage>
    <shape>needle-like (filiform)</shape>
    <summercolor>green</summercolor>
    <spiny>no</spiny>
    <type>simple</type>
    <arrangement>spiral</arrangement>
    <bladelength>less than 2 inches</bladelength>
    <venation>parallel</venation>
    <fallcharacteristics>not showy</fallcharacteristics>
    <margin>entire</margin>
    <fallcolor>no color change</fallcolor>
    <persistence>evergreen, needled evergreen</persistence>
  </foliage>
  <rangemap>Range Map RM5B8B</rangemap>
  <pestresistance>free of serious pests and diseases</pestresistance>
  <lifespan>more than 50 years</lifespan>
  <culturetolerances>
    <saltspraytolerance>unknown</saltspraytolerance>
    <soilphtolerance>acidic</soilphtolerance>
    <lightrequirements>full sun</lightrequirements>
    <soilsalttolerance>unknown</soilsalttolerance>
    <droughttolerance>high</droughttolerance>
    <soildrainagetolerance>well-drained</soildrainagetolerance>
    <soiltexturetolerance>clay, sand, loam</soiltexturetolerance>
  </culturetolerances>
  <flower>
    <season>flowers in spring</season>
    <color>unknown</color>
    <fragrance>no</fragrance>
    <showiness>not showy</showiness>
  </flower>
  <planttype>tree</planttype>
  <factsheet>ST003</factsheet>
  <use>Christmas tree, highway median, specimen, screen, bonsai, recommended</use>
  <usdahardinesszone>5B-8B</usdahardinesszone>
  <nativeorigin>
    <nativetonorthamerica>no</nativetonorthamerica>
    <recommendedfordryclimates>no</recommendedfordryclimates>
    <nativefloridacounty>Not Native to Florida</nativefloridacounty>
  </nativeorigin>
  <size>
    <height>15 to 25 feet</height>
    <maturespread>10 to 15 feet</maturespread>
    <maintainableheight>not suitable for clipping</maintainableheight>
    <matureheight>20 to 30 feet</matureheight>
    <spread>10 to 15 feet</spread>
  </size>
  <pestsanddiseases>&lt;p align="center"&gt;&lt;b&gt;&lt;u&gt;Pests and Diseases&lt;/u&gt;&lt;/b&gt;&lt;/p&gt;&lt;p align="left"&gt;

There are no reports of serious pest problems, although the tree has not been grown much or extensively tested in the east. &lt;/p&gt;</pestsanddiseases>
  <trunkandbranches>
    <currentyeartwigcolor>green</currentyeartwigcolor>
    <numberoftrunks>typically one trunk</numberoftrunks>
    <pruningrequirement>little required</pruningrequirement>
    <showiness>not showy</showiness>
    <currentyeartwigthickness>medium, thick</currentyeartwigthickness>
    <trunkandbranchbreakage>resistant</trunkandbranchbreakage>
    <woodspecificgravity>unknown</woodspecificgravity>
    <branchdrooping>branches droop</branchdrooping>
    <crownshaft>not applicable</crownshaft>
    <barkthickness>thick</barkthickness>
    <thorns>no</thorns>
  </trunkandbranches>
  <fruit>
    <composition>dry or hard</composition>
    <attractiontowildlife>little</attractiontowildlife>
    <edible>no</edible>
    <shape>cone, elongated</shape>
    <showiness>not showy</showiness>
    <length>3 to 6 inches</length>
    <persistant>yes</persistant>
    <litter>fruit/leaves not a litter problem</litter>
    <color>brown</color>
  </fruit>
  <name>
    <listingname>Japanese Fir, Fir, Japanese</listingname>
    <family>Pinaceae</family>
    <pronunciation>AY-beez  FEER-muh</pronunciation>
    <species>firma</species>
    <genus>Abies</genus>
    <commonname>Japanese Fir</commonname>
  </name>
  <photographs>
    <spring>11739825</spring>
    <entireplant>10146852</entireplant>
    <other>3748602</other>
    <foliage>7727610</foliage>
    <trunk>16630267</trunk>
  </photographs>
  <crowncanopy>
    <texture>fine</texture>
    <density>dense</density>
    <shape>pyramidal</shape>
    <uniformity>symmetrical</uniformity>
  </crowncanopy>
  <other>
    <verticilliumwilt>resistant</verticilliumwilt>
    <outstandingtree>yes</outstandingtree>
    <winterinterest>no</winterinterest>
    <invasivepotential>not assessed or incomplete data</invasivepotential>
    <surfacerooting>not a problem</surfacerooting>
    <availability>rarely available</availability>
    <ozonesensitivity>unknown</ozonesensitivity>
  </other>
  <descriptivetext>&lt;p align="center"&gt;&lt;b&gt;&lt;em&gt;Abies firma &lt;/em&gt;Japanese Fir &lt;/b&gt;&lt;/p&gt;&lt;p align="left"&gt;

Japanese Fir has a similar form to White Fir, but has stiffer, medium to dark green needles and may grow taller.  It probably grows 20 feet in 30-years.  The trunk grows straight up the center of the tree and the crown maintains a soft, tight, pyramidal shape without pruning.  Branches are held upright on young trees but give way to a more horizontal form as the tree grows older.  The tree looks best with lower branches left on the tree so they sweep the ground.  Growth is very slow in the seedling stage and after transplanting, but once established the tree will grow about 12 inches per year.   &lt;/p&gt;&lt;p align="left"&gt;

It is used as a Christmas tree in the western United States, and should be tried in the east as a landscape plant and Christmas tree.  Although rare in the nursery trade, Japanese Fir is a beautiful plant making an outstanding specimen which should be grown and planted more often.  It can be seen in a number of arboreta in the southern part of the country.  Use it to create a slow-growing screen planted on 10 foot centers, or as a specimen. &lt;/p&gt;&lt;p align="left"&gt;

Grown best in acid soil in the full sun, Japanese Fir is surprisingly tolerant of heat and drought, even in clay soil but allow for good drainage.  It has not grown well in alkaline soil.  It should be a low-maintenance tree requiring little or no fertilizer or irrigation.  It is probably one of the best (if not the best) firs to grow in the southeast. &lt;/p&gt;&lt;p align="left"&gt;

Propagation is by seed. &lt;/p&gt;</descriptivetext>
  <growthrate>slow</growthrate>
</tree>