<?xml version="1.0" encoding="UTF-8" standalone="no"?><tree>
  <foliage>
    <shape>needle-like (filiform)</shape>
    <summercolor>green</summercolor>
    <spiny>no</spiny>
    <type>simple</type>
    <arrangement>spiral</arrangement>
    <bladelength>less than 2 inches</bladelength>
    <venation>parallel</venation>
    <fallcharacteristics>not showy</fallcharacteristics>
    <margin>entire</margin>
    <fallcolor>no color change</fallcolor>
    <persistence>evergreen, needled evergreen</persistence>
  </foliage>
  <rangemap>Range Map RM5A7A</rangemap>
  <pestresistance>resistant to pests/diseases</pestresistance>
  <lifespan>more than 50 years</lifespan>
  <culturetolerances>
    <saltspraytolerance>none</saltspraytolerance>
    <soilphtolerance>acidic, slightly alkaline</soilphtolerance>
    <lightrequirements>full sun, partial sun or partial shade</lightrequirements>
    <soilsalttolerance>unknown</soilsalttolerance>
    <droughttolerance>high</droughttolerance>
    <soildrainagetolerance>well-drained</soildrainagetolerance>
    <soiltexturetolerance>sand, loam, clay</soiltexturetolerance>
  </culturetolerances>
  <flower>
    <season>unknown</season>
    <color>red</color>
    <fragrance>no</fragrance>
    <showiness>not showy</showiness>
  </flower>
  <diseases>&lt;p align="center"&gt;&lt;b&gt;&lt;u&gt;Diseases&lt;/u&gt;&lt;/b&gt;&lt;/p&gt;&lt;p align="left"&gt;

Diseases include needle and twig blight, pine twig blight and cankers.  Phytophthora can rot roots. &lt;/p&gt;</diseases>
  <planttype>tree</planttype>
  <use>screen, specimen, Christmas tree, recommended</use>
  <usdahardinesszone>5A-7A</usdahardinesszone>
  <nativeorigin>
    <nativetonorthamerica>no</nativetonorthamerica>
    <recommendedfordryclimates>no</recommendedfordryclimates>
    <nativefloridacounty>Not Native to Florida</nativefloridacounty>
  </nativeorigin>
  <size>
    <height>50 to 75 feet</height>
    <maturespread>15 to 20 feet</maturespread>
    <maintainableheight>not suitable for clipping</maintainableheight>
    <matureheight>60 to 80 feet</matureheight>
    <spread>15 to 25 feet</spread>
  </size>
  <trunkandbranches>
    <currentyeartwigcolor>green, brown</currentyeartwigcolor>
    <numberoftrunks>typically one trunk</numberoftrunks>
    <pruningrequirement>little required</pruningrequirement>
    <showiness>not showy</showiness>
    <currentyeartwigthickness>medium</currentyeartwigthickness>
    <trunkandbranchbreakage>resistant</trunkandbranchbreakage>
    <woodspecificgravity>unknown</woodspecificgravity>
    <branchdrooping>branches droop</branchdrooping>
    <crownshaft>not applicable</crownshaft>
    <barkthickness>thick</barkthickness>
    <thorns>no</thorns>
  </trunkandbranches>
  <pests>&lt;p align="center"&gt;&lt;b&gt;&lt;u&gt;Pests&lt;/u&gt;&lt;/b&gt;&lt;/p&gt;&lt;p align="left"&gt;

Insects or diseases rarely cause serious problems.  Some problems include woolly adelgids, the twig aphid, bagworm, scales and spider mites. &lt;/p&gt;</pests>
  <fruit>
    <composition>dry or hard</composition>
    <attractiontowildlife>little</attractiontowildlife>
    <edible>no</edible>
    <shape>cone, elongated</shape>
    <showiness>showy</showiness>
    <length>3 to 6 inches</length>
    <persistant>no</persistant>
    <litter>fruit/leaves not a litter problem</litter>
    <color>brown</color>
  </fruit>
  <name>
    <listingname>Nordmann Fir, Fir, Nordmann</listingname>
    <family>Pinaceae</family>
    <pronunciation>AY-beez  nord-man-ee-AY-nuh</pronunciation>
    <species>nordmanniana</species>
    <genus>Abies</genus>
    <commonname>Nordmann Fir</commonname>
  </name>
  <photographs>
    <spring>16236795</spring>
    <entireplant>5285886</entireplant>
    <other>1332445</other>
    <foliage>4092306</foliage>
  </photographs>
  <crowncanopy>
    <texture>fine</texture>
    <density>dense</density>
    <shape>pyramidal, columnar</shape>
    <uniformity>symmetrical</uniformity>
  </crowncanopy>
  <other>
    <verticilliumwilt>resistant</verticilliumwilt>
    <outstandingtree>yes</outstandingtree>
    <winterinterest>no</winterinterest>
    <invasivepotential>not assessed or incomplete data</invasivepotential>
    <surfacerooting>not a problem</surfacerooting>
    <availability>rarely available</availability>
    <ozonesensitivity>unknown</ozonesensitivity>
  </other>
  <descriptivetext>&lt;p align="center"&gt;&lt;b&gt;&lt;em&gt;Abies nordmanniana &lt;/em&gt;Nordmann Fir &lt;/b&gt;&lt;/p&gt;&lt;p align="left"&gt;

The tree prefers a moist, well-drained loam, but will grow in many soils.  In clay soil, locate the top of the root ball slightly higher than surrounding soil.  It will not tolerate constantly wet soil, but grows nicely in slightly alkaline soil.  It could be tried as a Christmas tree because the canopy is compact.  Shear the shoots in early spring for a more compact growth habit.  Nordmann Fir might be an excellent substitute for the disease-sensitive Colorado Blue Spruce, although the foliage color is dark green.  Its canopy is narrower than the Blue Spruce. &lt;/p&gt;</descriptivetext>
  <growthrate>slow</growthrate>
</tree>