<?xml version="1.0" encoding="UTF-8" standalone="no"?><tree>
  <foliage>
    <shape>needle-like (filiform)</shape>
    <summercolor>green</summercolor>
    <spiny>no</spiny>
    <type>simple</type>
    <arrangement>spiral</arrangement>
    <bladelength>less than 2 inches</bladelength>
    <venation>parallel</venation>
    <fallcharacteristics>not showy</fallcharacteristics>
    <margin>entire</margin>
    <fallcolor>no color change</fallcolor>
    <persistence>evergreen</persistence>
  </foliage>
  <pestresistance>resistant to pests/diseases</pestresistance>
  <lifespan>more than 50 years</lifespan>
  <culturetolerances>
    <saltspraytolerance>unknown</saltspraytolerance>
    <soilphtolerance>slightly alkaline, acidic</soilphtolerance>
    <lightrequirements>partial sun or partial shade, full sun</lightrequirements>
    <soilsalttolerance>unknown</soilsalttolerance>
    <droughttolerance>high</droughttolerance>
    <soildrainagetolerance>occasionally wet, well-drained</soildrainagetolerance>
    <soiltexturetolerance>clay, loam, sand</soiltexturetolerance>
  </culturetolerances>
  <flower>
    <season>flowers in spring</season>
    <color>red</color>
    <fragrance>no</fragrance>
    <showiness>not showy</showiness>
  </flower>
  <diseases/>
  <planttype>tree</planttype>
  <use>screen, Christmas tree, specimen</use>
  <usdahardinesszone>5A-7A</usdahardinesszone>
  <nativeorigin>
    <nativestate>Not Native to Any State</nativestate>
    <nativetonorthamerica>no</nativetonorthamerica>
    <recommendedfordryclimates>no</recommendedfordryclimates>
    <nativefloridacounty>Not Native to Florida</nativefloridacounty>
  </nativeorigin>
  <size>
    <height>50 to 75 feet</height>
    <maturespread>15 to 25 feet</maturespread>
    <maintainableheight>not suitable for clipping</maintainableheight>
    <matureheight>60 to 100 feet</matureheight>
    <spread>15 to 25 feet</spread>
  </size>
  <factsheet/>
  <trunkandbranches>
    <currentyeartwigcolor>green</currentyeartwigcolor>
    <numberoftrunks>typically one trunk</numberoftrunks>
    <pruningrequirement>little required</pruningrequirement>
    <showiness>not showy</showiness>
    <currentyeartwigthickness>medium</currentyeartwigthickness>
    <trunkandbranchbreakage>resistant</trunkandbranchbreakage>
    <woodspecificgravity>unknown</woodspecificgravity>
    <branchdrooping>branches droop</branchdrooping>
    <crownshaft>not applicable</crownshaft>
    <barkthickness>thick</barkthickness>
    <thorns>no</thorns>
  </trunkandbranches>
  <pests/>
  <fruit>
    <composition>dry or hard</composition>
    <attractiontowildlife>little</attractiontowildlife>
    <edible>no</edible>
    <shape>cone, elongated</shape>
    <showiness>not showy</showiness>
    <length>6 to 12 inches</length>
    <persistant>no</persistant>
    <litter>fruit/leaves not a litter problem</litter>
    <color>brown</color>
  </fruit>
  <name>
    <listingname>Cilician Fir</listingname>
    <family>Pinaceae</family>
    <pronunciation>AY-beez sill-LISS-ih-cah</pronunciation>
    <species>cilicica</species>
    <genus>Abies</genus>
    <cultivar/>
    <commonname>Cilician Fir</commonname>
  </name>
  <photographs>
    <foliage>13589328</foliage>
    <entireplant>4884558</entireplant>
  </photographs>
  <crowncanopy>
    <texture>medium</texture>
    <density>dense</density>
    <shape>pyramidal, columnar</shape>
    <uniformity>symmetrical</uniformity>
  </crowncanopy>
  <other>
    <verticilliumwilt>resistant</verticilliumwilt>
    <outstandingtree>no</outstandingtree>
    <winterinterest>no</winterinterest>
    <invasivepotential>not assessed or incomplete data</invasivepotential>
    <surfacerooting>unknown</surfacerooting>
    <availability>somewhat available</availability>
    <ozonesensitivity>unknown</ozonesensitivity>
  </other>
  <descriptivetext>&lt;p align="left"&gt;

This small to medium coniferous tree reaches 35-70 feet in height, has a spread of 15-20 feet, and typically grows with a single trunk.&lt;/p&gt;&lt;p align="left"&gt;

The form of this tree is symmetrical, and though there is no change in autumn foliage, and the bark is not showy, this tree posesses winter interest.&lt;/p&gt;&lt;p align="left"&gt;

Cicilian Fir will provide a moderate amount of shade and does not need protection from wind or erosion. Root expansion is not a factor to be considered when planting.&lt;/p&gt;&lt;p align="left"&gt;

Firs like an organic soil or organic matter incorporated into the potential root zone. Irrigate them in times of drought. Allow for good drainage or plants will decline. This fir appears to resist drought well. This is one of the most drought resistant firs for the eastern US and has grown well in heavy clay soil, but it is little known. This plant is considered mostly allergy free and causes little or no allergy problems in most people.&lt;/p&gt;&lt;p align="left"&gt;

&lt;/p&gt;</descriptivetext>
  <growthrate>slow</growthrate>
</tree>