<?xml version="1.0" encoding="UTF-8" standalone="no"?><tree>
  <foliage>
    <shape>linear</shape>
    <summercolor>green</summercolor>
    <spiny>no</spiny>
    <type>simple</type>
    <arrangement>alternate</arrangement>
    <bladelength>4 to 8 inches</bladelength>
    <venation>parallel</venation>
    <fallcharacteristics>not showy</fallcharacteristics>
    <margin>entire</margin>
    <fallcolor>no color change</fallcolor>
    <persistence>evergreen, broadleaf evergreen</persistence>
  </foliage>
  <rangemap>Range Map RM10A11</rangemap>
  <pestresistance>free of serious pests and diseases</pestresistance>
  <lifespan>less than 25 years</lifespan>
  <culturetolerances>
    <saltspraytolerance>moderate</saltspraytolerance>
    <soilphtolerance>alkaline, acidic</soilphtolerance>
    <lightrequirements>full sun</lightrequirements>
    <soilsalttolerance>unknown</soilsalttolerance>
    <droughttolerance>high</droughttolerance>
    <soildrainagetolerance>occasionally wet, well-drained</soildrainagetolerance>
    <soiltexturetolerance>clay, sand, loam</soiltexturetolerance>
  </culturetolerances>
  <flower>
    <season>flowers in spring</season>
    <color>yellow</color>
    <fragrance>no</fragrance>
    <showiness>showy</showiness>
  </flower>
  <planttype>tree</planttype>
  <factsheet>ST004</factsheet>
  <use>not recommended</use>
  <usdahardinesszone>10A-11</usdahardinesszone>
  <nativeorigin>
    <nativetonorthamerica>no</nativetonorthamerica>
    <recommendedfordryclimates>no</recommendedfordryclimates>
    <nativefloridacounty>Not Native to Florida</nativefloridacounty>
  </nativeorigin>
  <size>
    <height>25 to 50 feet</height>
    <maturespread>25 to 35 feet</maturespread>
    <maintainableheight>not suitable for clipping</maintainableheight>
    <matureheight>35 to 40 feet</matureheight>
    <spread>25 to 35 feet</spread>
  </size>
  <pestsanddiseases>&lt;p align="center"&gt;&lt;b&gt;&lt;u&gt;Pests and Diseases&lt;/u&gt;&lt;/b&gt;&lt;/p&gt;&lt;p align="left"&gt;

No pests or diseases are of major concern.  Occasionally anthracnose infects leaves. &lt;/p&gt;</pestsanddiseases>
  <trunkandbranches>
    <currentyeartwigcolor>green</currentyeartwigcolor>
    <numberoftrunks>typically one trunk</numberoftrunks>
    <pruningrequirement>needed for strong structure</pruningrequirement>
    <showiness>not showy</showiness>
    <currentyeartwigthickness>thin</currentyeartwigthickness>
    <trunkandbranchbreakage>susceptible to breakage</trunkandbranchbreakage>
    <woodspecificgravity>unknown</woodspecificgravity>
    <branchdrooping>branches droop</branchdrooping>
    <crownshaft>not applicable</crownshaft>
    <barkthickness>thick</barkthickness>
    <thorns>no</thorns>
  </trunkandbranches>
  <fruit>
    <composition>dry or hard</composition>
    <attractiontowildlife>little</attractiontowildlife>
    <edible>no</edible>
    <shape>irregular</shape>
    <showiness>showy</showiness>
    <length>1 to 3 inches</length>
    <persistant>yes</persistant>
    <litter>fruit/leaves a litter problem</litter>
    <color>brown</color>
  </fruit>
  <name>
    <listingname>Earleaf Acacia, Acacia, Earleaf</listingname>
    <family>Leguminosae</family>
    <pronunciation>uh-KAY-shuh  ah-rick-yoo-lih-FOR-miss</pronunciation>
    <species>auriculiformis</species>
    <genus>Acacia</genus>
    <commonname>Earleaf Acacia</commonname>
  </name>
  <photographs>
    <spring>4477868</spring>
    <entireplant>6373404</entireplant>
    <flower>293422</flower>
    <foliage>15910192</foliage>
  </photographs>
  <crowncanopy>
    <texture>medium</texture>
    <density>moderate</density>
    <shape>round</shape>
    <uniformity>irregular</uniformity>
  </crowncanopy>
  <other>
    <verticilliumwilt>resistant</verticilliumwilt>
    <outstandingtree>no</outstandingtree>
    <winterinterest>no</winterinterest>
    <invasivepotential>invasive: not recommended</invasivepotential>
    <surfacerooting>not a problem</surfacerooting>
    <availability>somewhat available</availability>
    <ozonesensitivity>unknown</ozonesensitivity>
  </other>
  <descriptivetext>&lt;p align="center"&gt;&lt;b&gt;&lt;em&gt;Acacia auriculiformis &lt;/em&gt;Earleaf Acacia &lt;/b&gt;&lt;/p&gt;&lt;p align="left"&gt;

Quickly reaching a height of 40 feet and a spread of 25 feet, Earleaf Acacia becomes a loose, rounded, evergreen, open shade tree.  It is often planted for its abundance of small, beautiful, bright yellow flowers and fast growth.  The flattened, curved branchlets, which look like leaves, are joined by twisted, brown, ear-shaped seed pods.  Growing 6 to 8 feet per year, Earleaf Acacia quickly grows into a medium-sized shade tree.  This makes it a popular tree.  However, it has brittle wood and weak branch crotches, and the tree can be badly damaged during wind storms.  Prune branches so there is a wide angle of attachment to help them from splitting from the tree.  Also be sure to keep the major branches pruned back so they stay less than half the diameter of the trunk.  These techniques might increase the longevity of existing trees. &lt;/p&gt;&lt;p align="left"&gt;

Seeds also germinate in the landscape and it has escaped cultivation in south Florida where it is becoming a mildly invasive weed in some areas.  However, it is not as invasive as Australian pine or Brazilian pepper and probably will not become so.  For these reasons, many people consider this to be an undesirable tree. &lt;/p&gt;&lt;p align="left"&gt;

Earleaf Acacia grows in full sun on almost any soil including alkaline and is moderately salt-tolerant.  It will withstand periods of water inundation but is also very tolerant of drought. &lt;/p&gt;</descriptivetext>
  <growthrate>fast</growthrate>
</tree>