<?xml version="1.0" encoding="UTF-8" standalone="no"?><tree>
  <foliage>
    <shape>linear</shape>
    <summercolor>green</summercolor>
    <spiny>no</spiny>
    <type>bipinnately compound, even-pinnately compound</type>
    <arrangement>alternate</arrangement>
    <bladelength>less than 2 inches</bladelength>
    <venation>pinnate</venation>
    <fallcharacteristics>not showy</fallcharacteristics>
    <margin>entire</margin>
    <fallcolor>no color change</fallcolor>
    <persistence>semi-evergreen</persistence>
  </foliage>
  <rangemap>Range Map RM9A11</rangemap>
  <pestresistance>free of serious pests and diseases</pestresistance>
  <lifespan>less than 25 years</lifespan>
  <culturetolerances>
    <saltspraytolerance>moderate</saltspraytolerance>
    <soilphtolerance>acidic, alkaline</soilphtolerance>
    <lightrequirements>full sun</lightrequirements>
    <soilsalttolerance>unknown</soilsalttolerance>
    <droughttolerance>high</droughttolerance>
    <soildrainagetolerance>well-drained, occasionally wet</soildrainagetolerance>
    <soiltexturetolerance>clay, sand, loam</soiltexturetolerance>
  </culturetolerances>
  <flower>
    <season>flowers year-round</season>
    <color>yellow</color>
    <fragrance>pleasant</fragrance>
    <showiness>very showy</showiness>
  </flower>
  <planttype>shrub, tree</planttype>
  <factsheet>ST005</factsheet>
  <use>specimen, street without sidewalk, container or planter, reclamation, highway median, bonsai, recommended</use>
  <usdahardinesszone>9A-11</usdahardinesszone>
  <nativeorigin>
    <nativestate>Florida, Arkansas, Texas</nativestate>
    <nativetonorthamerica>yes</nativetonorthamerica>
    <recommendedfordryclimates>yes</recommendedfordryclimates>
    <nativefloridacounty>Bay, Brevard, Broward, Citrus, Collier, Escambia, Franklin, Hendry, Hillsborough, Lee, Manatee, Marion, Monroe Mainland, Monroe Keys, Pinellas, Polk, Sarasota, Volusia</nativefloridacounty>
  </nativeorigin>
  <size>
    <height>15 to 25 feet</height>
    <maturespread>15 to 25 feet</maturespread>
    <maintainableheight>6 to 12 feet, 12 or more feet</maintainableheight>
    <matureheight>15 to 25 feet</matureheight>
    <spread>15 to 25 feet</spread>
  </size>
  <pestsanddiseases>&lt;p align="center"&gt;&lt;b&gt;&lt;u&gt;Pests and Diseases&lt;/u&gt;&lt;/b&gt;&lt;/p&gt;&lt;p align="left"&gt;

No pests or diseases are of major concern.  Occasionally anthracnose can infect leaves. &lt;/p&gt;</pestsanddiseases>
  <trunkandbranches>
    <currentyeartwigcolor>brown</currentyeartwigcolor>
    <numberoftrunks>typically multi-trunked</numberoftrunks>
    <pruningrequirement>needed for strong structure</pruningrequirement>
    <showiness>showy</showiness>
    <currentyeartwigthickness>thin</currentyeartwigthickness>
    <trunkandbranchbreakage>resistant</trunkandbranchbreakage>
    <woodspecificgravity>unknown</woodspecificgravity>
    <branchdrooping>branches droop</branchdrooping>
    <crownshaft>not applicable</crownshaft>
    <barkthickness>thick</barkthickness>
    <thorns>yes</thorns>
  </trunkandbranches>
  <fruit>
    <composition>dry or hard</composition>
    <attractiontowildlife>attracts birds, attracts squirrels/mammals</attractiontowildlife>
    <edible>no</edible>
    <shape>pod or pod-like, elongated</shape>
    <showiness>showy</showiness>
    <length>3 to 6 inches</length>
    <persistant>yes</persistant>
    <litter>fruit/leaves not a litter problem</litter>
    <color>brown, green</color>
  </fruit>
  <name>
    <listingname>Sweet Acacia, Huisache, Acacia, Sweet</listingname>
    <family>Leguminosae</family>
    <pronunciation>uh-KAY-shuh  far-nee-zee-AY-nuh</pronunciation>
    <species>farnesiana</species>
    <genus>Acacia</genus>
    <commonname>Sweet Acacia, Huisache</commonname>
  </name>
  <photographs>
    <foliage>14737441</foliage>
    <trunk>11639947</trunk>
    <flower>4681274</flower>
    <spring>13442562</spring>
    <other>10568821</other>
    <entireplant>3044474</entireplant>
  </photographs>
  <crowncanopy>
    <texture>fine</texture>
    <density>open</density>
    <shape>vase, round, spreading</shape>
    <uniformity>irregular</uniformity>
  </crowncanopy>
  <other>
    <verticilliumwilt>resistant</verticilliumwilt>
    <outstandingtree>no</outstandingtree>
    <winterinterest>no</winterinterest>
    <invasivepotential>native to North America</invasivepotential>
    <surfacerooting>not a problem</surfacerooting>
    <availability>rarely available</availability>
    <ozonesensitivity>unknown</ozonesensitivity>
  </other>
  <descriptivetext>&lt;p align="center"&gt;&lt;b&gt;&lt;em&gt;Acacia farnesiana &lt;/em&gt;Sweet Acacia, Huisache &lt;/b&gt;&lt;/p&gt;&lt;p align="left"&gt;

This tall, semievergreen, native shrub or small tree has feathery, finely divided leaflets of a soft, medium green color.  The slightly rough stems are a rich chocolate brown or grey, possessing long, sharp, multiple thorns.  The small, yellow, puff-like flowers are very fragrant and appear in clusters in late winter then sporadically after each new flush of growth, providing nearly year-round bloom.  The persistent fruits have a glossy coat and contain seeds which are cherished by birds and other wildlife. &lt;/p&gt;&lt;p align="left"&gt;

It can be trained into a tree for use in median strips, or can be used as a street tree where there is not a need for tall-vehicle clearance beneath the crown.  The small stature and low, spreading branching habit makes pruning for vehicular clearance difficult unless it is properly trained from an early age.  But the required input of manhours for early training may be offset by the high drought, pest and insect resistance of the tree.  Do not locate the tree too close to where people can be injured by the sharp thorns on the branches. &lt;/p&gt;&lt;p align="left"&gt;

Although easy to grow in any acid or alkaline soil, including clay, the leaves will drop if the soil is allowed to dry out.  This drought avoidance mechanism allows the plant to grow well with no irrigation once established.  Growing best in full sun, this thorny, well-branched shrub makes an excellent barrier planting or nesting cover for wildlife.  When trained as a small tree and used as a freestanding specimen, it is likely to provide a source for comments, such as "what's that?".  But its growth rate is extremely slow, making it unpopular in the nursery trade but popular with those who care for it in the landscape.  Sweet Acacia has its place in any sunny shrub border or as an accent plant in any garden if located away from areas where children frequent, since the thorns can inflict severe pain.  It is well suited for dry climates with little rainfall. &lt;/p&gt;&lt;p align="left"&gt;

Propagation of Sweet Acacia is by seeds or cuttings. &lt;/p&gt;</descriptivetext>
  <growthrate>slow</growthrate>
</tree>