<?xml version="1.0" encoding="UTF-8" standalone="no"?><tree>
  <diseases>&lt;p align="center"&gt;&lt;b&gt;&lt;u&gt;Diseases&lt;/u&gt;&lt;/b&gt;&lt;/p&gt;&lt;p align="left"&gt;

It is susceptible to Ganoderma rot. &lt;/p&gt;&lt;p align="left"&gt;

`Summershade'  is susceptible to Verticillium wilt.  Symptoms are wilting and death of branches.  Infected sapwood will be stained a dark or olive green but staining can't always be found.  If staining can not be found do not assume the problem is not verticillium wilt.  Severely infected trees probably can't be saved.  Lightly infected trees showing only a few wilted branches may be pulled through.  Fertilize and prune lightly infected trees.  This treatment will not cure the problem but may allow the tree to outgrow the infection.  Girdling roots will cause symptoms which mimic verticillium wilt. &lt;/p&gt;</diseases>
  <planttype>tree</planttype>
  <size>
    <height>50 to 75 feet</height>
    <maturespread>35 to 50 feet</maturespread>
    <maintainableheight>not suitable for clipping</maintainableheight>
    <matureheight>40 to 60 feet</matureheight>
    <spread>35 to 50 feet</spread>
  </size>
  <use>urban tolerant, specimen, screen, shade, street without sidewalk, parking lot island 100-200 sq ft, parking lot island &gt; 200 sq ft, sidewalk cutout (tree pit), tree lawn 4-6 feet wide, tree lawn &gt; 6 ft wide, highway median, bonsai, recommended</use>
  <flower>
    <season>flowers in spring</season>
    <color>green</color>
    <fragrance>no</fragrance>
    <showiness>not showy</showiness>
  </flower>
  <other>
    <verticilliumwilt>susceptible</verticilliumwilt>
    <outstandingtree>yes</outstandingtree>
    <winterinterest>no</winterinterest>
    <invasivepotential>invasive: not recommended</invasivepotential>
    <surfacerooting>can form large surface roots</surfacerooting>
    <availability>somewhat available</availability>
    <ozonesensitivity>unknown</ozonesensitivity>
  </other>
  <fruit>
    <composition>dry or hard</composition>
    <attractiontowildlife>attracts birds</attractiontowildlife>
    <edible>no</edible>
    <shape>elongated</shape>
    <showiness>showy</showiness>
    <length>1 to 3 inches</length>
    <persistant>no</persistant>
    <litter>fruit/leaves not a litter problem</litter>
    <color>brown, green</color>
  </fruit>
  <factsheet>ST038</factsheet>
  <growthrate>fast</growthrate>
  <crowncanopy>
    <texture>coarse</texture>
    <density>dense</density>
    <shape>oval</shape>
    <uniformity>symmetrical</uniformity>
  </crowncanopy>
  <photographs>
    <entireplant>11763086</entireplant>
  </photographs>
  <name>
    <listingname>'Summershade' Norway Maple, Maple, 'Summershade' Norway</listingname>
    <family>Aceraceae</family>
    <pronunciation>AY-ser  plat-uh-NOY-deez</pronunciation>
    <species>platanoides</species>
    <genus>Acer</genus>
    <cultivar>'Summershade'</cultivar>
    <commonname>'Summershade' Norway Maple</commonname>
  </name>
  <trunkandbranches>
    <currentyeartwigcolor>brown</currentyeartwigcolor>
    <numberoftrunks>typically one trunk</numberoftrunks>
    <pruningrequirement>needed for strong structure</pruningrequirement>
    <showiness>not showy</showiness>
    <currentyeartwigthickness>thick</currentyeartwigthickness>
    <trunkandbranchbreakage>resistant</trunkandbranchbreakage>
    <woodspecificgravity>unknown</woodspecificgravity>
    <branchdrooping>branches don't droop</branchdrooping>
    <crownshaft>not applicable</crownshaft>
    <barkthickness>thick</barkthickness>
    <thorns>no</thorns>
  </trunkandbranches>
  <rangemap>Range Map RM4A7A</rangemap>
  <descriptivetext>&lt;p align="center"&gt;&lt;b&gt;&lt;em&gt;Acer platanoides &lt;/em&gt; `Summershade' `Summershade' Norway Maple &lt;/b&gt;&lt;/p&gt;&lt;p align="left"&gt;

`Summershade' Norway Maple in cultivation has a height of 40 to 50 feet but can grow taller.  The oval crown maintains a central leader and fills with greenish-yellow flowers in the spring.  `Summershade' Norway Maple's dense shade and shallow root system compete with lawn grasses, and the shallow roots can make mowing under the tree difficult.  Locate it in a bed with shrubs and groundcovers so the shallow roots will not cause a problem with mowing.   &lt;/p&gt;&lt;p align="left"&gt;

The tree is easily transplanted, grows more quickly than the species, is adapted to a wide variety of soils and has brilliant yellow fall color.  It can also tolerate coastal conditions and is adapted to street tree plantings.  It is tolerant of urban conditions, including alkaline soil, drought and pollution.  Norway Maple can naturalize if located near open areas and roots can heave sidewalks, so locate it at least four to six feet away. &lt;/p&gt;&lt;p align="left"&gt;

`Summershade' is probably the most heat tolerant of the Norway Maples and ranked very high in shade tree trials in Ohio.  Since it leafs out late in the spring it can be transplanted later than other cultivars.  Seedlings germinate readily in the landscape and could become a weed problem in ground cover and shrubbery beds.  Four or five types of birds are known to use seeds as a food source, so it might be best to locate the tree away from a park bench so bird droppings will not soil the bench.  Trunks can crack on the southern or western sides during the winter. &lt;/p&gt;&lt;p align="left"&gt;

A large number of other cultivars are available.  Those having colored summer foliage are: `Crimson King' - oval, 45 feet tall, foliage purple during the summer; `Drummondii' - leaves edged in white; `Schwedleri' -  oval, 45 feet tall, foliage reddish in the spring then becoming green.  Other cultivars are: `Almira' - round headed, mature height of about 20 feet; `Cleveland' - upright growth habit, 50 feet tall; `Columnare' - columnar or upright growth habit, 35 feet tall; `Deborah' - new leaves appear as a deep red;  `Emerald Queen' - crown oval, growth rate faster, 60 feet tall; `Erectum' - upright growth habit; `Globosum' - rounded head, 20 feet tall; `Greenlace' - cutleaf cultivar with rapid growth rate; `Olmstead' - upright growth habit, 45 feet tall;  `Superform' - round, 45 feet tall, may show more resistance to frost cracks. &lt;/p&gt;</descriptivetext>
  <pestresistance>resistant to pests/diseases</pestresistance>
  <foliage>
    <shape>star-shaped</shape>
    <summercolor>green</summercolor>
    <spiny>no</spiny>
    <type>simple</type>
    <arrangement>opposite/subopposite</arrangement>
    <bladelength>4 to 8 inches</bladelength>
    <venation>palmate</venation>
    <fallcharacteristics>showy</fallcharacteristics>
    <margin>lobed, dentate, incised</margin>
    <fallcolor>yellow</fallcolor>
    <persistence>deciduous</persistence>
  </foliage>
  <pests>&lt;p align="center"&gt;&lt;b&gt;&lt;u&gt;Pests&lt;/u&gt;&lt;/b&gt;&lt;/p&gt;&lt;p align="left"&gt;

Aphids infest maples, usually norway maple, and may be numerous at times.  High populations can cause leaf drop.  Another sign of heavy aphid infestation is honey dew on lower leaves and objects beneath the tree.  Aphids are controlled by spraying or they may be left alone.  If not sprayed, predatory insects will usually bring the aphid population under control.   &lt;/p&gt;&lt;p align="left"&gt;

Scales are an occasional problem on maples.  Perhaps the most common is cottony maple scale.  The insect forms a cottony mass on the lower sides of branches.  Scales are usually controlled with horticultural oil sprays.  Scales may also be controlled with well-timed sprays to kill the crawlers.   &lt;/p&gt;&lt;p align="left"&gt;

If borers become a problem it is an indication the tree is not growing well.  Controlling borers involves keeping trees healthy.  Chemical controls of existing infestations are more difficult.  Proper control involves identification of the borer infesting the tree then applying insecticides at the proper time. &lt;/p&gt;</pests>
  <usdahardinesszone>4A-7A</usdahardinesszone>
  <culturetolerances>
    <saltspraytolerance>moderate</saltspraytolerance>
    <soilphtolerance>acidic, alkaline</soilphtolerance>
    <lightrequirements>full sun, partial sun or partial shade</lightrequirements>
    <soilsalttolerance>good</soilsalttolerance>
    <droughttolerance>moderate</droughttolerance>
    <soildrainagetolerance>well-drained</soildrainagetolerance>
    <soiltexturetolerance>sand, loam, clay</soiltexturetolerance>
  </culturetolerances>
  <nativeorigin>
    <nativetonorthamerica>no</nativetonorthamerica>
    <recommendedfordryclimates>no</recommendedfordryclimates>
    <nativefloridacounty>Not Native to Florida</nativefloridacounty>
  </nativeorigin>
  <lifespan>more than 50 years</lifespan>
</tree>