<?xml version="1.0" encoding="UTF-8" standalone="no"?><tree>
  <foliage>
    <shape>ovate</shape>
    <summercolor>green</summercolor>
    <spiny>no</spiny>
    <type>simple</type>
    <arrangement>opposite/subopposite</arrangement>
    <bladelength>2 to 4 inches, 4 to 8 inches</bladelength>
    <venation>pinnate</venation>
    <fallcharacteristics>showy</fallcharacteristics>
    <margin>dentate, lobed, serrate</margin>
    <fallcolor>yellow</fallcolor>
    <persistence>deciduous</persistence>
  </foliage>
  <pestresistance>resistant to pests/diseases</pestresistance>
  <lifespan>unknown</lifespan>
  <culturetolerances>
    <saltspraytolerance>unknown</saltspraytolerance>
    <soilphtolerance>acidic, slightly alkaline, alkaline</soilphtolerance>
    <lightrequirements>full sun, partial sun or partial shade</lightrequirements>
    <soilsalttolerance>moderate</soilsalttolerance>
    <droughttolerance>high</droughttolerance>
    <soildrainagetolerance>well-drained</soildrainagetolerance>
    <soiltexturetolerance>sand, loam, clay</soiltexturetolerance>
  </culturetolerances>
  <flower>
    <season>flowers in spring</season>
    <color>green</color>
    <fragrance>no</fragrance>
    <showiness>not showy</showiness>
  </flower>
  <diseases/>
  <planttype>tree</planttype>
  <use>specimen</use>
  <usdahardinesszone>5A-8A</usdahardinesszone>
  <nativeorigin>
    <nativestate>Not Native to Any State</nativestate>
    <nativetonorthamerica>no</nativetonorthamerica>
    <recommendedfordryclimates>no</recommendedfordryclimates>
    <nativefloridacounty>Not Native to Florida</nativefloridacounty>
  </nativeorigin>
  <size>
    <height>25 to 50 feet</height>
    <maturespread>25 to 35 feet</maturespread>
    <maintainableheight>not suitable for clipping</maintainableheight>
    <matureheight>25 to 50 feet</matureheight>
    <spread>25 to 35 feet</spread>
  </size>
  <factsheet/>
  <trunkandbranches>
    <currentyeartwigcolor>unknown</currentyeartwigcolor>
    <numberoftrunks>typically multi-trunked, can be trained to one trunk</numberoftrunks>
    <pruningrequirement>little required</pruningrequirement>
    <showiness>not showy</showiness>
    <currentyeartwigthickness>thin, medium</currentyeartwigthickness>
    <trunkandbranchbreakage>resistant</trunkandbranchbreakage>
    <woodspecificgravity>unknown</woodspecificgravity>
    <branchdrooping>branches droop</branchdrooping>
    <crownshaft>not applicable</crownshaft>
    <barkthickness>thin bark</barkthickness>
    <thorns>no</thorns>
  </trunkandbranches>
  <pests/>
  <fruit>
    <composition>dry or hard</composition>
    <attractiontowildlife>unknown</attractiontowildlife>
    <edible>unknown</edible>
    <shape>oval</shape>
    <showiness>not showy</showiness>
    <length>unknown</length>
    <persistant>no</persistant>
    <litter>unknown</litter>
    <color>brown, green</color>
  </fruit>
  <name>
    <listingname>Snakebark Maple, Stripebark Maple</listingname>
    <family>Aceraceae</family>
    <pronunciation>AY-ser dah-VID-ee-eye</pronunciation>
    <species>davidii</species>
    <genus>Acer</genus>
    <cultivar/>
    <commonname>Snakebark Maple, Stripebark Maple</commonname>
  </name>
  <photographs>
  </photographs>
  <crowncanopy>
    <texture>coarse</texture>
    <density>dense</density>
    <shape>round</shape>
    <uniformity>symmetrical</uniformity>
  </crowncanopy>
  <other>
    <verticilliumwilt>resistant</verticilliumwilt>
    <outstandingtree>yes</outstandingtree>
    <winterinterest>yes</winterinterest>
    <invasivepotential>not assessed or incomplete data</invasivepotential>
    <surfacerooting>unknown</surfacerooting>
    <availability>somewhat available</availability>
    <ozonesensitivity>unknown</ozonesensitivity>
  </other>
  <descriptivetext>&lt;p align="left"&gt;

This is an untested tree not common in commerce in the US. Bark is striped like striped Maple. The best examples appear to be where there is ample soil space for root expansion in cool climates.&lt;/p&gt;</descriptivetext>
  <growthrate>slow</growthrate>
</tree>