<?xml version="1.0" encoding="UTF-8" standalone="no"?><tree>
  <foliage>
    <shape>star-shaped</shape>
    <summercolor>green</summercolor>
    <spiny>no</spiny>
    <type>simple</type>
    <arrangement>opposite/subopposite</arrangement>
    <bladelength>4 to 8 inches, 2 to 4 inches</bladelength>
    <venation>palmate</venation>
    <fallcharacteristics>showy</fallcharacteristics>
    <margin>entire, lobed</margin>
    <fallcolor>yellow, red, orange</fallcolor>
    <persistence>deciduous</persistence>
  </foliage>
  <rangemap>Range Map RM5B8B</rangemap>
  <pestresistance>free of serious pests and diseases</pestresistance>
  <lifespan>25 to 50 years</lifespan>
  <culturetolerances>
    <saltspraytolerance>unknown</saltspraytolerance>
    <soilphtolerance>acidic, slightly alkaline</soilphtolerance>
    <lightrequirements>full sun, partial sun or partial shade, shade tolerant</lightrequirements>
    <soilsalttolerance>unknown</soilsalttolerance>
    <droughttolerance>high</droughttolerance>
    <soildrainagetolerance>occasionally wet, well-drained</soildrainagetolerance>
    <soiltexturetolerance>clay, sand, loam</soiltexturetolerance>
  </culturetolerances>
  <flower>
    <season>unknown</season>
    <color>yellow, green</color>
    <fragrance>no</fragrance>
    <showiness>not showy</showiness>
  </flower>
  <planttype>tree</planttype>
  <factsheet>ST019</factsheet>
  <use>deck or patio, shade, reclamation, specimen, parking lot island 100-200 sq ft, parking lot island &gt; 200 sq ft, tree lawn 4-6 feet wide, tree lawn &gt; 6 ft wide, highway median, recommended</use>
  <usdahardinesszone>5B-8B</usdahardinesszone>
  <nativeorigin>
    <nativestate>Oklahoma, Texas, Arkansas, Louisiana, Mississippi, Alabama, Florida, Georgia, South Carolina, North Carolina, Tennessee</nativestate>
    <nativetonorthamerica>yes</nativetonorthamerica>
    <recommendedfordryclimates>no</recommendedfordryclimates>
    <nativefloridacounty>Not Native to Florida</nativefloridacounty>
  </nativeorigin>
  <size>
    <height>15 to 25 feet</height>
    <maturespread>15 to 30 feet</maturespread>
    <maintainableheight>not suitable for clipping</maintainableheight>
    <matureheight>25 to 30 feet</matureheight>
    <spread>15 to 25 feet</spread>
  </size>
  <pestsanddiseases>&lt;p align="center"&gt;&lt;b&gt;&lt;u&gt;Pests and Diseases&lt;/u&gt;&lt;/b&gt;&lt;/p&gt;&lt;p align="left"&gt;

No pests or diseases are of major concern. &lt;/p&gt;</pestsanddiseases>
  <trunkandbranches>
    <currentyeartwigcolor>brown</currentyeartwigcolor>
    <numberoftrunks>typically multi-trunked, can be trained to one trunk</numberoftrunks>
    <pruningrequirement>needed for strong structure</pruningrequirement>
    <showiness>showy</showiness>
    <currentyeartwigthickness>medium</currentyeartwigthickness>
    <trunkandbranchbreakage>resistant</trunkandbranchbreakage>
    <woodspecificgravity>unknown</woodspecificgravity>
    <branchdrooping>branches don't droop</branchdrooping>
    <crownshaft>not applicable</crownshaft>
    <barkthickness>thin bark</barkthickness>
    <thorns>no</thorns>
  </trunkandbranches>
  <fruit>
    <composition>dry or hard</composition>
    <attractiontowildlife>little</attractiontowildlife>
    <edible>no</edible>
    <shape>elongated</shape>
    <showiness>not showy</showiness>
    <length>1 to 3 inches</length>
    <persistant>no</persistant>
    <litter>fruit/leaves not a litter problem</litter>
    <color>unknown</color>
  </fruit>
  <name>
    <listingname>Chalk Maple, Whitebark Maple, Maple, Chalk, Maple, Whitebark</listingname>
    <family>Aceraceae</family>
    <pronunciation>AY-ser  loo-koe-DER-mee</pronunciation>
    <species>leucoderme</species>
    <genus>Acer</genus>
    <commonname>Chalk Maple, Whitebark Maple</commonname>
  </name>
  <photographs>
    <entireplant>4180600</entireplant>
    <fall>11258264</fall>
    <foliage>16191510</foliage>
  </photographs>
  <crowncanopy>
    <texture>medium</texture>
    <density>dense</density>
    <shape>oval</shape>
    <uniformity>symmetrical</uniformity>
  </crowncanopy>
  <other>
    <verticilliumwilt>susceptible</verticilliumwilt>
    <outstandingtree>no</outstandingtree>
    <winterinterest>yes</winterinterest>
    <invasivepotential>native to North America</invasivepotential>
    <surfacerooting>not a problem</surfacerooting>
    <availability>rarely available</availability>
    <ozonesensitivity>unknown</ozonesensitivity>
  </other>
  <descriptivetext>&lt;p align="center"&gt;&lt;b&gt;&lt;em&gt;Acer leucoderme &lt;/em&gt;Chalk Maple, Whitebark Maple &lt;/b&gt;&lt;/p&gt;&lt;p align="left"&gt;

This 25 to 30-foot-tall native North American tree is reportedly quite similar to  &lt;em&gt;Acer barbatum &lt;/em&gt; or Florida Maple and is often seen with multiple trunks.  The chalky white or light gray bark is quite attractive, with the bark on older trees becoming ridged and blackened near the ground.  The two to three-inch-diameter, lobed leaves, with fuzzy undersides, give a spectacular display in the fall months, ranging from shimmering yellow to vivid orange and deep red. &lt;/p&gt;&lt;p align="left"&gt;

The striking white bark makes this Maple well suited for planting as a specimen displayed against a dark background.  A row of these Maples planted along a dark glass building wall or other dark structure would get people's attention.  Surprisingly underused, this small Maple is well suited for a variety of sites, including residences. &lt;/p&gt;&lt;p align="left"&gt;

Chalk Maple grows well in full sun, partial shade, or deep shade, and has a high tolerance for dry soils.  The tree is quite popular in the midwest in areas with alkaline soil pH. &lt;/p&gt;</descriptivetext>
  <growthrate>slow</growthrate>
</tree>