<?xml version="1.0" encoding="UTF-8" standalone="no"?><tree>
  <foliage>
    <shape>star-shaped</shape>
    <summercolor>green</summercolor>
    <spiny>no</spiny>
    <type>simple</type>
    <arrangement>opposite/subopposite</arrangement>
    <bladelength>2 to 4 inches</bladelength>
    <venation>palmate</venation>
    <fallcharacteristics>showy</fallcharacteristics>
    <margin>lobed, incised, serrate</margin>
    <fallcolor>red, yellow</fallcolor>
    <persistence>deciduous</persistence>
  </foliage>
  <rangemap>Range Map RM4A8B</rangemap>
  <pestresistance>resistant to pests/diseases</pestresistance>
  <lifespan>more than 50 years</lifespan>
  <culturetolerances>
    <saltspraytolerance>low</saltspraytolerance>
    <soilphtolerance>acidic</soilphtolerance>
    <lightrequirements>full sun, partial sun or partial shade</lightrequirements>
    <soilsalttolerance>poor</soilsalttolerance>
    <droughttolerance>moderate</droughttolerance>
    <soildrainagetolerance>well-drained, extended flooding</soildrainagetolerance>
    <soiltexturetolerance>sand, loam, clay</soiltexturetolerance>
  </culturetolerances>
  <flower>
    <season>flowers in spring, flowers in winter</season>
    <color>red</color>
    <fragrance>no</fragrance>
    <showiness>showy</showiness>
  </flower>
  <diseases>&lt;p align="center"&gt;&lt;b&gt;&lt;u&gt;Diseases&lt;/u&gt;&lt;/b&gt;&lt;/p&gt;&lt;p align="left"&gt;

Verticillium wilt symptoms are wilting and death of branches.  Infected sapwood will be stained a dark or olive green but staining can't always be found.  If staining can not be found do not assume the problem is not verticillium wilt.  Severely infected trees probably can't be saved.  Lightly infected trees showing only a few wilted branches may be pulled through.  Fertilize and prune lightly infected trees.  This treatment will not cure the problem but may allow the tree to outgrow the infection.  Girdling roots will cause symptoms which mimic verticillium wilt. &lt;/p&gt;&lt;p align="left"&gt;

Scorch may occur during periods of high temperatures accompanied by wind.  Trees with diseased or inadequate root systems will also show scorching.  When trees do not get enough water they scorch.  Scorch symptoms are light brown or tan dead areas between leaf veins.  The symptoms are on all parts of the tree or only on the side exposed to sun and wind.  Scorching due to dry soil may be overcome by watering.  If scorching is due to an inadequate or diseased root system, watering may have no effect. &lt;/p&gt;&lt;p align="left"&gt;

Nutrient deficiency symptoms are yellow or yellowish-green leaves with darker green veins.  The most commonly deficient nutrient on maple is manganese.  Implanting capsules containing a manganese source in the trunk will alleviate the symptoms.  Test soil samples to determine if the soil pH is too high for best manganese availability.  Plants exposed to weed killers may also show similar symptoms. &lt;/p&gt;&lt;p align="left"&gt;

Tar spot and a variety of leaf spots cause some concern among homeowners but are rarely serious enough for control. &lt;/p&gt;</diseases>
  <planttype>tree</planttype>
  <factsheet>ST043</factsheet>
  <use>reclamation, highway median, screen, shade, street without sidewalk, deck or patio, tree lawn 4-6 feet wide, tree lawn &gt; 6 ft wide, specimen, bonsai, recommended</use>
  <usdahardinesszone>4A-8B</usdahardinesszone>
  <nativeorigin>
    <nativetonorthamerica>yes</nativetonorthamerica>
    <recommendedfordryclimates>no</recommendedfordryclimates>
    <nativefloridacounty>Not Native to Florida</nativefloridacounty>
  </nativeorigin>
  <size>
    <height>25 to 50 feet</height>
    <maturespread>35 to 50 feet</maturespread>
    <maintainableheight>not suitable for clipping</maintainableheight>
    <matureheight>45 to 50 feet</matureheight>
    <spread>35 to 50 feet</spread>
  </size>
  <trunkandbranches>
    <currentyeartwigcolor>reddish, gray</currentyeartwigcolor>
    <numberoftrunks>typically one trunk</numberoftrunks>
    <pruningrequirement>little required</pruningrequirement>
    <showiness>not showy</showiness>
    <currentyeartwigthickness>medium</currentyeartwigthickness>
    <trunkandbranchbreakage>resistant</trunkandbranchbreakage>
    <woodspecificgravity>0.54</woodspecificgravity>
    <branchdrooping>branches droop</branchdrooping>
    <crownshaft>not applicable</crownshaft>
    <barkthickness>thin bark</barkthickness>
    <thorns>no</thorns>
  </trunkandbranches>
  <pests>&lt;p align="center"&gt;&lt;b&gt;&lt;u&gt;Pests&lt;/u&gt;&lt;/b&gt;&lt;/p&gt;&lt;p align="left"&gt;

Aphids infest maples, usually Norway Maple, and may be numerous at times.  High populations can cause leaf drop.  Another sign of heavy aphid infestation is honey dew on lower leaves and objects beneath the tree.  Aphids are controlled by spraying or they may be left alone.  If not sprayed, predatory insects will bring the aphid population under control. &lt;/p&gt;&lt;p align="left"&gt;

Scales are an occasional problem on maples.  Perhaps the most common is cottony maple scale.  The insect forms a cottony mass on the lower sides of branches.  Scales are usually controlled with horticultural oil sprays.  Scales may also be controlled with well-timed sprays to kill the crawlers.  Oyster shell scale is also common. &lt;/p&gt;&lt;p align="left"&gt;

If borers become a problem it is an indication the tree is not growing well.  Controlling borers involves keeping trees healthy.  Chemical controls of existing infestations are more difficult.  Proper control involves identification of the borer infesting the tree then applying insecticides at the proper time. &lt;/p&gt;</pests>
  <fruit>
    <composition>no fruit</composition>
    <attractiontowildlife>no fruit, little</attractiontowildlife>
    <edible>no fruit</edible>
    <shape>no fruit</shape>
    <showiness>no fruit</showiness>
    <length>no fruit</length>
    <persistant>no fruit</persistant>
    <litter>no fruit, fruit/leaves not a litter problem</litter>
    <color>no fruit</color>
  </fruit>
  <name>
    <listingname>'Autumn Flame R' Red Maple</listingname>
    <family>Aceraceae</family>
    <pronunciation>AY-ser  ROO-brum</pronunciation>
    <species>rubrum</species>
    <genus>Acer</genus>
    <cultivar>'Autumn Flame R'</cultivar>
    <commonname>'Autumn Flame R' Red Maple</commonname>
  </name>
  <crowncanopy>
    <texture>medium</texture>
    <density>dense</density>
    <shape>round</shape>
    <uniformity>symmetrical</uniformity>
  </crowncanopy>
  <other>
    <verticilliumwilt>susceptible</verticilliumwilt>
    <outstandingtree>yes</outstandingtree>
    <winterinterest>yes</winterinterest>
    <invasivepotential>native to North America</invasivepotential>
    <surfacerooting>can form large surface roots</surfacerooting>
    <availability>somewhat available</availability>
    <ozonesensitivity>unknown</ozonesensitivity>
  </other>
  <descriptivetext>&lt;p align="center"&gt;&lt;b&gt;&lt;em&gt;Acer rubrum &lt;/em&gt;'Autumn Flame R' &lt;/b&gt;&lt;/p&gt;&lt;p align="center"&gt;&lt;b&gt;'Autumn Flame R' Red Maple &lt;/b&gt;&lt;/p&gt;&lt;p align="left"&gt;

This cultivar of Red Maple has an round shape and is a fast grower with strong wood, reaching a height of 45 to 50 feet.  The crown is denser and more uniform than the species.  Unless irrigated or on a wet site, red maple is best used north of USDA hardiness zone 9.  Trees are often shorter in the southern part of its range unless growing next to a stream or on a wet site.  This tree is preferred over Silver Maple or Boxelder when a fast growing maple is needed.  The newly emerging leaves and red flowers and fruits signal that spring has come.  They appear in December and January in Florida, later in the northern part of its range. The seeds of Red Maple are quite popular with squirrels and birds. &lt;/p&gt;&lt;p align="left"&gt;

The outstanding ornamental characteristic of this cultivar of Red Maple is the consistently good red to yellow fall color lasting several weeks.  It is often one of the first trees to color up in autumn, and it puts on one of the most brilliant displays of any tree.  Leaves persist longer than the species. &lt;/p&gt;&lt;p align="left"&gt;

The tree makes the best growth in wet places and has no other particular soil preference except chlorosis may develop on alkaline soil where it also grows poorly.  It is well-suited as a street tree in northern and mid-south climates in residential and other suburban areas but the bark is thin and easily damaged by mowers.  Irrigation is often needed to support street tree plantings in well-drained soil in the south.  Roots can raise sidewalks as silver maples can but they have a less aggressive root system and so they make a good street tree.  Surface roots beneath the canopy can make mowing difficult. &lt;/p&gt;&lt;p align="left"&gt;

Red Maple is easily transplanted and usually develops surface roots in soil ranging from well-drained sand to clay.  It is not especially drought-tolerant, particularly in the southern part of the range, but selected individual trees can be found growing on dry sites.  This trait shows the wide range of genetic diversity in the species.  Branches often grow upright through the crown forming poor attachments to the trunk.  These should be removed in the nursery or after planting in the landscape to help prevent branch failure in older trees during storms.  Select branches with a wide angle from the trunk and prevent branches from growing larger than half the diameter of the trunk.  This will help reduce storm damage. &lt;/p&gt;&lt;p align="left"&gt;

A number of other cultivars are listed.  Due to graft-incompatibility problems which cause the tree to break apart, preference should be given to cultivars produced on their own roots.  In the northern and southern end of the range, choose cultivars with regional adaptation.  The cultivars are:  `Armstrong' - upright growth habit, almost columnar, somewhat prone to splitting branches due to tight crotches, 50 feet tall;  `Bowhall' - upright growth habit, branches form embedded bark, graft incompatibility on grafted trees; `Gerling' - densely branched, broadly pyramidal, about 35 feet tall when mature; `October Glory' - above average fall color, excellent tree, retains leaves late, 60 feet tall; `Red Sunset' - above average orange to red fall color, does well in the south in USDA hardiness zone 8, probably the best cultivar for the deep south, oval, 50 feet tall; `Scanlon' - upright growth habit; `Schlesinger' - good fall color, rapid growth rate; `Tilford' - globe-shaped crown.  Variety  &lt;em&gt;drummondii &lt;/em&gt; suitable in USDA hardiness zone 8. &lt;/p&gt;</descriptivetext>
  <growthrate>moderate</growthrate>
</tree>