<?xml version="1.0" encoding="UTF-8" standalone="no"?><tree>
  <diseases>&lt;p align="center"&gt;&lt;b&gt;&lt;u&gt;Diseases&lt;/u&gt;&lt;/b&gt;&lt;/p&gt;&lt;p align="left"&gt;

Verticillium wilt symptoms are wilting and death of branches.  Infected sapwood will be stained a dark or olive green but staining can't always be found.  If staining can not be found do not assume the problem is not verticillium wilt.  Severely infected trees probably can't be saved.  Lightly infected trees showing only a few wilted branches may be pulled through.  Fertilize and prune lightly infected trees.  Fertilize with a high nitrogen fertilizer.  This treatment will not cure the problem but may allow the tree to outgrow the infection.  Girdling roots will cause symptoms which mimic verticillium wilt. &lt;/p&gt;&lt;p align="left"&gt;

Girdling roots grow around the base of the trunk rather than growing away from it.  As both root and trunk increase in size, the root chokes the trunk.  Girdling roots are detected by examining the base of the trunk.  The lack of trunk flare at ground level is a symptom.  The portion of the trunk above a girdling root does not grow as rapidly as the rest so may be slightly depressed.  The offending root may be on the surface or may be just below the sod.  The tree crown shows premature fall coloration and death of parts of the tree in more serious cases.  If large portions of the tree have died it may not be worth saving.  Girdling roots are functional roots so when removed, a portion of the tree may die.  When the girdling root is large the treatment may be as harmful as the problem.  After root removal, follow-up treatment includes fertilization, and watering during dry weather. &lt;/p&gt;&lt;p align="left"&gt;

Leaf scorch occurs during periods of high temperatures accompanied by wind.  Trees with diseased or inadequate root systems will also show scorching.  When trees do not get enough water they scorch.  Scorch symptoms are light brown or tan dead areas along the margins or between leaf veins.  The symptoms appear on all parts of the tree or only on the side exposed to sun and wind.  Scorching due to dry soil may be overcome by watering.  If scorching is due to an inadequate or diseased root system, watering will have no effect.   &lt;/p&gt;</diseases>
  <planttype>tree</planttype>
  <size>
    <height>25 to 50 feet</height>
    <maturespread>25 to 40 feet</maturespread>
    <maintainableheight>not suitable for clipping</maintainableheight>
    <matureheight>35 to 45 feet</matureheight>
    <spread>35 to 50 feet</spread>
  </size>
  <use>specimen, screen, shade, parking lot island 100-200 sq ft, parking lot island &gt; 200 sq ft, sidewalk cutout (tree pit), tree lawn 4-6 feet wide, tree lawn &gt; 6 ft wide, highway median, street without sidewalk, bonsai, recommended</use>
  <flower>
    <season>flowers in spring</season>
    <color>green</color>
    <fragrance>no</fragrance>
    <showiness>not showy</showiness>
  </flower>
  <other>
    <verticilliumwilt>susceptible</verticilliumwilt>
    <outstandingtree>yes</outstandingtree>
    <winterinterest>no</winterinterest>
    <invasivepotential>invasive: not recommended</invasivepotential>
    <surfacerooting>can form large surface roots</surfacerooting>
    <availability>generally available</availability>
    <ozonesensitivity>unknown</ozonesensitivity>
  </other>
  <fruit>
    <composition>dry or hard</composition>
    <attractiontowildlife>attracts birds</attractiontowildlife>
    <edible>no</edible>
    <shape>elongated</shape>
    <showiness>showy</showiness>
    <length>1 to 3 inches</length>
    <persistant>no</persistant>
    <litter>fruit/leaves not a litter problem</litter>
    <color>brown, green</color>
  </fruit>
  <factsheet>ST032</factsheet>
  <growthrate>moderate</growthrate>
  <crowncanopy>
    <texture>coarse</texture>
    <density>dense</density>
    <shape>oval</shape>
    <uniformity>symmetrical</uniformity>
  </crowncanopy>
  <photographs>
    <foliage>11571278</foliage>
    <entireplant>12587377</entireplant>
  </photographs>
  <name>
    <listingname>'Crimson King' Norway Maple, Maple, 'Crimson King' Norway</listingname>
    <family>Aceraceae</family>
    <pronunciation>AY-ser  plat-uh-NOY-deez</pronunciation>
    <species>platanoides</species>
    <genus>Acer</genus>
    <cultivar>'Crimson King'</cultivar>
    <commonname>'Crimson King' Norway Maple</commonname>
  </name>
  <trunkandbranches>
    <currentyeartwigcolor>brown</currentyeartwigcolor>
    <numberoftrunks>typically one trunk</numberoftrunks>
    <pruningrequirement>needed for strong structure</pruningrequirement>
    <showiness>not showy</showiness>
    <currentyeartwigthickness>thick</currentyeartwigthickness>
    <trunkandbranchbreakage>resistant</trunkandbranchbreakage>
    <woodspecificgravity>unknown</woodspecificgravity>
    <branchdrooping>branches don't droop</branchdrooping>
    <crownshaft>not applicable</crownshaft>
    <barkthickness>thick</barkthickness>
    <thorns>no</thorns>
  </trunkandbranches>
  <rangemap>Range Map RM3B7B</rangemap>
  <descriptivetext>&lt;p align="center"&gt;&lt;b&gt;&lt;em&gt;Acer platanoides &lt;/em&gt; `Crimson King' `Crimson King' Norway Maple &lt;/b&gt;&lt;/p&gt;&lt;p align="left"&gt;

`Crimson King' Norway maple grows to a height of 35 to 45 feet spreading about 25 to 30 feet and is quite popular for its purple-green foliage throughout the summer.  Leaves turn brown, dark maroon or bronze in the fall before dropping.  The oval to rounded crown fills with maroon-yellow flowers in the spring.  `Crimson King' Norway Maple's dense shade and shallow root system compete with lawn grasses, and the shallow roots can make mowing under the tree difficult.   &lt;/p&gt;&lt;p align="left"&gt;

It is well-adapted to street tree use but due to its bold leaf color may produce an overpowering, negative effect if planted along an entire street.  It is probably best used as a shade tree or specimen or in a group tree planting to add accent to an area.  Many types of birds are known to use the seeds as a food source, so it might be best located away from an area with park benches. &lt;/p&gt;&lt;p align="left"&gt;

The tree is easily transplanted, grows quickly and is adapted to a wide variety of soils (including slightly alkaline) and can tolerate shade, drought, and coastal conditions.  It can naturalize if located close to open areas.  Sensitive to poorly-drained soil, the tree responds well when planted in a mound with about one-third of the root ball above the existing soil grade.  `Crimson King' is reportedly more difficult to transplant than the species but is considered an urban tough tree due to its adaptability.  Trunks can crack on the southern and western sides during the winter.  Roots can heave sidewalks so locate at least four to six feet away. &lt;/p&gt;&lt;p align="left"&gt;

See the species for a list of other cultivars of the species.  `Crimson King' may be more susceptible to pests than the species. &lt;/p&gt;</descriptivetext>
  <pestresistance>resistant to pests/diseases</pestresistance>
  <foliage>
    <shape>star-shaped</shape>
    <summercolor>purple/red</summercolor>
    <spiny>no</spiny>
    <type>simple</type>
    <arrangement>opposite/subopposite</arrangement>
    <bladelength>4 to 8 inches</bladelength>
    <venation>palmate</venation>
    <fallcharacteristics>showy</fallcharacteristics>
    <margin>lobed, dentate, incised</margin>
    <fallcolor>yellow</fallcolor>
    <persistence>deciduous</persistence>
  </foliage>
  <pests>&lt;p align="center"&gt;&lt;b&gt;&lt;u&gt;Pests&lt;/u&gt;&lt;/b&gt;&lt;/p&gt;&lt;p align="left"&gt;

Aphids infest maples, usually Norway maple, and may be numerous at times.  High populations can cause leaf drop.  Another sign of heavy aphid infestation is honey dew on lower leaves and objects beneath the tree.  Aphids are controlled by spraying or they may be left alone.  If not sprayed, predatory insects will bring the aphid population under control.   &lt;/p&gt;&lt;p align="left"&gt;

Scales are an occasional problem on maples.  Perhaps the most common is cottony maple scale.  The insect forms a cottony mass on the lower sides of branches.  Scales are controlled with horticultural oil sprays.  Scales may also be controlled with well-timed sprays to kill the crawlers.   &lt;/p&gt;&lt;p align="left"&gt;

If borers become a problem it is an indication the tree is not growing well.  Controlling borers involves keeping trees healthy.  Chemical controls of existing infestations are more difficult.  Proper control involves identification of the borer infesting the tree then applying insecticides at the proper time. &lt;/p&gt;</pests>
  <usdahardinesszone>3B-7B</usdahardinesszone>
  <culturetolerances>
    <saltspraytolerance>moderate</saltspraytolerance>
    <soilphtolerance>acidic, alkaline</soilphtolerance>
    <lightrequirements>full sun, partial sun or partial shade</lightrequirements>
    <soilsalttolerance>good</soilsalttolerance>
    <droughttolerance>moderate</droughttolerance>
    <soildrainagetolerance>well-drained, occasionally wet</soildrainagetolerance>
    <soiltexturetolerance>sand, loam, clay</soiltexturetolerance>
  </culturetolerances>
  <nativeorigin>
    <nativetonorthamerica>no</nativetonorthamerica>
    <recommendedfordryclimates>no</recommendedfordryclimates>
    <nativefloridacounty>Not Native to Florida</nativefloridacounty>
  </nativeorigin>
  <lifespan>more than 50 years</lifespan>
</tree>