<?xml version="1.0" encoding="UTF-8" standalone="no"?><tree>
  <foliage>
    <shape>star-shaped</shape>
    <summercolor>green</summercolor>
    <spiny>no</spiny>
    <type>simple</type>
    <arrangement>opposite/subopposite</arrangement>
    <bladelength>2 to 4 inches</bladelength>
    <venation>palmate</venation>
    <fallcharacteristics>showy</fallcharacteristics>
    <margin>lobed, incised, serrate</margin>
    <fallcolor>orange, red</fallcolor>
    <persistence>deciduous</persistence>
  </foliage>
  <rangemap>Range Map RM4B8B</rangemap>
  <pestresistance>resistant to pests/diseases</pestresistance>
  <lifespan>more than 50 years</lifespan>
  <culturetolerances>
    <saltspraytolerance>low</saltspraytolerance>
    <soilphtolerance>acidic</soilphtolerance>
    <lightrequirements>full sun, partial sun or partial shade</lightrequirements>
    <soilsalttolerance>poor</soilsalttolerance>
    <droughttolerance>moderate</droughttolerance>
    <soildrainagetolerance>well-drained, extended flooding</soildrainagetolerance>
    <soiltexturetolerance>sand, loam, clay</soiltexturetolerance>
  </culturetolerances>
  <flower>
    <season>flowers in spring, flowers in winter</season>
    <color>red</color>
    <fragrance>no</fragrance>
    <showiness>showy</showiness>
  </flower>
  <diseases>&lt;p align="center"&gt;&lt;b&gt;&lt;u&gt;Diseases&lt;/u&gt;&lt;/b&gt;&lt;/p&gt;&lt;p align="left"&gt;

Scorch occurs during periods of high temperatures accompanied by wind, particularly in areas with limited soil space where roots cannot expand into a large soil volume.  Trees with diseased or inadequate root systems will also show scorching.  Scorch symptoms are light brown or tan dead areas between leaf veins.  The symptoms are on all parts of the tree or only on the side exposed to sun and wind.  Scorching due to dry soil may be prevented by watering.  If scorching is due to an inadequate or diseased root system, watering will have no effect.   &lt;/p&gt;&lt;p align="left"&gt;

Nutrient deficiency symptoms are yellow or yellowish-green leaves with darker green veins.  The most commonly deficient nutrient on maple is manganese.  Implanting capsules containing a manganese source in the trunk will alleviate the symptoms.  Test soil samples to determine if the soil pH is too high for best manganese availability.  Plants exposed to weed killers may also show similar symptoms. &lt;/p&gt;&lt;p align="left"&gt;

Girdling roots grow around the base of the trunk rather than growing away from it.  As both root and trunk increase in size, the root chokes the trunk.  Girdling roots are detected by examining the base of the trunk.  The lack of trunk flare at ground level is a symptom.  The portion of the trunk above a girdling root does not grow as rapidly as the rest so may be slightly depressed.  The offending root may be on the surface or may be just below the sod.  The tree crown shows premature fall coloration and death of parts of the tree in more serious cases.  If large portions of the tree have died it may not be worth saving.  Girdling roots are functional roots so when removed a portion of the tree may die.  When the girdling root is large the treatment is as harmful as the problem.  After root removal, follow-up treatment includes watering during dry weather.  The best treatment for girdling roots is prevention by removing or cutting circling roots at planting or as soon as they are detected on young trees. &lt;/p&gt;</diseases>
  <planttype>tree</planttype>
  <factsheet>ST047</factsheet>
  <use>reclamation, highway median, screen, shade, street without sidewalk, deck or patio, tree lawn 4-6 feet wide, tree lawn &gt; 6 ft wide, specimen, bonsai, recommended</use>
  <usdahardinesszone>4B-8B</usdahardinesszone>
  <nativeorigin>
    <nativetonorthamerica>yes</nativetonorthamerica>
    <recommendedfordryclimates>no</recommendedfordryclimates>
    <nativefloridacounty>Not Native to Florida</nativefloridacounty>
  </nativeorigin>
  <size>
    <height>25 to 50 feet</height>
    <maturespread>25 to 40 feet</maturespread>
    <maintainableheight>not suitable for clipping</maintainableheight>
    <matureheight>45 to 50 feet</matureheight>
    <spread>35 to 50 feet</spread>
  </size>
  <trunkandbranches>
    <currentyeartwigcolor>reddish, gray</currentyeartwigcolor>
    <numberoftrunks>typically one trunk</numberoftrunks>
    <pruningrequirement>needed for strong structure</pruningrequirement>
    <showiness>not showy</showiness>
    <currentyeartwigthickness>medium</currentyeartwigthickness>
    <trunkandbranchbreakage>resistant</trunkandbranchbreakage>
    <woodspecificgravity>0.54</woodspecificgravity>
    <branchdrooping>branches droop</branchdrooping>
    <crownshaft>not applicable</crownshaft>
    <barkthickness>thin bark</barkthickness>
    <thorns>no</thorns>
  </trunkandbranches>
  <pests>&lt;p align="center"&gt;&lt;b&gt;&lt;u&gt;Pests&lt;/u&gt;&lt;/b&gt;&lt;/p&gt;&lt;p align="left"&gt;

Aphids infest maples, usually Norway Maple, and may be numerous at times.  Usually not too serious on red maples.  High populations can cause leaf drop.  Another sign of heavy aphid infestation is honey dew on lower leaves and objects beneath the tree.  Aphids are controlled by spraying or they may be left alone.  If not sprayed, predatory insects will bring the aphid population under control. &lt;/p&gt;&lt;p align="left"&gt;

Scales are an occasional problem on maples.  Perhaps the most common is cottony maple scale. The insect forms a cottony mass on the lower sides of branches.  Scales are usually controlled with horticultural oil sprays.  Scales may also be controlled with well-timed sprays to kill the crawlers.   &lt;/p&gt;&lt;p align="left"&gt;

If borers become a problem it is an indication the tree is not growing well.  Controlling borers involves keeping trees healthy.  Chemical controls of existing infestations are more difficult.  Proper control involves identification of the borer infesting the tree then applying insecticides at the proper time. &lt;/p&gt;</pests>
  <fruit>
    <composition>dry or hard</composition>
    <attractiontowildlife>attracts squirrels/mammals, attracts birds</attractiontowildlife>
    <edible>no</edible>
    <shape>elongated</shape>
    <showiness>showy</showiness>
    <length>1 to 3 inches</length>
    <persistant>no</persistant>
    <litter>fruit/leaves not a litter problem</litter>
    <color>red</color>
  </fruit>
  <name>
    <listingname>'Red Sunset R' Red Maple, Maple, 'Red Sunset R' Red</listingname>
    <family>Aceraceae</family>
    <pronunciation>AY-ser  ROO-brum</pronunciation>
    <species>rubrum</species>
    <genus>Acer</genus>
    <cultivar>'Red Sunset R'</cultivar>
    <commonname>'Red Sunset R' Red Maple</commonname>
  </name>
  <crowncanopy>
    <texture>medium</texture>
    <density>moderate</density>
    <shape>upright/erect, oval</shape>
    <uniformity>symmetrical</uniformity>
  </crowncanopy>
  <other>
    <verticilliumwilt>susceptible</verticilliumwilt>
    <outstandingtree>yes</outstandingtree>
    <winterinterest>yes</winterinterest>
    <invasivepotential>native to North America</invasivepotential>
    <surfacerooting>can form large surface roots</surfacerooting>
    <availability>generally available</availability>
    <ozonesensitivity>unknown</ozonesensitivity>
  </other>
  <descriptivetext>&lt;p align="center"&gt;&lt;b&gt;&lt;em&gt;Acer rubrum &lt;/em&gt; `Red Sunset' `Red Sunset' Red Maple &lt;/b&gt;&lt;/p&gt;&lt;p align="left"&gt;

`Red Sunset' and `October Glory' have proven to be the best cultivars of Red Maple for the south.  `Red Sunset' has strong wood and is a vigorous, fast-grower, reaching a height of 50 feet with a spread of 25 to 35 feet.  Trees are often seen shorter in the southern part of its range unless located on a wet site.  This tree is preferred over Red Maple, Silver Maple or Boxelder when a fast-growing maple is needed, and will take on a pyramidal or oval silhouette.  The newly emerging red flowers and fruits signal that spring has come.  They appear in December and January in Florida, later in the northern part of its range.  Leaves retain an attractive high gloss throughout the growing season.  The seeds of `Red Sunset' Red Maple are quite popular with squirrels and birds. &lt;/p&gt;&lt;p align="left"&gt;

The outstanding ornamental characteristic of `Red Sunset' red maple is the brilliant orange to red fall color lasting several weeks.  `Red Sunset' red maple is often one of the first trees to color up in autumn, and it puts on one of the most brilliant displays of any tree.  `Red Sunset' will color-up before `October Glory'.  In Auburn University's trials, it was rated the best cultivar of Red Maple for the south, although like other Red Maples there is occasional bark splitting on the southwest side of the trunk during the winter.  It is one of the highest rated trees in Ohio Shade Tree Evaluation trials.  It is well-suited as a street tree in northern and mid-southern climates in residential and other suburban areas. &lt;/p&gt;&lt;p align="left"&gt;

The tree makes the best growth in wet or moist places and has no particular soil texture preference.  However, chlorosis may develop on alkaline soil.  The tree grows rapidly and has a dense canopy in the sun but opens up in partial shade.  Irrigation is often needed to support street tree plantings in well-drained soil in the south.  However it appears to adapt to no irrigation in the south on a site where roots can explore an unlimited soil space.  Roots do not often raise sidewalks as Silver Maples do because of a slower growth rate and less aggressive root system.  `Red Sunset' Red Maple is easily transplanted and usually develops surface roots in soil ranging from well-drained sand to clay.  It is not especially drought tolerant on sandy soils, particularly in the southern part of the range, although it has proven tolerant of clay soil. &lt;/p&gt;&lt;p align="left"&gt;

Propagation is by grafting or cuttings but own-root cuttings are preferred to avoid graft-incompatibilities. &lt;/p&gt;</descriptivetext>
  <growthrate>fast</growthrate>
</tree>