<?xml version="1.0" encoding="UTF-8" standalone="no"?><tree>
  <factsheet>ST011</factsheet>
  <descriptivetext>&lt;p align="center"&gt;&lt;b&gt;&lt;em&gt;Acer campestre &lt;/em&gt; `Evelyn' `Evelyn' Hedge Maple &lt;/b&gt;&lt;/p&gt;&lt;p align="left"&gt;

`Evelyn' Hedge Maple is usually low-branched with an upright-rounded form.  It may not be as cold hardy as the species.  This cultivar of hedge maple has a more consistent upright branching habit which probably makes it more suited for street and parking lot planting than the species.  The branches are slender and branch profusely, lending a fine texture to the landscape particularly during winter.  Little pruning would be needed to keep the lower crown clear from vehicle and pedestrians since branches grow upright.  The tree eventually reaches a height and spread of 30 to 35 feet but it grows slowly.  The small stature and vigorous growth make this an excellent street tree for residential areas, or perhaps in downtown urban sites.  However, it grows a little too tall for planting beneath some power lines.  It is also suitable as a patio or yard shade tree because it stays small and creates dense shade. &lt;/p&gt;&lt;p align="left"&gt;

The tree excels in its ability to tolerate dry, alkaline soil but some protection from open winds is helpful.  Not for highly compacted soil.  It is well-suited for and looks great during drought in a partially shaded location or on the north side of a building.  The common name alludes to the plants tolerance of severe pruning, and it will make a dense, tall screen, whether pruned or not.  Branches are arranged closely on the trunk and some pruning is usually desirable to create a well-formed tree.  The main ornamental feature is the consistently bright yellow fall color.  Prune early in the life of the tree to develop several major branches well-spaced along a central trunk.  This will improve the durability of the tree compared to trees with many upright and spreading branches originating from one point on the trunk. &lt;/p&gt;&lt;p align="left"&gt;

The cultivar `Compactum' is dwarf, `Postelense' has golden leaves. &lt;/p&gt;</descriptivetext>
  <pests>&lt;p align="center"&gt;&lt;b&gt;&lt;u&gt;Pests&lt;/u&gt;&lt;/b&gt;&lt;/p&gt;&lt;p align="left"&gt;

Pests are usually not a problem but there are some potential problems. &lt;/p&gt;&lt;p align="left"&gt;

Leaf stalk borer and petiole-borer cause the same type of injury.  Both insects bore into the leaf stalk just below the leaf blade. The leaf stalk shrivels, turns black, and the leaf blade falls off. The leaf drop may appear heavy but serious injury to a healthy tree is rare. &lt;/p&gt;&lt;p align="left"&gt;

Aphids infest maples, usually Norway Maple, and may be numerous at times.  High populations can cause leaf drop.  Another sign of heavy aphid infestation is honey dew on lower leaves and objects beneath the tree.  Aphids are controlled by spraying or they may be left alone.  If not sprayed, predatory insects will usually bring the aphid population under control. &lt;/p&gt;&lt;p align="left"&gt;

Scales are an occasional problem on maples.  Perhaps the most common is cottony maple scale.  The insect forms a cottony mass on the lower sides of branches.  Scales are controlled with horticultural oil sprays.  Scales may also be controlled with other well-timed sprays to kill the crawlers. &lt;/p&gt;&lt;p align="left"&gt;

If borers become a problem it is an indication the tree is not growing well.  Controlling borers involves keeping trees healthy.  Chemical controls of existing infestations are more difficult.  Proper control involves identification of the borer infesting the tree then applying insecticides at the proper time. &lt;/p&gt;</pests>
  <culturetolerances>
    <saltspraytolerance>moderate</saltspraytolerance>
    <soilphtolerance>acidic, alkaline</soilphtolerance>
    <lightrequirements>full sun, partial sun or partial shade</lightrequirements>
    <soilsalttolerance>unknown</soilsalttolerance>
    <droughttolerance>high</droughttolerance>
    <soildrainagetolerance>well-drained</soildrainagetolerance>
    <soiltexturetolerance>sand, loam, clay</soiltexturetolerance>
  </culturetolerances>
  <trunkandbranches>
    <currentyeartwigcolor>brown</currentyeartwigcolor>
    <numberoftrunks>typically one trunk</numberoftrunks>
    <pruningrequirement>needed for strong structure</pruningrequirement>
    <showiness>not showy</showiness>
    <currentyeartwigthickness>thin, medium</currentyeartwigthickness>
    <trunkandbranchbreakage>resistant</trunkandbranchbreakage>
    <woodspecificgravity>unknown</woodspecificgravity>
    <branchdrooping>branches don't droop</branchdrooping>
    <crownshaft>not applicable</crownshaft>
    <barkthickness>thin bark</barkthickness>
    <thorns>no</thorns>
  </trunkandbranches>
  <note>Photos are of Species</note>
  <name>
    <listingname>'Evelyn' Hedge Maple, Maple, 'Evelyn' Hedge</listingname>
    <family>Aceraceae</family>
    <pronunciation>AY-ser  kam-PESS-tree</pronunciation>
    <species>campestre</species>
    <genus>Acer</genus>
    <cultivar>'Evelyn'</cultivar>
    <commonname>'Evelyn' Hedge Maple</commonname>
  </name>
  <usdahardinesszone>6A-8A</usdahardinesszone>
  <diseases>&lt;p align="center"&gt;&lt;b&gt;&lt;u&gt;Diseases&lt;/u&gt;&lt;/b&gt;&lt;/p&gt;&lt;p align="left"&gt;

Verticillium wilt symptoms are wilting and death of branches.  Infected sapwood will be stained a dark or olive green but staining can't always be found.  If staining can not be found do not assume the problem is not verticillium wilt.  Severely infected trees probably can't be saved.  Lightly infected trees showing only a few wilted branches may be pulled through.  Fertilize and prune lightly infected trees.  This treatment will not cure the problem but may allow the tree to outgrow the infection.  Girdling roots will cause symptoms which mimic verticillium wilt. &lt;/p&gt;&lt;p align="left"&gt;

Tar spot and a variety of leaf spots cause some concern among homeowners but are rarely serious enough for control. &lt;/p&gt;</diseases>
  <nativeorigin>
    <nativetonorthamerica>no</nativetonorthamerica>
    <recommendedfordryclimates>no</recommendedfordryclimates>
    <nativefloridacounty>Not Native to Florida</nativefloridacounty>
  </nativeorigin>
  <use>parking lot island &lt; 100 sq ft, parking lot island 100-200 sq ft, parking lot island &gt; 200 sq ft, highway median, urban tolerant, specimen, street without sidewalk, deck or patio, shade, screen, hedge, trained as a standard, sidewalk cutout (tree pit), tree lawn 3-4 feet wide, tree lawn 4-6 feet wide, tree lawn &gt; 6 ft wide, bonsai, recommended</use>
  <growthrate>moderate</growthrate>
  <planttype>tree</planttype>
  <rangemap>Range Map RM6A8A</rangemap>
  <foliage>
    <shape>star-shaped</shape>
    <summercolor>green</summercolor>
    <spiny>no</spiny>
    <type>simple</type>
    <arrangement>opposite/subopposite</arrangement>
    <bladelength>2 to 4 inches</bladelength>
    <venation>palmate</venation>
    <fallcharacteristics>showy</fallcharacteristics>
    <margin>entire, lobed</margin>
    <fallcolor>yellow</fallcolor>
    <persistence>deciduous</persistence>
  </foliage>
  <flower>
    <season>flowers in spring</season>
    <color>green</color>
    <fragrance>no</fragrance>
    <showiness>not showy</showiness>
  </flower>
  <pestresistance>free of serious pests and diseases</pestresistance>
  <lifespan>25 to 50 years</lifespan>
  <fruit>
    <composition>dry or hard</composition>
    <attractiontowildlife>little</attractiontowildlife>
    <edible>no</edible>
    <shape>oval</shape>
    <showiness>not showy</showiness>
    <length>1 to 3 inches</length>
    <persistant>no</persistant>
    <litter>fruit/leaves not a litter problem</litter>
    <color>brown, green</color>
  </fruit>
  <size>
    <height>25 to 50 feet</height>
    <maturespread>30 to 35 feet</maturespread>
    <maintainableheight>not suitable for clipping</maintainableheight>
    <matureheight>30 to 35 feet</matureheight>
    <spread>25 to 35 feet</spread>
  </size>
  <other>
    <verticilliumwilt>susceptible</verticilliumwilt>
    <outstandingtree>yes</outstandingtree>
    <winterinterest>yes</winterinterest>
    <invasivepotential>not assessed or incomplete data</invasivepotential>
    <surfacerooting>not a problem</surfacerooting>
    <availability>rarely available</availability>
    <ozonesensitivity>unknown</ozonesensitivity>
  </other>
  <crowncanopy>
    <texture>fine</texture>
    <density>dense</density>
    <shape>upright/erect</shape>
    <uniformity>symmetrical</uniformity>
  </crowncanopy>
  <photographs>
    <entireplant>11160597</entireplant>
    <fall>16040205</fall>
    <foliage>13302087</foliage>
  </photographs>
</tree>