<?xml version="1.0" encoding="UTF-8" standalone="no"?><tree>
  <diseases>&lt;p align="center"&gt;&lt;b&gt;&lt;u&gt;Diseases&lt;/u&gt;&lt;/b&gt;&lt;/p&gt;&lt;p align="left"&gt;

Florida Maple can be susceptible to a wilt disease. &lt;/p&gt;</diseases>
  <planttype>tree</planttype>
  <size>
    <height>25 to 50 feet</height>
    <maturespread>20 to 35 feet</maturespread>
    <maintainableheight>not suitable for clipping</maintainableheight>
    <matureheight>50 to 60 feet</matureheight>
    <spread>15 to 25 feet</spread>
  </size>
  <use>highway median, shade, street without sidewalk, deck or patio, tree lawn 4-6 feet wide, tree lawn &gt; 6 ft wide, bonsai, recommended</use>
  <flower>
    <season>flowers in spring</season>
    <color>red</color>
    <fragrance>no</fragrance>
    <showiness>not showy</showiness>
  </flower>
  <other>
    <verticilliumwilt>susceptible</verticilliumwilt>
    <outstandingtree>no</outstandingtree>
    <winterinterest>yes</winterinterest>
    <invasivepotential>native to North America</invasivepotential>
    <surfacerooting>not a problem</surfacerooting>
    <availability>somewhat available</availability>
    <ozonesensitivity>unknown</ozonesensitivity>
  </other>
  <fruit>
    <composition>dry or hard</composition>
    <attractiontowildlife>little</attractiontowildlife>
    <edible>no</edible>
    <shape>oval</shape>
    <showiness>not showy</showiness>
    <length>1 to 3 inches</length>
    <persistant>no</persistant>
    <litter>fruit/leaves not a litter problem</litter>
    <color>brown, green</color>
  </fruit>
  <factsheet>ST008</factsheet>
  <growthrate>moderate</growthrate>
  <crowncanopy>
    <texture>medium</texture>
    <density>moderate</density>
    <shape>oval, upright/erect</shape>
    <uniformity>symmetrical</uniformity>
  </crowncanopy>
  <photographs>
    <fall>814994</fall>
    <entireplant>5717206</entireplant>
  </photographs>
  <name>
    <listingname>Caddo Florida Maple, Caddo Southern Sugar Maple, Maple, Caddo Florida, Maple, Caddo Southern Sugar</listingname>
    <family>Aceraceae</family>
    <pronunciation>AY-ser  bar-BAY-tum  variety  KAD-oh</pronunciation>
    <species>barbatum (saccharum) var. caddo</species>
    <genus>Acer</genus>
    <commonname>Caddo Florida Maple, Caddo Southern Sugar Maple</commonname>
  </name>
  <trunkandbranches>
    <currentyeartwigcolor>brown</currentyeartwigcolor>
    <numberoftrunks>typically one trunk</numberoftrunks>
    <pruningrequirement>little required</pruningrequirement>
    <showiness>showy</showiness>
    <currentyeartwigthickness>medium</currentyeartwigthickness>
    <trunkandbranchbreakage>resistant</trunkandbranchbreakage>
    <woodspecificgravity>unknown</woodspecificgravity>
    <branchdrooping>branches don't droop</branchdrooping>
    <crownshaft>not applicable</crownshaft>
    <barkthickness>thick</barkthickness>
    <thorns>no</thorns>
  </trunkandbranches>
  <rangemap>Range Map RM6B9B</rangemap>
  <descriptivetext>&lt;p align="center"&gt;&lt;b&gt;&lt;em&gt;Acer barbatum &lt;/em&gt; (saccharum) var.  &lt;em&gt;caddo &lt;/em&gt;Caddo Florida Maple, Southern Sugar Maple &lt;/b&gt;&lt;/p&gt;&lt;p align="left"&gt;

The Florida Maple -  &lt;em&gt;Acer barbatum &lt;/em&gt; ( &lt;em&gt;Acer saccharum &lt;/em&gt; var.  &lt;em&gt;floridum &lt;/em&gt;) - is considered by some taxonomists to be a separate species.  The correct taxonomic nomenclature appears to depend on which botanist, horticulturist, etc., you rely upon as your "expert".  It reaches 50 to 60 feet in height but is often smaller.  Displaying muted yellow or orange fall leaf color, Florida Maple is ideal for use as a specimen or park tree, or for use in woodland areas and is much preferred over Sugar Maple in USDA hardiness zones 8b through 9.  The edges of the leaves turn under slightly giving them a distinct appearance.  The trunk on older specimens resembles that on the northern Sugar Maple, which is an attractive gray with longitudinal ribs.  The round to oval growth habit makes it an ideal shade or street tree. &lt;/p&gt;&lt;p align="left"&gt;

`Caddo' Southern Sugar Maple is a hard-wooded tree with a moderate to slow growth rate.  It grows about 1 foot each year in most soils but is sensitive to reflected heat, and to drought, turning the leaves brown (scorch) along their edges.  Leaf scorch from dry soil is often evident in areas where the root system is restricted to a small soil area, such as a street tree planting.  It is more drought-tolerant in open areas where the roots can proliferate into a large soil space. &lt;/p&gt;&lt;p align="left"&gt;

The dense, well-branched crown creates dense shade, and along with many surface roots will prevent good lawn growth.  Branches are usually well-attached to trunks resulting in a low branch failure rate.  The tree transplants fairly easily but may develop girdling roots which can reduce growth, or in extreme cases kill the tree.  Remove roots which appear to be growing around the trunk as soon as they are recognized. &lt;/p&gt;&lt;p align="left"&gt;

The limbs of Sugar Maple are usually strong and not susceptible to wind damage.  The bark forms attractive bright gray plates which stand out especially during the winter.  Roots are often shallow and reach the surface at an early age, even in sandy soil.  Plant in an area where grass below it will not need to be mowed so the roots will not be damaged by the mower.  A variety of birds use the tree for food, nesting and cover and the fruits are especially popular with squirrels. &lt;/p&gt;&lt;p align="left"&gt;

Growing in full sun or shade, Sugar Maple will tolerate a wide variety of soil types (except compacted soil) but is not salt-tolerant.  Established trees look better when given some irrigation during dry weather, particularly in the south.  In the south, many leaves remain in the central portion of the canopy for much of the winter, giving the tree a somewhat unkempt appearance.  Sugar Maples are not recommended for the Dallas area, in many cases due to alkaline soils causing chlorosis.  Sensitivity to compaction, heat, drought and road salt limit usage of Sugar Maple for urban street plantings, but it is still recommended for parks and other areas away from roads where soil is loose and well-drained.   &lt;em&gt;Acer nigrum &lt;/em&gt;, a similar species, is more tolerant of heat and drought. &lt;/p&gt;&lt;p align="left"&gt;

Propagation is by seeds or cuttings. &lt;/p&gt;</descriptivetext>
  <pestresistance>free of serious pests and diseases</pestresistance>
  <foliage>
    <shape>star-shaped</shape>
    <summercolor>green</summercolor>
    <spiny>no</spiny>
    <type>simple</type>
    <arrangement>opposite/subopposite</arrangement>
    <bladelength>2 to 4 inches</bladelength>
    <venation>palmate</venation>
    <fallcharacteristics>showy</fallcharacteristics>
    <margin>lobed, entire, undulate</margin>
    <fallcolor>yellow</fallcolor>
    <persistence>deciduous</persistence>
  </foliage>
  <pests>&lt;p align="center"&gt;&lt;b&gt;&lt;u&gt;Pests&lt;/u&gt;&lt;/b&gt;&lt;/p&gt;&lt;p align="left"&gt;

Cottony Maple scale, borers, aphids, and gall mites may be problems for Florida Maple. &lt;/p&gt;</pests>
  <usdahardinesszone>6B-9B</usdahardinesszone>
  <culturetolerances>
    <saltspraytolerance>none</saltspraytolerance>
    <soilphtolerance>slightly alkaline, acidic</soilphtolerance>
    <lightrequirements>full sun, partial sun or partial shade</lightrequirements>
    <soilsalttolerance>unknown</soilsalttolerance>
    <droughttolerance>moderate</droughttolerance>
    <soildrainagetolerance>well-drained</soildrainagetolerance>
    <soiltexturetolerance>clay, sand, loam</soiltexturetolerance>
  </culturetolerances>
  <nativeorigin>
    <nativestate>Native But State Unknown</nativestate>
    <nativetonorthamerica>yes</nativetonorthamerica>
    <recommendedfordryclimates>no</recommendedfordryclimates>
    <nativefloridacounty>Not Native to Florida</nativefloridacounty>
  </nativeorigin>
  <lifespan>more than 50 years</lifespan>
</tree>