<?xml version="1.0" encoding="UTF-8" standalone="no"?><tree>
  <foliage>
    <shape>needle-like (filiform)</shape>
    <summercolor>blue or blue-green</summercolor>
    <spiny>no</spiny>
    <type>simple</type>
    <arrangement>spiral</arrangement>
    <bladelength>less than 2 inches</bladelength>
    <venation>parallel</venation>
    <fallcharacteristics>not showy</fallcharacteristics>
    <margin>entire</margin>
    <fallcolor>no color change</fallcolor>
    <persistence>evergreen</persistence>
  </foliage>
  <pestresistance>resistant to pests/diseases</pestresistance>
  <lifespan>more than 50 years</lifespan>
  <culturetolerances>
    <saltspraytolerance>none</saltspraytolerance>
    <soilphtolerance>acidic</soilphtolerance>
    <lightrequirements>full sun</lightrequirements>
    <soilsalttolerance>unknown</soilsalttolerance>
    <droughttolerance>high</droughttolerance>
    <soildrainagetolerance>well-drained</soildrainagetolerance>
    <soiltexturetolerance>sand</soiltexturetolerance>
  </culturetolerances>
  <flower>
    <season>unknown</season>
    <color>red</color>
    <fragrance>no</fragrance>
    <showiness>not showy</showiness>
  </flower>
  <diseases/>
  <planttype>tree</planttype>
  <use>Christmas tree</use>
  <usdahardinesszone>5B-7B</usdahardinesszone>
  <nativeorigin>
    <nativestate>Oregon</nativestate>
    <nativetonorthamerica>yes</nativetonorthamerica>
    <recommendedfordryclimates>no</recommendedfordryclimates>
    <nativefloridacounty>Not Native to Florida</nativefloridacounty>
  </nativeorigin>
  <size>
    <height>25 to 50 feet</height>
    <maturespread>15 to 25 feet</maturespread>
    <maintainableheight>not suitable for clipping</maintainableheight>
    <matureheight>40 to 50 feet</matureheight>
    <spread>15 to 25 feet</spread>
  </size>
  <factsheet/>
  <trunkandbranches>
    <currentyeartwigcolor>green</currentyeartwigcolor>
    <numberoftrunks>typically one trunk</numberoftrunks>
    <pruningrequirement>little required</pruningrequirement>
    <showiness>not showy</showiness>
    <currentyeartwigthickness>medium</currentyeartwigthickness>
    <trunkandbranchbreakage>resistant</trunkandbranchbreakage>
    <woodspecificgravity>0.39</woodspecificgravity>
    <branchdrooping>branches droop</branchdrooping>
    <crownshaft>not applicable</crownshaft>
    <barkthickness>thick</barkthickness>
    <thorns>no</thorns>
  </trunkandbranches>
  <pests/>
  <fruit>
    <composition>dry or hard</composition>
    <attractiontowildlife>unknown</attractiontowildlife>
    <edible>no</edible>
    <shape>cone</shape>
    <showiness>not showy</showiness>
    <length>3 to 6 inches</length>
    <persistant>no</persistant>
    <litter>fruit/leaves not a litter problem</litter>
    <color>red</color>
  </fruit>
  <name>
    <listingname/>
    <family/>
    <pronunciation/>
    <species/>
    <genus/>
    <cultivar/>
    <commonname/>
  </name>
  <crowncanopy>
    <texture>fine</texture>
    <density>moderate</density>
    <shape>pyramidal</shape>
    <uniformity>symmetrical</uniformity>
  </crowncanopy>
  <other>
    <verticilliumwilt>resistant</verticilliumwilt>
    <outstandingtree>yes</outstandingtree>
    <winterinterest>no</winterinterest>
    <invasivepotential>not a problem species</invasivepotential>
    <surfacerooting>not a problem</surfacerooting>
    <availability>somewhat available</availability>
    <ozonesensitivity>tolerant</ozonesensitivity>
  </other>
  <descriptivetext>&lt;p align="left"&gt;

This tree tends to leaf out early so it may be injured by spring frosts.  To keep foliage looking best, protect plants from direct wind exposure and direct sun by locating in partial or filtered shade. A spot with well-drained, acid soil with plenty of organic matter, particularly in the southern part of its range is best.&lt;/p&gt;&lt;p align="left"&gt;

&lt;/p&gt;&lt;p align="left"&gt;

Be sure drainage at the site is good and water does not stand for more than a few hours after heavy rain. Trees grow fine on clay soils as long as the ground is sloped so water does not accumulate in the soil. Responds well to several inches of mulch placed beneath the canopy out to the edge of the branches. Mulching allows roots to grow in the loose, well oxygen rich mulch-soil interface and thus reduce incidence of leaf burn.   Pollen can cause significant allergy problems for some people.&lt;/p&gt;</descriptivetext>
  <growthrate>slow</growthrate>
</tree>