<?xml version="1.0" encoding="UTF-8" standalone="no"?><tree>
  <foliage>
    <shape>star-shaped</shape>
    <summercolor>green</summercolor>
    <spiny>no</spiny>
    <type>simple</type>
    <arrangement>opposite/subopposite</arrangement>
    <bladelength>2 to 4 inches</bladelength>
    <venation>palmate</venation>
    <fallcharacteristics>showy</fallcharacteristics>
    <margin>incised, lobed</margin>
    <fallcolor>red, orange</fallcolor>
    <persistence>deciduous</persistence>
  </foliage>
  <rangemap>Range Map RM4B7B</rangemap>
  <pestresistance>resistant to pests/diseases</pestresistance>
  <lifespan>25 to 50 years</lifespan>
  <culturetolerances>
    <saltspraytolerance>none</saltspraytolerance>
    <soilphtolerance>slightly alkaline, acidic</soilphtolerance>
    <lightrequirements>partial sun or partial shade, shade tolerant</lightrequirements>
    <soilsalttolerance>unknown</soilsalttolerance>
    <droughttolerance>moderate</droughttolerance>
    <soildrainagetolerance>well-drained</soildrainagetolerance>
    <soiltexturetolerance>clay, sand, loam</soiltexturetolerance>
  </culturetolerances>
  <flower>
    <season>flowers in spring</season>
    <color>red</color>
    <fragrance>no</fragrance>
    <showiness>showy</showiness>
  </flower>
  <planttype>tree</planttype>
  <factsheet/>
  <use>specimen, deck or patio, container or planter, trained as a standard, bonsai, recommended</use>
  <usdahardinesszone>4B-7B</usdahardinesszone>
  <nativeorigin>
    <nativetonorthamerica>no</nativetonorthamerica>
    <recommendedfordryclimates>no</recommendedfordryclimates>
    <nativefloridacounty>Not Native to Florida</nativefloridacounty>
  </nativeorigin>
  <size>
    <height>10 to 15 feet</height>
    <maturespread>6 to 10 feet</maturespread>
    <maintainableheight>not suitable for clipping</maintainableheight>
    <matureheight>10 to 15 feet</matureheight>
    <spread>6 to 10 feet</spread>
  </size>
  <pestsanddiseases>&lt;p align="center"&gt;&lt;b&gt;&lt;u&gt;Pests and Diseases&lt;/u&gt;&lt;/b&gt;&lt;/p&gt;&lt;p align="left"&gt;

None of major concern except for verticillium wilt. &lt;/p&gt;</pestsanddiseases>
  <trunkandbranches>
    <currentyeartwigcolor>green</currentyeartwigcolor>
    <numberoftrunks>typically multi-trunked</numberoftrunks>
    <pruningrequirement>little required</pruningrequirement>
    <showiness>not showy</showiness>
    <currentyeartwigthickness>thin, medium</currentyeartwigthickness>
    <trunkandbranchbreakage>resistant</trunkandbranchbreakage>
    <woodspecificgravity>unknown</woodspecificgravity>
    <branchdrooping>branches droop</branchdrooping>
    <crownshaft>not applicable</crownshaft>
    <barkthickness>thick</barkthickness>
    <thorns>no</thorns>
  </trunkandbranches>
  <fruit>
    <composition>dry or hard</composition>
    <attractiontowildlife>little</attractiontowildlife>
    <edible>no</edible>
    <shape>elongated, oval</shape>
    <showiness>not showy</showiness>
    <length>.5 to 1 inch</length>
    <persistant>no</persistant>
    <litter>fruit/leaves not a litter problem</litter>
    <color>green</color>
  </fruit>
  <name>
    <listingname>`Vitifolium' Fullmoon Maple, Maple, `Vitifolium' Fullmoon</listingname>
    <family>Aceraceae</family>
    <pronunciation>AY-ser  juh-PAWN-ih-kum</pronunciation>
    <species>japonicum</species>
    <genus>Acer</genus>
    <cultivar>'Vitifolium'</cultivar>
    <commonname>'Vitifolium' Fullmoon Maple</commonname>
  </name>
  <photographs>
    <entireplant>11448390</entireplant>
    <fall>10385820</fall>
    <other>14981537</other>
    <foliage>7223991</foliage>
  </photographs>
  <crowncanopy>
    <texture>coarse</texture>
    <density>moderate</density>
    <shape>vase, round</shape>
    <uniformity>symmetrical</uniformity>
  </crowncanopy>
  <other>
    <verticilliumwilt>susceptible</verticilliumwilt>
    <outstandingtree>yes</outstandingtree>
    <winterinterest>no</winterinterest>
    <invasivepotential>not assessed or incomplete data</invasivepotential>
    <surfacerooting>not a problem</surfacerooting>
    <availability>rarely available</availability>
    <ozonesensitivity>unknown</ozonesensitivity>
  </other>
  <descriptivetext>&lt;p align="center"&gt;&lt;b&gt;&lt;em&gt;Acer japonicum &lt;/em&gt; `Vitifolium' `Vitifolium' Full-moon Maple &lt;/b&gt;&lt;/p&gt;&lt;p align="left"&gt;

Full-Moon Maple is a small, deciduous tree which reaches 10 to 15 feet in height and width, creating a smooth, rounded canopy.  It fits well into the oriental garden due to the exotic silhouette.  The cultivar `Vitifolium' leaves are less divided than `Acontifolium', providing a coarse texture in the landscape.  Leaves take on a beautiful yellow to red coloration in the fall before dropping, making this small, dense plant really stand out in the landscape.  Fall color has been described as exceptional.  The hanging clusters of showy, purple/red flowers appear in late spring and are followed by the production of winged seeds.  The flowers stand out among the Maples. &lt;/p&gt;&lt;p align="left"&gt;

This Maple would be at home in the residential landscape as well as the commercial setting.  Planted near the patio or deck, it would generate many comments from friends and other visitors.  It is probably best used as a specimen, planted to attract attention to an area.  It should live for at least 20 years.  Nice specimens can be viewed at arboreta, but few nurseries currently offer these cultivars for sale.  This may change as nursery operators and homeowners discover the trees. &lt;/p&gt;&lt;p align="left"&gt;

Full-Moon Maple can be grown in sun to almost full shade.  Nice specimens can be seen growing in the filtered shade of tall, overstory trees, or with 2 to 6 hours of direct sun.  Where the sunlight is intense, the tree will benefit from having its roots shaded to help keep the soil cool.  A generous helping of mulch out to the edge of the canopy is beneficial. &lt;/p&gt;</descriptivetext>
  <growthrate>slow</growthrate>
</tree>