<?xml version="1.0" encoding="UTF-8" standalone="no"?><tree>
  <diseases>&lt;p align="center"&gt;&lt;b&gt;&lt;u&gt;Diseases&lt;/u&gt;&lt;/b&gt;&lt;/p&gt;&lt;p align="left"&gt;

No diseases are of major concern. &lt;/p&gt;</diseases>
  <planttype>tree</planttype>
  <size>
    <height>25 to 50 feet</height>
    <maturespread>25 to 35 feet</maturespread>
    <maintainableheight>not suitable for clipping</maintainableheight>
    <matureheight>40 to 50 feet</matureheight>
    <spread>25 to 35 feet</spread>
  </size>
  <use>specimen, reclamation, street without sidewalk, shade, parking lot island 100-200 sq ft, parking lot island &gt; 200 sq ft, tree lawn 4-6 feet wide, tree lawn &gt; 6 ft wide, recommended</use>
  <flower>
    <season>flowers in spring</season>
    <color>yellow</color>
    <fragrance>no</fragrance>
    <showiness>not showy</showiness>
  </flower>
  <other>
    <verticilliumwilt>susceptible</verticilliumwilt>
    <outstandingtree>yes</outstandingtree>
    <winterinterest>no</winterinterest>
    <invasivepotential>native to North America</invasivepotential>
    <surfacerooting>not a problem</surfacerooting>
    <availability>rarely available</availability>
    <ozonesensitivity>tolerant</ozonesensitivity>
  </other>
  <fruit>
    <composition>dry or hard</composition>
    <attractiontowildlife>attracts birds</attractiontowildlife>
    <edible>no</edible>
    <shape>elongated</shape>
    <showiness>not showy</showiness>
    <length>.5 to 1 inch</length>
    <persistant>no</persistant>
    <litter>fruit/leaves not a litter problem</litter>
    <color>green</color>
  </fruit>
  <factsheet>ST016</factsheet>
  <growthrate>moderate</growthrate>
  <crowncanopy>
    <texture>medium</texture>
    <density>moderate</density>
    <shape>round</shape>
    <uniformity>irregular</uniformity>
  </crowncanopy>
  <photographs>
    <entireplant>13932558</entireplant>
    <fall>7899041</fall>
    <other>15708677</other>
    <foliage>637311</foliage>
  </photographs>
  <name>
    <listingname>Bigtooth Maple, Rocky Mountain Sugar Maple, Canyon Maple, Maple, Bigtooth, Maple, Rocky Mountain Sugar, Maple, Canyon</listingname>
    <family>Aceraceae</family>
    <pronunciation>AY-ser  gran-dih-den-TAY-tum</pronunciation>
    <species>grandidentatum</species>
    <genus>Acer</genus>
    <commonname>Bigtooth Maple, Rocky Mountain Sugar Maple, Canyon Maple</commonname>
  </name>
  <trunkandbranches>
    <currentyeartwigcolor>reddish, brown</currentyeartwigcolor>
    <numberoftrunks>typically one trunk</numberoftrunks>
    <pruningrequirement>needed for strong structure</pruningrequirement>
    <showiness>not showy</showiness>
    <currentyeartwigthickness>thin, medium</currentyeartwigthickness>
    <trunkandbranchbreakage>resistant</trunkandbranchbreakage>
    <woodspecificgravity>unknown</woodspecificgravity>
    <branchdrooping>branches droop</branchdrooping>
    <crownshaft>not applicable</crownshaft>
    <barkthickness>thick</barkthickness>
    <thorns>no</thorns>
  </trunkandbranches>
  <rangemap>Range Map RM5A8B</rangemap>
  <descriptivetext>&lt;p align="center"&gt;&lt;b&gt;&lt;em&gt;Acer grandidentatum  &lt;/em&gt;Bigtooth Maple, Rocky Mountain Sugar Maple, Canyon Maple &lt;/b&gt;&lt;/p&gt;&lt;p align="left"&gt;

This North American native reaches 50 feet in height with a broad, spreading canopy and grayish-brown bark which may be either smooth or scaly.  The 2 to 5-inch-diameter, lustrous, dark green, lobed leaves which have a pale underside are noted for their striking brilliance in fall, when they change into beautiful shades of red, orange, and yellow before dropping.  The insignificant, hairy, yellow flowers appear among the leaves in late spring and are followed by the production of one-inch-long, winged seeds. &lt;/p&gt;&lt;p align="left"&gt;

This Maple may need some training to develop a dominant central leader.  Once selected, this leader should more or less stay dominant.  This can make Bigtooth Maple a good candidate for planting along streets in an area with plenty of soil space for root expansion. &lt;/p&gt;&lt;p align="left"&gt;

Bigtooth Maple will grow in full sun or partial shade and is found most often in its natural habitat in moist, well-drained soils.  It tolerates limestone soils well.  Plants in the wild grown in open areas have withstood long periods of drought. &lt;/p&gt;</descriptivetext>
  <pestresistance>resistant to pests/diseases</pestresistance>
  <foliage>
    <shape>star-shaped</shape>
    <summercolor>green</summercolor>
    <spiny>no</spiny>
    <type>simple</type>
    <arrangement>opposite/subopposite</arrangement>
    <bladelength>2 to 4 inches, 4 to 8 inches</bladelength>
    <venation>palmate</venation>
    <fallcharacteristics>showy</fallcharacteristics>
    <margin>lobed, dentate</margin>
    <fallcolor>yellow, red, orange</fallcolor>
    <persistence>deciduous</persistence>
  </foliage>
  <pests>&lt;p align="center"&gt;&lt;b&gt;&lt;u&gt;Pests&lt;/u&gt;&lt;/b&gt;&lt;/p&gt;&lt;p align="left"&gt;

No pests are of major concern. &lt;/p&gt;</pests>
  <usdahardinesszone>5A-8B</usdahardinesszone>
  <culturetolerances>
    <saltspraytolerance>none</saltspraytolerance>
    <soilphtolerance>acidic, alkaline</soilphtolerance>
    <lightrequirements>full sun, partial sun or partial shade</lightrequirements>
    <soilsalttolerance>poor</soilsalttolerance>
    <droughttolerance>moderate</droughttolerance>
    <soildrainagetolerance>well-drained</soildrainagetolerance>
    <soiltexturetolerance>clay, sand, loam</soiltexturetolerance>
  </culturetolerances>
  <nativeorigin>
    <nativestate>Texas, Oklahoma, New Mexico, Arizona, Colorado, Utah, Idaho, Wyoming</nativestate>
    <nativetonorthamerica>yes</nativetonorthamerica>
    <recommendedfordryclimates>yes</recommendedfordryclimates>
    <nativefloridacounty>Not Native to Florida</nativefloridacounty>
  </nativeorigin>
  <lifespan>more than 50 years</lifespan>
</tree>