<?xml version="1.0" encoding="UTF-8" standalone="no"?><tree>
  <diseases>&lt;p align="center"&gt;&lt;b&gt;&lt;u&gt;Diseases&lt;/u&gt;&lt;/b&gt;&lt;/p&gt;&lt;p align="left"&gt;

Anthracnose is more of a problem in rainy seasons.  The disease resembles, and may be confused with, a physiological problem called scorch.  The disease causes light brown or tan areas on the leaves.  Anthracnose may be controlled by fungicides sprayed on as leaves open in the spring.  Two additional sprays at two-week intervals will be needed.  The disease is most common on sugar and Silver Maples and boxelder.  Other maples may not be affected as severely.  Sprays may need to be applied by a commercial applicator having proper spray equipment.   &lt;/p&gt;&lt;p align="left"&gt;

Verticillium wilt symptoms are wilting and death of branches.  Infected sapwood will be stained a dark or olive green but staining can't always be found.  If staining can not be found do not assume the problem is not verticillium wilt.  Severely infected trees probably can't be saved.  Lightly infected trees showing only a few wilted branches may be pulled through.  Fertilize and prune lightly infected trees.  This treatment will not cure the problem but may allow the tree to outgrow the infection.  Girdling roots will cause symptoms which mimic verticillium wilt. &lt;/p&gt;&lt;p align="left"&gt;

Scorch occurs during periods of high temperatures accompanied by wind, particularly in areas with limited soil space where roots cannot expand into a large soil volume.  Trees with diseased or inadequate root systems will also show scorching.  When trees do not get enough water they scorch.  Scorch symptoms are light brown or tan dead areas between leaf veins and at the tips of the leaf.  The symptoms are on all parts of the tree or only on the side exposed to sun and wind.  Scorching due to dry soil may be prevented by watering.  If scorching is due to an inadequate or diseased root system, watering may have no effect. &lt;/p&gt;&lt;p align="left"&gt;

Nutrient deficiency symptoms are yellow or yellowish-green leaves with darker green veins.  The most commonly deficient nutrient on maple is manganese.  Implanting capsules containing a manganese source in the trunk will alleviate the symptoms.  Test soil samples to determine if the soil pH is too high for best manganese availability.  Plants exposed to weed killers may also show similar symptoms.   &lt;/p&gt;</diseases>
  <planttype>tree</planttype>
  <size>
    <height>50 to 75 feet</height>
    <maturespread>40 to 60 feet</maturespread>
    <maintainableheight>not suitable for clipping</maintainableheight>
    <matureheight>50 to 60 feet</matureheight>
    <spread>over 50 feet</spread>
  </size>
  <use>urban tolerant, shade, reclamation, recommended</use>
  <flower>
    <season>flowers in spring</season>
    <color>red</color>
    <fragrance>no</fragrance>
    <showiness>showy</showiness>
  </flower>
  <other>
    <verticilliumwilt>susceptible</verticilliumwilt>
    <outstandingtree>no</outstandingtree>
    <winterinterest>no</winterinterest>
    <invasivepotential>native to North America</invasivepotential>
    <surfacerooting>can form large surface roots</surfacerooting>
    <availability>somewhat available</availability>
    <ozonesensitivity>unknown</ozonesensitivity>
  </other>
  <fruit>
    <composition>dry or hard</composition>
    <attractiontowildlife>little</attractiontowildlife>
    <edible>no</edible>
    <shape>elongated</shape>
    <showiness>showy</showiness>
    <length>1 to 3 inches</length>
    <persistant>no</persistant>
    <litter>fruit/leaves a litter problem</litter>
    <color>green, brown</color>
  </fruit>
  <factsheet>ST050</factsheet>
  <growthrate>fast</growthrate>
  <crowncanopy>
    <texture>fine</texture>
    <density>moderate</density>
    <shape>pyramidal, weeping</shape>
    <uniformity>irregular</uniformity>
  </crowncanopy>
  <photographs>
    <entireplant>11972021</entireplant>
    <other>9322462</other>
    <foliage>14356966</foliage>
  </photographs>
  <name>
    <listingname>'Skinneri' Silver Maple, Maple, 'Skinneri' Silver</listingname>
    <family>Aceraceae</family>
    <pronunciation>AY-ser  sack-uh-RYE-num</pronunciation>
    <species>saccharinum</species>
    <genus>Acer</genus>
    <cultivar>'Skinneri'</cultivar>
    <commonname>'Skinneri' Silver Maple</commonname>
  </name>
  <trunkandbranches>
    <currentyeartwigcolor>reddish, brown</currentyeartwigcolor>
    <numberoftrunks>typically one trunk</numberoftrunks>
    <pruningrequirement>needed for strong structure</pruningrequirement>
    <showiness>not showy</showiness>
    <currentyeartwigthickness>thin, medium</currentyeartwigthickness>
    <trunkandbranchbreakage>susceptible to breakage</trunkandbranchbreakage>
    <woodspecificgravity>0.47</woodspecificgravity>
    <branchdrooping>branches droop</branchdrooping>
    <crownshaft>not applicable</crownshaft>
    <barkthickness>thin bark</barkthickness>
    <thorns>no</thorns>
  </trunkandbranches>
  <rangemap>Range Map RM3B9B</rangemap>
  <descriptivetext>&lt;p align="center"&gt;&lt;b&gt;&lt;em&gt;Acer saccharinum &lt;/em&gt; `Skinneri' `Skinneri' Silver Maple &lt;/b&gt;&lt;/p&gt;&lt;p align="left"&gt;

`Skinneri' Silver Maple is a fast-growing, weak-wooded tree which probably reaches a height of about 60 feet with a large trunk.  It has a somewhat weeping, pyramidal growth form and the leaves are finely dissected, not resembling Silver Maple at all.  Leaves almost appear as if they were injured with a herbicide because they are so finely dissected.  The tree is useful in wet areas, transplants easily and can grow where few others can grow.  It should be saved for planting in wet areas or where nothing else will thrive.  Roots often grow on the surface of the soil making mowing grass difficult under the canopy.  It is also hard to plant shrubs and other plants beneath the canopy due to the dense root system. &lt;/p&gt;&lt;p align="left"&gt;

Silver Maple will grow in areas which have standing water for several weeks at a time.  It grows best on acid soil which remains moist, but adapts to very dry, alkaline soil.  Leaves may scorch in areas with restricted soil space during dry spells in the summer but will tolerate drought if roots can grow unrestricted into a large soil volume. &lt;/p&gt;&lt;p align="left"&gt;

Like many other large trees, it will lift sidewalks if improperly located too close to sidewalks.  Locate well away from septic tanks and drain fields since roots extend about three times the distance from the trunk to the edge of the branches.  There are too many other superior trees to warrant wide use of this tree, particularly in urban areas.  Silver Maple is best saved for wet sites or for naturalizing in an area away from urban structures.  If you must plant a Silver Maple, this is one of the nicest. &lt;/p&gt;&lt;p align="left"&gt;

Silver Maple is notorious for developing weak branch crotches and the wood is brittle.  Be sure to prune major limbs so they remain less than half the diameter of the trunk.  This will make the structure stronger and help the tree to live longer. &lt;/p&gt;</descriptivetext>
  <pestresistance>resistant to pests/diseases</pestresistance>
  <foliage>
    <shape>star-shaped</shape>
    <summercolor>green</summercolor>
    <spiny>no</spiny>
    <type>simple</type>
    <arrangement>opposite/subopposite</arrangement>
    <bladelength>2 to 4 inches, 4 to 8 inches</bladelength>
    <venation>palmate</venation>
    <fallcharacteristics>showy</fallcharacteristics>
    <margin>parted</margin>
    <fallcolor>yellow</fallcolor>
    <persistence>deciduous</persistence>
  </foliage>
  <pests>&lt;p align="center"&gt;&lt;b&gt;&lt;u&gt;Pests&lt;/u&gt;&lt;/b&gt;&lt;/p&gt;&lt;p align="left"&gt;

Gall mites can stimulate the formation of growths or galls on the leaves.  The galls are small but can be so numerous that individual leaves curl up.  The most common gall is bladder gall mite found on Silver Maple.  The galls are round and at first green but later turn red, then black, then dry up.  Galls of other shapes are seen less frequently on other types of maples.  Galls are not serious, so chemical controls are not needed.   &lt;/p&gt;&lt;p align="left"&gt;

Crimson erineum mite is usually found on Silver Maple and causes the formation of red fuzzy patches on the lower leaf surfaces.  The problem is not serious so control measures are not suggested.   &lt;/p&gt;&lt;p align="left"&gt;

Aphids infest maples, usually Norway Maple, and may be numerous at times.  High populations can cause leaf drop.  Another sign of heavy aphid infestation is honey dew on lower leaves and objects beneath the tree.  Aphids are controlled by spraying or they may be left alone.  If not sprayed, predatory insects will bring the aphid population under control.   &lt;/p&gt;&lt;p align="left"&gt;

Scales are an occasional problem on maples.  Perhaps the most common is cottony maple scale. The insect forms a cottony mass on the lower sides of branches.  Scales are usually controlled with horticultural oil sprays.  Scales may also be controlled with well-timed sprays to kill the crawlers.   &lt;/p&gt;&lt;p align="left"&gt;

If borers become a problem it is an indication the tree is not growing well.  Controlling borers involves keeping trees healthy.  Chemical controls of existing infestations are more difficult.  Proper control involves identification of the borer infesting the tree then applying insecticides at the proper time. &lt;/p&gt;&lt;p align="left"&gt;

There are many others insect problems which can affect Silver Maple. &lt;/p&gt;</pests>
  <usdahardinesszone>3B-9B</usdahardinesszone>
  <culturetolerances>
    <saltspraytolerance>moderate</saltspraytolerance>
    <soilphtolerance>acidic</soilphtolerance>
    <lightrequirements>full sun, partial sun or partial shade</lightrequirements>
    <soilsalttolerance>moderate</soilsalttolerance>
    <droughttolerance>high</droughttolerance>
    <soildrainagetolerance>well-drained, extended flooding</soildrainagetolerance>
    <soiltexturetolerance>sand, loam, clay</soiltexturetolerance>
  </culturetolerances>
  <nativeorigin>
    <nativetonorthamerica>yes</nativetonorthamerica>
    <recommendedfordryclimates>yes</recommendedfordryclimates>
    <nativefloridacounty>Not Native to Florida</nativefloridacounty>
  </nativeorigin>
  <lifespan>more than 50 years</lifespan>
</tree>