<?xml version="1.0" encoding="UTF-8" standalone="no"?><tree>
  <foliage>
    <shape>lanceolate, ovate</shape>
    <summercolor>green</summercolor>
    <spiny>no</spiny>
    <type>odd-pinnately compound</type>
    <arrangement>opposite/subopposite</arrangement>
    <bladelength>2 to 4 inches</bladelength>
    <venation>reticulate, pinnate</venation>
    <fallcharacteristics>showy</fallcharacteristics>
    <margin>lobed, serrate</margin>
    <fallcolor>orange, yellow</fallcolor>
    <persistence>deciduous</persistence>
  </foliage>
  <pestresistance>unknown</pestresistance>
  <lifespan>unknown</lifespan>
  <culturetolerances>
    <saltspraytolerance>unknown</saltspraytolerance>
    <soilphtolerance>slightly alkaline, alkaline, acidic</soilphtolerance>
    <lightrequirements>full sun</lightrequirements>
    <soilsalttolerance>moderate</soilsalttolerance>
    <droughttolerance>high</droughttolerance>
    <soildrainagetolerance>occasionally wet, extended flooding, well-drained</soildrainagetolerance>
    <soiltexturetolerance>loam, clay, sand</soiltexturetolerance>
  </culturetolerances>
  <flower>
    <season>flowers in spring</season>
    <color>yellow</color>
    <fragrance>no</fragrance>
    <showiness>not showy</showiness>
  </flower>
  <diseases/>
  <planttype>tree</planttype>
  <use>specimen, reclamation</use>
  <usdahardinesszone>3A-8A</usdahardinesszone>
  <nativeorigin>
    <nativestate>Alabama, Arkansas, Arizona, California, Colorado, Connecticut, District of Columbia, Delaware, Georgia, Florida, Iowa, Idaho, Illinois, Kansas, Kentucky, Louisiana, Massachusetts, Maryland, Michigan, Minnesota, Missouri, Mississippi, Montana, North Carolina, North Dakota, Nebraska, New Hampshire, New Jersey, New Mexico, Nevada, New York, Ohio, Oklahoma, Pennsylvania, South Carolina, South Dakota, Tennessee, Utah, Virginia, Vermont, Wisconsin, West Virginia, Wyoming</nativestate>
    <nativetonorthamerica>yes</nativetonorthamerica>
    <recommendedfordryclimates>yes</recommendedfordryclimates>
    <nativefloridacounty>Not Native to Florida</nativefloridacounty>
  </nativeorigin>
  <size>
    <height>25 to 50 feet</height>
    <maturespread>15 to 25 feet</maturespread>
    <maintainableheight>not suitable for clipping</maintainableheight>
    <matureheight>60 to 120 feet</matureheight>
    <spread>35 to 50 feet</spread>
  </size>
  <factsheet/>
  <trunkandbranches>
    <currentyeartwigcolor>green</currentyeartwigcolor>
    <numberoftrunks>typically one trunk</numberoftrunks>
    <pruningrequirement>needed for strong structure</pruningrequirement>
    <showiness>not showy</showiness>
    <currentyeartwigthickness>medium</currentyeartwigthickness>
    <trunkandbranchbreakage>susceptible to breakage</trunkandbranchbreakage>
    <woodspecificgravity>unknown</woodspecificgravity>
    <branchdrooping>branches don't droop</branchdrooping>
    <crownshaft>not applicable</crownshaft>
    <barkthickness>thick</barkthickness>
    <thorns>no</thorns>
  </trunkandbranches>
  <pests/>
  <fruit>
    <composition>dry or hard</composition>
    <attractiontowildlife>attracts squirrels/mammals</attractiontowildlife>
    <edible>no</edible>
    <shape>elongated</shape>
    <showiness>unknown</showiness>
    <length>unknown</length>
    <persistant>yes</persistant>
    <litter>fruit/leaves a litter problem</litter>
    <color>brown</color>
  </fruit>
  <name>
    <listingname>Acer diabolicum</listingname>
    <family>Aceraceae</family>
    <pronunciation>AY-sur di-uh-BAHL-ih-kum</pronunciation>
    <species>diabolicum</species>
    <genus>Acer</genus>
    <cultivar/>
    <commonname>Devil's Maple, Horned Maple</commonname>
  </name>
  <photographs>
    <entireplant>1176108</entireplant>
    <fall>14806575</fall>
    <other>16188781</other>
    <foliage>8764804</foliage>
    <trunk>8311696</trunk>
  </photographs>
  <crowncanopy>
    <texture>medium</texture>
    <density>dense</density>
    <shape>round</shape>
    <uniformity>symmetrical</uniformity>
  </crowncanopy>
  <other>
    <verticilliumwilt>susceptible</verticilliumwilt>
    <outstandingtree>yes</outstandingtree>
    <winterinterest>no</winterinterest>
    <invasivepotential>native to North America</invasivepotential>
    <surfacerooting>unknown</surfacerooting>
    <availability>somewhat available</availability>
    <ozonesensitivity>unknown</ozonesensitivity>
  </other>
  <descriptivetext>&lt;p align="left"&gt;

This tree is sometimes listed in catalogs as Ash-Leafed Maple and the numerous, attractive seeds are very popular with squirrels.  Fall color can be vivid yellow in the north to muted orange-brown in the southern part of its range.  There is occasional good fall color in the south.  A nice plant for naturalized areas, particularly if the soil is wet, or the pH is alkaline. Plants are also highly drought tolerant. It is probably best used in these areas to help stabilize stream beds and colonize reclaimed land.  It is usually not recommended as a street tree due to its weak structure but has been used as such in the drier portions of the continent. Trees compartmentalize decay poorly and often become hollow as they age especially if they are pruned inappropriately.&lt;/p&gt;&lt;p align="left"&gt;

Prune early in the life of the tree to develop several major branches well-spaced along a central trunk.  This will improve the durability of the tree compared to trees with many upright and spreading branches originating from one point on the trunk. Female trees develop many fruit that hang on the tree through winter.&lt;/p&gt;</descriptivetext>
  <growthrate>fast</growthrate>
</tree>