<?xml version="1.0" encoding="UTF-8" standalone="no"?><tree>
  <foliage>
    <shape>ovate, obovate</shape>
    <summercolor>green</summercolor>
    <spiny>no</spiny>
    <type>trifoliate, odd-pinnately compound</type>
    <arrangement>opposite/subopposite</arrangement>
    <bladelength>less than 2 inches, 2 to 4 inches</bladelength>
    <venation>pinnate</venation>
    <fallcharacteristics>not showy</fallcharacteristics>
    <margin>serrate</margin>
    <fallcolor>red, yellow</fallcolor>
    <persistence>deciduous</persistence>
  </foliage>
  <rangemap>Range Map RM5B8A</rangemap>
  <pestresistance>free of serious pests and diseases</pestresistance>
  <lifespan>25 to 50 years</lifespan>
  <culturetolerances>
    <saltspraytolerance>unknown</saltspraytolerance>
    <soilphtolerance>acidic, slightly alkaline</soilphtolerance>
    <lightrequirements>partial sun or partial shade, full sun</lightrequirements>
    <soilsalttolerance>unknown</soilsalttolerance>
    <droughttolerance>moderate</droughttolerance>
    <soildrainagetolerance>well-drained</soildrainagetolerance>
    <soiltexturetolerance>clay, sand, loam</soiltexturetolerance>
  </culturetolerances>
  <flower>
    <season>flowers in spring</season>
    <color>yellow</color>
    <fragrance>no</fragrance>
    <showiness>not showy</showiness>
  </flower>
  <planttype>tree</planttype>
  <factsheet>ST013</factsheet>
  <use>hedge, tree lawn 3-4 feet wide, tree lawn 4-6 feet wide, tree lawn &gt; 6 ft wide, sidewalk cutout (tree pit), deck or patio, specimen, street without sidewalk, container or planter, bonsai, recommended</use>
  <usdahardinesszone>5B-8A</usdahardinesszone>
  <nativeorigin>
    <nativetonorthamerica>no</nativetonorthamerica>
    <recommendedfordryclimates>no</recommendedfordryclimates>
    <nativefloridacounty>Not Native to Florida</nativefloridacounty>
  </nativeorigin>
  <size>
    <height>15 to 25 feet</height>
    <maturespread>20 to 30 feet</maturespread>
    <maintainableheight>not suitable for clipping</maintainableheight>
    <matureheight>15 to 25 feet</matureheight>
    <spread>25 to 35 feet</spread>
  </size>
  <pestsanddiseases>&lt;p align="center"&gt;&lt;b&gt;&lt;u&gt;Pests and Diseases&lt;/u&gt;&lt;/b&gt;&lt;/p&gt;&lt;p align="left"&gt;

It has problems similar to other maples. &lt;/p&gt;</pestsanddiseases>
  <trunkandbranches>
    <currentyeartwigcolor>reddish, green</currentyeartwigcolor>
    <numberoftrunks>typically multi-trunked, can be trained to one trunk</numberoftrunks>
    <pruningrequirement>needed for strong structure</pruningrequirement>
    <showiness>showy</showiness>
    <currentyeartwigthickness>thin</currentyeartwigthickness>
    <trunkandbranchbreakage>resistant</trunkandbranchbreakage>
    <woodspecificgravity>unknown</woodspecificgravity>
    <branchdrooping>branches don't droop</branchdrooping>
    <crownshaft>not applicable</crownshaft>
    <barkthickness>thick</barkthickness>
    <thorns>no</thorns>
  </trunkandbranches>
  <fruit>
    <composition>dry or hard</composition>
    <attractiontowildlife>little</attractiontowildlife>
    <edible>no</edible>
    <shape>elongated</shape>
    <showiness>not showy</showiness>
    <length>.5 to 1 inch</length>
    <persistant>no</persistant>
    <litter>fruit/leaves not a litter problem</litter>
    <color>brown, green</color>
  </fruit>
  <name>
    <listingname>Ivy-Leaf Maple, Maple, Ivy-Leaf</listingname>
    <family>Aceraceae</family>
    <pronunciation>AY-ser  siss-ih-FOLE-ee-um</pronunciation>
    <species>cissifolium</species>
    <genus>Acer</genus>
    <commonname>Ivy-Leaf Maple</commonname>
  </name>
  <photographs>
    <entireplant>7899192</entireplant>
    <fall>3438526</fall>
    <foliage>2327147</foliage>
    <trunk>11897565</trunk>
  </photographs>
  <crowncanopy>
    <texture>fine</texture>
    <density>dense</density>
    <shape>round</shape>
    <uniformity>symmetrical</uniformity>
  </crowncanopy>
  <other>
    <verticilliumwilt>susceptible</verticilliumwilt>
    <outstandingtree>no</outstandingtree>
    <winterinterest>yes</winterinterest>
    <invasivepotential>not assessed or incomplete data</invasivepotential>
    <surfacerooting>not a problem</surfacerooting>
    <availability>rarely available</availability>
    <ozonesensitivity>unknown</ozonesensitivity>
  </other>
  <descriptivetext>&lt;p align="center"&gt;&lt;b&gt;&lt;em&gt;Acer cissifolium &lt;/em&gt;Ivy-Leaf Maple &lt;/b&gt;&lt;/p&gt;&lt;p align="left"&gt;

Ivy-leaf maple reaches 20 to 30 feet in height and is equally wide, with a broad, rounded, very dense, fine-textured canopy.  The branches have a twisted and contorted growth habit which, along with the smooth, grey bark, creates an attractive winter silhouette.  Upper branches are upright, middle ones horizontal and lower branches slightly pendulous.  The crown is made up of a large number of finely-divided, small diameter branches with none really dominant.   &lt;/p&gt;&lt;p align="left"&gt;

The divided leaflets turn muted shades of red and yellow before dropping in fall.  Probably best used as a patio tree or specimen, it could be tried as a street tree, particularly in areas where overhead space is restricted such as beneath power lines.  It would make a lovely tree for planting on 20 foot centers along an entry driveway to a commercial landscape, or along a suburban street.  Set them back from the street 8 to 12 feet if large trucks use the street regularly since the tree loses its attractiveness (just like the callery pears) when lower branches are removed for vehicle clearance.  They can be planted closer if the street is residential and predominantly travelled by automobiles. &lt;/p&gt;&lt;p align="left"&gt;

Ivy-leaf maple prefers a partially shaded location (particularly in the southern part of its range) but will grow well in full sun when grown on well-drained, moist, acid soil.  Tolerating drought without leaf scorch except in the driest, sandy soils, ivy-leaf maple appears to be a tough maple deserving greater usage in urban and suburban landscapes. &lt;/p&gt;&lt;p align="left"&gt;

Propagation is by cuttings. &lt;/p&gt;</descriptivetext>
  <growthrate>slow</growthrate>
</tree>