<?xml version="1.0" encoding="UTF-8" standalone="no"?><tree>
  <other>
    <verticilliumwilt>susceptible</verticilliumwilt>
    <outstandingtree>yes</outstandingtree>
    <winterinterest>yes</winterinterest>
    <invasivepotential>not assessed or incomplete data</invasivepotential>
    <surfacerooting>not a problem</surfacerooting>
    <availability>generally available</availability>
    <ozonesensitivity>unknown</ozonesensitivity>
  </other>
  <fruit>
    <composition>dry or hard</composition>
    <attractiontowildlife>attracts squirrels/mammals, attracts birds</attractiontowildlife>
    <edible>no</edible>
    <shape>elongated</shape>
    <showiness>showy</showiness>
    <length>1 to 3 inches</length>
    <persistant>no</persistant>
    <litter>fruit/leaves not a litter problem</litter>
    <color>red</color>
  </fruit>
  <foliage>
    <shape>ovate</shape>
    <summercolor>green</summercolor>
    <spiny>no</spiny>
    <type>simple</type>
    <arrangement>opposite/subopposite</arrangement>
    <bladelength>2 to 4 inches</bladelength>
    <venation>palmate</venation>
    <fallcharacteristics>showy</fallcharacteristics>
    <margin>incised, lobed</margin>
    <fallcolor>orange, red</fallcolor>
    <persistence>deciduous</persistence>
  </foliage>
  <crowncanopy>
    <texture>medium</texture>
    <density>dense</density>
    <shape>oval, round, upright/erect</shape>
    <uniformity>irregular</uniformity>
  </crowncanopy>
  <trunkandbranches>
    <currentyeartwigcolor>gray, reddish</currentyeartwigcolor>
    <numberoftrunks>typically one trunk</numberoftrunks>
    <pruningrequirement>needed for strong structure</pruningrequirement>
    <showiness>not showy</showiness>
    <currentyeartwigthickness>medium</currentyeartwigthickness>
    <trunkandbranchbreakage>susceptible to breakage</trunkandbranchbreakage>
    <woodspecificgravity>unknown</woodspecificgravity>
    <branchdrooping>branches droop</branchdrooping>
    <crownshaft>not applicable</crownshaft>
    <barkthickness>thin bark</barkthickness>
    <thorns>no</thorns>
  </trunkandbranches>
  <planttype>tree</planttype>
  <use>reclamation, highway median, screen, shade, street without sidewalk, deck or patio, tree lawn 4-6 feet wide, tree lawn &gt; 6 ft wide, bonsai, recommended</use>
  <lifespan>more than 50 years</lifespan>
  <size>
    <height>50 to 75 feet</height>
    <maturespread>35 to 50 feet</maturespread>
    <maintainableheight>not suitable for clipping</maintainableheight>
    <matureheight>50 to 75 feet</matureheight>
    <spread>35 to 50 feet</spread>
  </size>
  <culturetolerances>
    <saltspraytolerance>low</saltspraytolerance>
    <soilphtolerance>acidic</soilphtolerance>
    <lightrequirements>full sun, partial sun or partial shade</lightrequirements>
    <soilsalttolerance>poor</soilsalttolerance>
    <droughttolerance>moderate</droughttolerance>
    <soildrainagetolerance>extended flooding, well-drained</soildrainagetolerance>
    <soiltexturetolerance>clay, sand, loam</soiltexturetolerance>
  </culturetolerances>
  <usdahardinesszone>4A-8B</usdahardinesszone>
  <pestresistance>resistant to pests/diseases</pestresistance>
  <growthrate>fast</growthrate>
  <photographs>
    <entireplant>8961748</entireplant>
    <fall>1178501</fall>
    <foliage>762199</foliage>
  </photographs>
  <flower>
    <season>flowers in spring, flowers in winter</season>
    <color>red</color>
    <fragrance>no</fragrance>
    <showiness>showy</showiness>
  </flower>
  <name>
    <listingname>Autumn Blaze Maple</listingname>
    <family>Aceraceae</family>
    <pronunciation>AY-ser  x  free-MAN-ee-eye</pronunciation>
    <species>x freemanii</species>
    <genus>Acer</genus>
    <cultivar>'Jeffersred'</cultivar>
    <commonname>Autumn Blaze Maple</commonname>
  </name>
  <rangemap>Range Map RM4A8A</rangemap>
  <nativeorigin>
    <nativetonorthamerica>no</nativetonorthamerica>
    <recommendedfordryclimates>no</recommendedfordryclimates>
    <nativefloridacounty>Not Native to Florida</nativefloridacounty>
  </nativeorigin>
</tree>