<?xml version="1.0" encoding="UTF-8" standalone="no"?><tree>
  <diseases>&lt;p align="center"&gt;&lt;b&gt;&lt;u&gt;Diseases&lt;/u&gt;&lt;/b&gt;&lt;/p&gt;&lt;p align="left"&gt;

Sycamore Maple is susceptible to trunk and branch cankers. &lt;/p&gt;</diseases>
  <planttype>tree</planttype>
  <size>
    <height>50 to 75 feet</height>
    <maturespread>40 to 60 feet</maturespread>
    <maintainableheight>not suitable for clipping</maintainableheight>
    <matureheight>60 to 70 feet</matureheight>
    <spread>35 to 50 feet</spread>
  </size>
  <use>sidewalk cutout (tree pit), tree lawn &gt; 6 ft wide, parking lot island &gt; 200 sq ft, shade, recommended</use>
  <flower>
    <season>flowers in spring</season>
    <color>green</color>
    <fragrance>no</fragrance>
    <showiness>not showy</showiness>
  </flower>
  <other>
    <verticilliumwilt>susceptible</verticilliumwilt>
    <outstandingtree>no</outstandingtree>
    <winterinterest>no</winterinterest>
    <invasivepotential>invasive: not recommended</invasivepotential>
    <surfacerooting>not a problem</surfacerooting>
    <availability>somewhat available</availability>
    <ozonesensitivity>tolerant</ozonesensitivity>
  </other>
  <fruit>
    <composition>dry or hard</composition>
    <attractiontowildlife>little</attractiontowildlife>
    <edible>no</edible>
    <shape>elongated</shape>
    <showiness>showy</showiness>
    <length>1 to 3 inches</length>
    <persistant>no</persistant>
    <litter>fruit/leaves not a litter problem</litter>
    <color>green</color>
  </fruit>
  <factsheet>ST040</factsheet>
  <growthrate>fast</growthrate>
  <crowncanopy>
    <texture>coarse</texture>
    <density>moderate</density>
    <shape>round, spreading</shape>
    <uniformity>symmetrical</uniformity>
  </crowncanopy>
  <photographs>
    <entireplant>6140503</entireplant>
    <flower>5699559</flower>
    <fruit>740304</fruit>
    <foliage>2280423</foliage>
    <trunk>735718</trunk>
  </photographs>
  <name>
    <listingname>Sycamore Maple, Planetree Maple, Maple, Sycamore, Maple, Planetree</listingname>
    <family>Aceraceae</family>
    <pronunciation>AY-ser  soo-doe-PLAT-uh-nus</pronunciation>
    <species>pseudoplatanus</species>
    <genus>Acer</genus>
    <commonname>Sycamore Maple, Planetree Maple</commonname>
  </name>
  <trunkandbranches>
    <currentyeartwigcolor>gray, brown</currentyeartwigcolor>
    <numberoftrunks>typically one trunk</numberoftrunks>
    <pruningrequirement>little required</pruningrequirement>
    <showiness>showy</showiness>
    <currentyeartwigthickness>medium</currentyeartwigthickness>
    <trunkandbranchbreakage>resistant</trunkandbranchbreakage>
    <woodspecificgravity>unknown</woodspecificgravity>
    <branchdrooping>branches droop</branchdrooping>
    <crownshaft>not applicable</crownshaft>
    <barkthickness>thick</barkthickness>
    <thorns>no</thorns>
  </trunkandbranches>
  <rangemap>Range Map RM5A7B</rangemap>
  <descriptivetext>&lt;p align="center"&gt;&lt;b&gt;&lt;em&gt;Acer pseudoplatanus &lt;/em&gt;Sycamore Maple, Planetree Maple &lt;/b&gt;&lt;/p&gt;&lt;p align="left"&gt;

This large deciduous tree is normally seen at 40 to 60 feet in height although Sycamore Maple is capable of reaching over 100 feet in height.  The spreading branches form an oval or rounded canopy and the dark green, three to seven-inch-diameter, lobed leaves do not ordinarily become showy in the fall, changing only to a muted yellow before dropping, but this will vary.  The gray to reddish-brown, scaly bark flakes off in small scales to reveal the showy, orange, inner bark.  The green, springtime flowers appear in three to six-inch-long hanging panicles among the leaves in late spring and are followed by one to two-inch-long, winged seeds. &lt;/p&gt;&lt;p align="left"&gt;

This is a large tree which requires space to spread.  Not for the small landscape, its large, falling leaves and early defoliation in the fall can create a challenge for even the most enthusiastic gardener.  Many bags of leaves will be raked from beneath this handsome tree.  This tree may be best saved for the park or other large open-space planting site since its coarse texture blends poorly with residential and many commercial landscapes. &lt;/p&gt;&lt;p align="left"&gt;

Sycamore Maple grows in full sun or partial shade on almost any well-drained soil, acid or alkaline.  Sycamore Maple is quite adaptable to various soils and is also highly salt-tolerant.  Little pruning is needed to develop a good trunk and branch structure. &lt;/p&gt;</descriptivetext>
  <pestresistance>sensitive to pests/diseases</pestresistance>
  <foliage>
    <shape>ovate</shape>
    <summercolor>green</summercolor>
    <spiny>no</spiny>
    <type>simple</type>
    <arrangement>opposite/subopposite</arrangement>
    <bladelength>4 to 8 inches</bladelength>
    <venation>palmate</venation>
    <fallcharacteristics>not showy</fallcharacteristics>
    <margin>serrate, lobed</margin>
    <fallcolor>no color change</fallcolor>
    <persistence>deciduous</persistence>
  </foliage>
  <pests>&lt;p align="center"&gt;&lt;b&gt;&lt;u&gt;Pests&lt;/u&gt;&lt;/b&gt;&lt;/p&gt;&lt;p align="left"&gt;

No pests are of major concern. &lt;/p&gt;</pests>
  <usdahardinesszone>5A-7B</usdahardinesszone>
  <culturetolerances>
    <saltspraytolerance>high</saltspraytolerance>
    <soilphtolerance>alkaline, acidic</soilphtolerance>
    <lightrequirements>full sun, partial sun or partial shade</lightrequirements>
    <soilsalttolerance>good</soilsalttolerance>
    <droughttolerance>moderate</droughttolerance>
    <soildrainagetolerance>occasionally wet, well-drained</soildrainagetolerance>
    <soiltexturetolerance>clay, sand, loam</soiltexturetolerance>
  </culturetolerances>
  <nativeorigin>
    <nativetonorthamerica>no</nativetonorthamerica>
    <recommendedfordryclimates>no</recommendedfordryclimates>
    <nativefloridacounty>Not Native to Florida</nativefloridacounty>
  </nativeorigin>
  <lifespan>more than 50 years</lifespan>
</tree>