<?xml version="1.0" encoding="UTF-8" standalone="no"?><tree>
  <diseases>&lt;p align="center"&gt;&lt;b&gt;&lt;u&gt;Diseases&lt;/u&gt;&lt;/b&gt;&lt;/p&gt;&lt;p align="left"&gt;

Scorch may occur during periods of high temperatures accompanied by wind.  Trees with diseased or inadequate root systems will also show scorching.  When trees do not get enough water they scorch.  Scorch symptoms are light brown or tan dead areas between leaf veins.  The symptoms are on all parts of the tree or only on the side exposed to sun and wind.  Scorching due to dry soil may be overcome by watering.  If scorching is due to an inadequate or diseased root system, watering may have no effect. &lt;/p&gt;&lt;p align="left"&gt;

Nutrient deficiency symptoms are yellow or yellowish-green leaves with darker green veins.  The most commonly deficient nutrient on maple is manganese.  Implanting capsules containing a manganese source in the trunk will alleviate the symptoms.  Test soil samples to determine if the soil pH is too high for best manganese availability.  Plants exposed to weed killers may also show similar symptoms. &lt;/p&gt;&lt;p align="left"&gt;

Tar spot and a variety of leaf spots cause some concern among homeowners but are rarely serious enough for control. &lt;/p&gt;</diseases>
  <planttype>tree</planttype>
  <size>
    <height>25 to 50 feet</height>
    <maturespread>25 to 35 feet</maturespread>
    <maintainableheight>not suitable for clipping</maintainableheight>
    <matureheight>30 to 35 feet</matureheight>
    <spread>25 to 35 feet</spread>
  </size>
  <use>reclamation, bonsai, highway median, screen, shade, street without sidewalk, deck or patio, tree lawn 3-4 feet wide, tree lawn 4-6 feet wide, tree lawn &gt; 6 ft wide, recommended</use>
  <flower>
    <season>flowers in spring, flowers in winter</season>
    <color>red</color>
    <fragrance>no</fragrance>
    <showiness>showy</showiness>
  </flower>
  <other>
    <verticilliumwilt>susceptible</verticilliumwilt>
    <outstandingtree>no</outstandingtree>
    <winterinterest>yes</winterinterest>
    <invasivepotential>native to North America</invasivepotential>
    <surfacerooting>can form large surface roots</surfacerooting>
    <availability>rarely available</availability>
    <ozonesensitivity>unknown</ozonesensitivity>
  </other>
  <fruit>
    <composition>dry or hard</composition>
    <attractiontowildlife>attracts birds, attracts squirrels/mammals</attractiontowildlife>
    <edible>no</edible>
    <shape>elongated</shape>
    <showiness>showy</showiness>
    <length>1 to 3 inches</length>
    <persistant>no</persistant>
    <litter>fruit/leaves not a litter problem</litter>
    <color>red</color>
  </fruit>
  <factsheet>ST045</factsheet>
  <growthrate>moderate</growthrate>
  <crowncanopy>
    <texture>medium</texture>
    <density>dense</density>
    <shape>round, pyramidal</shape>
    <uniformity>symmetrical</uniformity>
  </crowncanopy>
  <photographs>
    <foliage>438847</foliage>
    <entireplant>8997272</entireplant>
  </photographs>
  <name>
    <listingname>`Gerling' Red Maple, Maple, `Gerling' Red</listingname>
    <family>Aceraceae</family>
    <pronunciation>AY-ser  ROO-brum</pronunciation>
    <species>rubrum</species>
    <genus>Acer</genus>
    <cultivar>'Gerling'</cultivar>
    <commonname>'Gerling' Red Maple</commonname>
  </name>
  <trunkandbranches>
    <currentyeartwigcolor>gray, reddish</currentyeartwigcolor>
    <numberoftrunks>typically one trunk</numberoftrunks>
    <pruningrequirement>needed for strong structure</pruningrequirement>
    <showiness>not showy</showiness>
    <currentyeartwigthickness>medium</currentyeartwigthickness>
    <trunkandbranchbreakage>resistant</trunkandbranchbreakage>
    <woodspecificgravity>0.54</woodspecificgravity>
    <branchdrooping>branches droop</branchdrooping>
    <crownshaft>not applicable</crownshaft>
    <barkthickness>thin bark</barkthickness>
    <thorns>no</thorns>
  </trunkandbranches>
  <rangemap>Range Map RM4A8B</rangemap>
  <descriptivetext>&lt;p align="center"&gt;&lt;b&gt;&lt;em&gt;Acer rubrum &lt;/em&gt; `Gerling' `Gerling' Red Maple &lt;/b&gt;&lt;/p&gt;&lt;p align="left"&gt;

This cultivar of Red Maple has a dense, rounded crown and is a slow grower, reaching a height of 30 feet with a wider spread.  Unless irrigated or on a wet site, Red Maple is best used north of USDA hardiness zone 9.  Trees are often shorter in the southern part of its range unless growing next to a stream or on a wet site.  The newly emerging leaves and red flowers and fruits signal that spring has come.  They appear in December and January in Florida, later in the northern part of its range.  The seeds of Red Maple are quite popular with squirrels and birds.  This tree if sometimes confused with red-leaved cultivars of Norway Maple.  It is well-suited as a street tree in northern and mid-south climates in residential and other suburban areas but the bark is thin and easily damaged by mowers.  Its small stature makes it a candidate for planting near overhead wires.  &lt;/p&gt;&lt;p align="left"&gt;

The outstanding ornamental characteristic of Red Maple is red, orange or yellow fall color (sometimes on the same tree) lasting several weeks.  This cultivar of Red Maple puts on a good display of fall color. &lt;/p&gt;&lt;p align="left"&gt;

The tree makes the best growth in wet places and has no other particular soil preference except chlorosis may develop on alkaline soil where it also grows poorly.  Irrigation is often needed to support street tree plantings in well-drained soil in the south.  Roots can raise sidewalks as Silver Maples can but they have a less aggressive root system and so they make a good street tree.  Surface roots beneath the canopy can make mowing difficult. &lt;/p&gt;&lt;p align="left"&gt;

Red Maple is easily transplanted and usually develops surface roots in soil ranging from well-drained sand to clay.  It is not especially drought-tolerant, particularly in the southern part of the range, but selected individual trees can be found growing on dry sites.  This trait shows the wide range of genetic diversity in the species. &lt;/p&gt;&lt;p align="left"&gt;

A number of other cultivars are listed.  Due to graft-incompatibility problems which cause the tree to break apart, preference should be given to cultivars produced on their own roots.  In the northern and southern end of the range, choose cultivars with regional adaptation.  The cultivars are:  `Armstrong' - upright growth habit, almost columnar, somewhat prone to splitting branches due to tight crotches, 50 feet tall; `Autumn Flame' - 45 feet tall, round, above average fall color; `Bowhall' - upright growth habit, branches form embedded bark, graft incompatibility on grafted trees;  `October Glory' - above average fall color, excellent tree, retains leaves late, 60 feet tall; `Red Sunset' - above average orange to red fall color, does well in the south in USDA hardiness zone 8, probably the best cultivar for the deep south, oval, 50 feet tall; `Scanlon' - upright growth habit; `Schlesinger' - good fall color, rapid growth rate; `Tilford' - globe-shaped crown.  Variety  &lt;em&gt;drummondii &lt;/em&gt; suitable in USDA hardiness zone 8. &lt;/p&gt;</descriptivetext>
  <pestresistance>resistant to pests/diseases</pestresistance>
  <foliage>
    <shape>ovate</shape>
    <summercolor>green</summercolor>
    <spiny>no</spiny>
    <type>simple</type>
    <arrangement>opposite/subopposite</arrangement>
    <bladelength>2 to 4 inches</bladelength>
    <venation>palmate</venation>
    <fallcharacteristics>showy</fallcharacteristics>
    <margin>incised, serrate, lobed</margin>
    <fallcolor>yellow, orange, red</fallcolor>
    <persistence>deciduous</persistence>
  </foliage>
  <pests>&lt;p align="center"&gt;&lt;b&gt;&lt;u&gt;Pests&lt;/u&gt;&lt;/b&gt;&lt;/p&gt;&lt;p align="left"&gt;

Leaf stalk borer and petiole-borer cause the same type of injury.  Both insects bore into the leaf stalk just below the leaf blade. The leaf stalk shrivels, turns black, and the leaf blade falls off. The leaf drop may appear heavy but serious injury to a healthy tree is rare. &lt;/p&gt;&lt;p align="left"&gt;

Gall mites stimulate the formation of growths or galls on the leaves.  The galls are small but can be so numerous that individual leaves curl up.  The most common gall is bladder gall mite found on silver maple.  The galls are round and at first green but later turn red, then black, then dry up.  Galls of other shapes are seen less frequently on other types of maples.  Galls are not serious, so chemical controls are not needed. &lt;/p&gt;&lt;p align="left"&gt;

Aphids infest maples, usually Norway Maple, and may be numerous at times.  High populations can cause leaf drop.  Another sign of heavy aphid infestation is honey dew on lower leaves and objects beneath the tree.  Aphids are controlled by spraying or they may be left alone.  If not sprayed, predatory insects will bring the aphid population under control. &lt;/p&gt;&lt;p align="left"&gt;

Scales are an occasional problem on maples.  Perhaps the most common is cottony maple scale. The insect forms a cottony mass on the lower sides of branches.  Scales are usually controlled with horticultural oil sprays.  Scales may also be controlled with well-timed sprays to kill the crawlers. &lt;/p&gt;&lt;p align="left"&gt;

If borers become a problem it is an indication the tree is not growing well.  Controlling borers involves keeping trees healthy.  Chemical controls of existing infestations are more difficult.  Proper control involves identification of the borer infesting the tree then applying insecticides at the proper time. &lt;/p&gt;&lt;p align="left"&gt;

Twig borers can cause die-back of the terminal 8 to 12 inches of small-diameter branches.  This is usually not serious and does not require control measures, but it can be a problem on young trees in the nursery. &lt;/p&gt;</pests>
  <usdahardinesszone>4A-8B</usdahardinesszone>
  <culturetolerances>
    <saltspraytolerance>low</saltspraytolerance>
    <soilphtolerance>acidic</soilphtolerance>
    <lightrequirements>full sun, partial sun or partial shade</lightrequirements>
    <soilsalttolerance>poor</soilsalttolerance>
    <droughttolerance>moderate</droughttolerance>
    <soildrainagetolerance>well-drained, extended flooding</soildrainagetolerance>
    <soiltexturetolerance>sand, loam, clay</soiltexturetolerance>
  </culturetolerances>
  <nativeorigin>
    <nativetonorthamerica>yes</nativetonorthamerica>
    <recommendedfordryclimates>no</recommendedfordryclimates>
    <nativefloridacounty>Not Native to Florida</nativefloridacounty>
  </nativeorigin>
  <lifespan>more than 50 years</lifespan>
</tree>