<?xml version="1.0" encoding="UTF-8" standalone="no"?><tree>
  <factsheet>ST049</factsheet>
  <descriptivetext>&lt;p align="center"&gt;&lt;b&gt;&lt;em&gt;Acer saccharinum &lt;/em&gt; `Pyramidale' `Pyramidale' Silver Maple &lt;/b&gt;&lt;/p&gt;&lt;p align="left"&gt;

This cultivar of Silver Maple has a broad columnar shape with essentially one trunk and is a rapidly-growing, fairly weak-wooded tree which reaches a height of about 60 to 70 feet on a moist to wet site.  The tree is useful in wet areas, transplants easily and can grow where few others can.  It should be saved for planting in wet areas away from people or where nothing else will thrive.  Roots often grow on the surface of the soil making mowing grass difficult under the canopy.  They also are aggressive, growing into septic tank drain fields and into broken or leaky water and sewer pipes.  It is also hard to plant shrubs and other plants beneath the branches due the dense root system. &lt;/p&gt;&lt;p align="left"&gt;

Silver Maple will grow in areas which have standing water for several weeks at a time.  It grows best on acid soil which remains moist, but adapts to very dry, alkaline soil.  Leaves may scorch in areas with restricted soil space during dry spells in the summer but will tolerate drought if roots can grow unrestricted into a large soil volume. &lt;/p&gt;&lt;p align="left"&gt;

The bright yellow fall color can attract attention in early fall but you will pay the price with the abundant number of leaves to rake.  To develop a stronger, more durable tree, prune so that major limbs remain smaller than half the diameter of the trunk. &lt;/p&gt;&lt;p align="left"&gt;

Silver Maple can be a prolific seed producer giving rise to many volunteer trees.  It often sends up sprouts from the trunk and branches producing an unkempt appearance.  There are numerous insect and disease problems.  There are too many other superior trees to warrant wide use of this species but it does have its place in tough sites away from buildings and people.  The species grows extremely fast so creates almost instant shade, making it a popular tree among homeowners throughout its hardiness range.  This cultivar shares the fast growth rate. &lt;/p&gt;&lt;p align="left"&gt;

Trees are susceptible to many pest problems. &lt;/p&gt;&lt;p align="left"&gt;

There are a few cultivars but these also have weak wood:  `Silver Queen' - bright green leaves  with lower leaf surfaces silvery;  `Skinneri'- somewhat weeping, pyramidal form, dissected leaves with a better branching habit;  `Weiri' - cutleaved form with pendulous branches. &lt;/p&gt;&lt;p align="left"&gt;

Trees are propagated from seeds and from cuttings. &lt;/p&gt;</descriptivetext>
  <pests>&lt;p align="center"&gt;&lt;b&gt;&lt;u&gt;Pests&lt;/u&gt;&lt;/b&gt;&lt;/p&gt;&lt;p align="left"&gt;

Leaf stalk borer and petiole-borer cause the same type of injury.  Both insects bore into the leaf stalk just below the leaf blade. The leaf stalk shrivels, turns black, and the leaf blade falls off. The leaf drop may appear heavy but serious injury to a healthy tree is rare. &lt;/p&gt;&lt;p align="left"&gt;

Gall mites stimulate the formation of growths or galls on the leaves.  The galls are small but can be so numerous that individual leaves curl up.  The most common gall is bladder gall mite found on silver maple.  The galls are round and at first green but later turn red, then black, then dry up.  Galls of other shapes are seen less frequently on other types of maples.  Galls are not serious, so chemical controls are not needed. &lt;/p&gt;&lt;p align="left"&gt;

Crimson erineum mite is usually found on silver maple and causes the formation of red fuzzy patches on the lower leaf surfaces.  The problem is not serious so control measures are not suggested. &lt;/p&gt;&lt;p align="left"&gt;

Aphids infest maples, usually Norway Maple, and may be numerous at times.  High populations can cause leaf drop.  Another sign of heavy aphid infestation is honey dew on lower leaves and objects beneath the tree.  Aphids are controlled by spraying or they may be left alone.  If not sprayed, predatory insects will bring the aphid population under control. &lt;/p&gt;&lt;p align="left"&gt;

Scales are an occasional problem on maples.  Perhaps the most common is cottony maple scale. The insect forms a cottony mass on the lower sides of branches.  Scales are usually controlled with horticultural oil sprays.  Scales may also be controlled with well-timed sprays to kill the crawlers. &lt;/p&gt;&lt;p align="left"&gt;

If borers become a problem it is an indication the tree is not growing well.  Controlling borers involves keeping trees healthy.  Chemical controls of existing infestations are more difficult.  Proper control involves identification of the borer infesting the tree then applying insecticides at the proper time. &lt;/p&gt;</pests>
  <culturetolerances>
    <saltspraytolerance>moderate</saltspraytolerance>
    <soilphtolerance>acidic</soilphtolerance>
    <lightrequirements>full sun, partial sun or partial shade</lightrequirements>
    <soilsalttolerance>moderate</soilsalttolerance>
    <droughttolerance>high</droughttolerance>
    <soildrainagetolerance>well-drained, extended flooding</soildrainagetolerance>
    <soiltexturetolerance>sand, loam, clay</soiltexturetolerance>
  </culturetolerances>
  <trunkandbranches>
    <currentyeartwigcolor>reddish, brown</currentyeartwigcolor>
    <numberoftrunks>typically one trunk</numberoftrunks>
    <pruningrequirement>needed for strong structure</pruningrequirement>
    <showiness>not showy</showiness>
    <currentyeartwigthickness>thin, medium</currentyeartwigthickness>
    <trunkandbranchbreakage>susceptible to breakage</trunkandbranchbreakage>
    <woodspecificgravity>0.47</woodspecificgravity>
    <branchdrooping>branches droop</branchdrooping>
    <crownshaft>not applicable</crownshaft>
    <barkthickness>thin bark</barkthickness>
    <thorns>no</thorns>
  </trunkandbranches>
  <note>Photos are of Species</note>
  <name>
    <listingname>'Pyramidale' Silver Maple, Maple, 'Pyramidale' Silver</listingname>
    <family>Aceraceae</family>
    <pronunciation>AY-ser  sack-uh-RYE-num</pronunciation>
    <species>saccharinum</species>
    <genus>Acer</genus>
    <cultivar>'Pyramidale'</cultivar>
    <commonname>'Pyramidale' Silver Maple</commonname>
  </name>
  <usdahardinesszone>3A-9B</usdahardinesszone>
  <diseases>&lt;p align="center"&gt;&lt;b&gt;&lt;u&gt;Diseases&lt;/u&gt;&lt;/b&gt;&lt;/p&gt;&lt;p align="left"&gt;

Verticillium wilt symptoms are wilting and death of branches.  Infected sapwood will be stained a dark or olive green but staining can't always be found.  If staining can not be found do not assume the problem is not verticillium wilt.  Severely infected trees probably can't be saved.  Lightly infected trees showing only a few wilted branches may be pulled through.  Fertilize and prune lightly infected trees.  This treatment will not cure the problem but may allow the tree to outgrow the infection.  Girdling roots will cause symptoms which mimic verticillium wilt. &lt;/p&gt;&lt;p align="left"&gt;

Scorch occurs during periods of high temperatures accompanied by wind.  Trees with diseased or inadequate root systems will also show scorching.  When trees do not get enough water they scorch.  Scorch symptoms are light brown or tan dead areas between leaf veins.  The symptoms are on all parts of the tree or only on the side exposed to sun and wind.  Scorching due to dry soil may be overcome by watering.  If scorching is due to an inadequate or diseased root system, watering will have no effect. &lt;/p&gt;&lt;p align="left"&gt;

Tar spot and a variety of leaf spots cause some concern among homeowners but are rarely serious enough for control. &lt;/p&gt;</diseases>
  <nativeorigin>
    <nativetonorthamerica>yes</nativetonorthamerica>
    <recommendedfordryclimates>yes</recommendedfordryclimates>
    <nativefloridacounty>Not Native to Florida</nativefloridacounty>
  </nativeorigin>
  <use>urban tolerant, reclamation, recommended</use>
  <growthrate>fast</growthrate>
  <planttype>tree</planttype>
  <rangemap>Range Map RM3A9B</rangemap>
  <foliage>
    <shape>star-shaped</shape>
    <summercolor>green</summercolor>
    <spiny>no</spiny>
    <type>simple</type>
    <arrangement>opposite/subopposite</arrangement>
    <bladelength>2 to 4 inches, 4 to 8 inches</bladelength>
    <venation>palmate</venation>
    <fallcharacteristics>showy</fallcharacteristics>
    <margin>parted</margin>
    <fallcolor>yellow</fallcolor>
    <persistence>deciduous</persistence>
  </foliage>
  <flower>
    <season>flowers in spring</season>
    <color>red</color>
    <fragrance>no</fragrance>
    <showiness>showy</showiness>
  </flower>
  <pestresistance>resistant to pests/diseases</pestresistance>
  <lifespan>more than 50 years</lifespan>
  <fruit>
    <composition>dry or hard</composition>
    <attractiontowildlife>little</attractiontowildlife>
    <edible>no</edible>
    <shape>elongated</shape>
    <showiness>showy</showiness>
    <length>1 to 3 inches</length>
    <persistant>no</persistant>
    <litter>fruit/leaves a litter problem</litter>
    <color>green, brown</color>
  </fruit>
  <size>
    <height>50 to 75 feet</height>
    <maturespread>25 to 35 feet</maturespread>
    <maintainableheight>not suitable for clipping</maintainableheight>
    <matureheight>60 to 70 feet</matureheight>
    <spread>25 to 35 feet</spread>
  </size>
  <other>
    <verticilliumwilt>susceptible</verticilliumwilt>
    <outstandingtree>no</outstandingtree>
    <winterinterest>no</winterinterest>
    <invasivepotential>native to North America</invasivepotential>
    <surfacerooting>can form large surface roots</surfacerooting>
    <availability>rarely available</availability>
    <ozonesensitivity>unknown</ozonesensitivity>
  </other>
  <crowncanopy>
    <texture>medium</texture>
    <density>moderate</density>
    <shape>columnar, pyramidal</shape>
    <uniformity>symmetrical</uniformity>
  </crowncanopy>
  <photographs>
  </photographs>
</tree>