<?xml version="1.0" encoding="UTF-8" standalone="no"?><tree>
  <foliage>
    <shape>star-shaped</shape>
    <summercolor>purple/red</summercolor>
    <spiny>no</spiny>
    <type>simple</type>
    <arrangement>opposite/subopposite</arrangement>
    <bladelength>2 to 4 inches</bladelength>
    <venation>palmate</venation>
    <fallcharacteristics>showy</fallcharacteristics>
    <margin>lobed, serrate</margin>
    <fallcolor>purple, red</fallcolor>
    <persistence>deciduous</persistence>
  </foliage>
  <rangemap>Range Map RM5BAB</rangemap>
  <pestresistance>resistant to pests/diseases</pestresistance>
  <lifespan>25 to 50 years</lifespan>
  <culturetolerances>
    <saltspraytolerance>none</saltspraytolerance>
    <soilphtolerance>slightly alkaline, acidic</soilphtolerance>
    <lightrequirements>partial sun or partial shade, shade tolerant, full sun</lightrequirements>
    <soilsalttolerance>moderate</soilsalttolerance>
    <droughttolerance>moderate</droughttolerance>
    <soildrainagetolerance>well-drained</soildrainagetolerance>
    <soiltexturetolerance>clay, loam, sand</soiltexturetolerance>
  </culturetolerances>
  <flower>
    <season>flowers in spring</season>
    <color>red</color>
    <fragrance>no</fragrance>
    <showiness>not showy</showiness>
  </flower>
  <planttype>tree, shrub</planttype>
  <factsheet>ST023</factsheet>
  <use>specimen, deck or patio, bonsai, container or planter, trained as a standard, recommended</use>
  <usdahardinesszone>5B-8B</usdahardinesszone>
  <nativeorigin>
    <nativetonorthamerica>no</nativetonorthamerica>
    <recommendedfordryclimates>no</recommendedfordryclimates>
    <nativefloridacounty>Not Native to Florida</nativefloridacounty>
  </nativeorigin>
  <size>
    <height>10 to 15 feet</height>
    <maturespread>15 to 20 feet</maturespread>
    <maintainableheight>not suitable for clipping</maintainableheight>
    <matureheight>12 to 20 feet</matureheight>
    <spread>15 to 25 feet</spread>
  </size>
  <pestsanddiseases>&lt;p align="center"&gt;&lt;b&gt;&lt;u&gt;Pests and Diseases&lt;/u&gt;&lt;/b&gt;&lt;/p&gt;&lt;p align="left"&gt;

Due to poor growth in poorly drained soil, it is often planted on raised beds or on high ground in clay soil.  Aphids, scales and borers can be found on the Maples.  Scorch occurs during periods of high temperatures accompanied by wind.  Trees with diseased or inadequate root systems will also show scorching.  Verticillium wilt can kill plants. &lt;/p&gt;</pestsanddiseases>
  <trunkandbranches>
    <currentyeartwigcolor>green, reddish</currentyeartwigcolor>
    <numberoftrunks>typically multi-trunked</numberoftrunks>
    <pruningrequirement>needed for strong structure</pruningrequirement>
    <showiness>showy</showiness>
    <currentyeartwigthickness>thin</currentyeartwigthickness>
    <trunkandbranchbreakage>resistant</trunkandbranchbreakage>
    <woodspecificgravity>unknown</woodspecificgravity>
    <branchdrooping>branches droop</branchdrooping>
    <crownshaft>not applicable</crownshaft>
    <barkthickness>thin bark</barkthickness>
    <thorns>no</thorns>
  </trunkandbranches>
  <fruit>
    <composition>dry or hard</composition>
    <attractiontowildlife>little</attractiontowildlife>
    <edible>no</edible>
    <shape>elongated</shape>
    <showiness>showy</showiness>
    <length>.5 to 1 inch</length>
    <persistant>no</persistant>
    <litter>fruit/leaves not a litter problem</litter>
    <color>red</color>
  </fruit>
  <name>
    <listingname>'Bloodgood' Japanese Maple, Maple, 'Bloodgood' Japanese</listingname>
    <family>Aceraceae</family>
    <pronunciation>AY-ser  pal-MAY-tum</pronunciation>
    <species>palmatum</species>
    <genus>Acer</genus>
    <cultivar>'Bloodgood'</cultivar>
    <commonname>'Bloodgood' Japanese Maple</commonname>
  </name>
  <photographs>
    <entireplant>15188929</entireplant>
    <fall>6845729</fall>
    <foliage>9143042</foliage>
  </photographs>
  <crowncanopy>
    <texture>medium</texture>
    <density>dense</density>
    <shape>vase, round</shape>
    <uniformity>symmetrical</uniformity>
  </crowncanopy>
  <other>
    <verticilliumwilt>susceptible</verticilliumwilt>
    <outstandingtree>no</outstandingtree>
    <winterinterest>yes</winterinterest>
    <invasivepotential>not assessed or incomplete data</invasivepotential>
    <surfacerooting>not a problem</surfacerooting>
    <availability>generally available</availability>
    <ozonesensitivity>unknown</ozonesensitivity>
  </other>
  <descriptivetext>&lt;p align="center"&gt;&lt;b&gt;&lt;em&gt;Acer palmatum &lt;/em&gt; `Bloodgood' `Bloodgood' Japanese Maple &lt;/b&gt;&lt;/p&gt;&lt;p align="left"&gt;

`Bloodgood' Japanese Maple has a round shape with a height and spread of about 20 feet, making it nicely suited to residential landscapes.  Its popularity is due mostly to the leaves which stay red for most of the summer.  Leaves turn to greenish red in the hot weather (July in northern Florida) in the southern part of its range.  The multiple trunks are muscular-looking, picturesque, grey and show nicely when lighted at night.  Fall color is reddish and less striking than other Japanese Maples.  The globose canopy shape looks best when it is allowed to branch to the ground.  Lower foliage branches can be thinned to display the attractive bark and trunk structure. &lt;/p&gt;&lt;p align="left"&gt;

This large shrub or small tree tends to leaf out early, so it may be injured by spring frosts.  Leaves can scorch in hot summer weather unless they are in some shade or irrigated during dry weather.  More direct sun can be tolerated in the northern part of the range.  Be sure drainage is maintained and never allow water to stand around the roots.  Japanese Maples grow fine on clay soils as long as the ground is sloped so water does not accumulate in the soil.  They respond well to several inches of mulch placed beneath the canopy.  Be sure to clear all turf away from beneath the branches of low growing types so the lawn mower will not damage the tree. &lt;/p&gt;&lt;p align="left"&gt;

This cultivar makes a nice patio or small shade tree for residential lots, and, with pruning to remove drooping branches, provides adequate clearance for pedestrian traffic to pass close to the tree. &lt;/p&gt;&lt;p align="left"&gt;

Train the trunks and branches so they will not touch each other.  Eliminate branches with included (embedded) bark or those which are likely to develop it as soon as possible.  This reduces the likelihood of one splitting from the tree later when it has grown to become an important part of the landscape.  Remove small twigs to enhance the showy trunk and bark structure. Locate the tree properly, taking into account the ultimate size since the tree looks best if it is not pruned to control size.  It can be the centerpiece of your landscape if properly located.  Japanese Maples have a reputation for transplanting from a field nursery poorly, but root pruned plants and those from containers should do well. &lt;/p&gt;</descriptivetext>
  <growthrate>slow</growthrate>
</tree>