<?xml version="1.0" encoding="UTF-8" standalone="no"?><tree>
  <diseases>&lt;p align="center"&gt;&lt;b&gt;&lt;u&gt;Diseases&lt;/u&gt;&lt;/b&gt;&lt;/p&gt;&lt;p align="left"&gt;

Scorch occurs during periods of high temperatures accompanied by wind.  Trees with diseased or inadequate root systems will also show scorching.  When trees do not get enough water they scorch.  Scorch symptoms are light brown or tan dead areas between leaf veins.  The symptoms are on all parts of the tree or only on the side exposed to sun and wind.  Scorching due to dry soil may be overcome by watering.  If scorching is due to an inadequate or diseased root system, watering may have no effect. &lt;/p&gt;&lt;p align="left"&gt;

Nutrient deficiency symptoms are yellow or yellowish-green leaves with darker green veins.  The most commonly deficient nutrient on maple is manganese.  Implanting capsules containing a manganese source in the trunk will alleviate the symptoms.  Test soil samples to determine if the soil pH is too high for best manganese availability.  Plants exposed to weed killers may also show similar symptoms. &lt;/p&gt;&lt;p align="left"&gt;

Tar spot and a variety of leaf spots cause some concern among homeowners but are rarely serious enough for control. &lt;/p&gt;</diseases>
  <planttype>shrub, tree</planttype>
  <size>
    <height>10 to 15 feet</height>
    <maturespread>10 to 15 feet</maturespread>
    <maintainableheight>4 to 6 feet, 6 to 12 feet</maintainableheight>
    <matureheight>10 to 15 feet</matureheight>
    <spread>10 to 15 feet</spread>
  </size>
  <use>bonsai, specimen, deck or patio, container or planter, trained as a standard, recommended</use>
  <flower>
    <season>flowers in spring</season>
    <color>red</color>
    <fragrance>no</fragrance>
    <showiness>not showy</showiness>
  </flower>
  <other>
    <verticilliumwilt>susceptible</verticilliumwilt>
    <outstandingtree>yes</outstandingtree>
    <winterinterest>yes</winterinterest>
    <invasivepotential>not assessed or incomplete data</invasivepotential>
    <surfacerooting>not a problem</surfacerooting>
    <availability>rarely available</availability>
    <ozonesensitivity>unknown</ozonesensitivity>
  </other>
  <fruit>
    <composition>dry or hard</composition>
    <attractiontowildlife>little</attractiontowildlife>
    <edible>no</edible>
    <shape>elongated</shape>
    <showiness>not showy</showiness>
    <length>.5 to 1 inch</length>
    <persistant>no</persistant>
    <litter>fruit/leaves not a litter problem</litter>
    <color>red</color>
  </fruit>
  <factsheet>ST027</factsheet>
  <growthrate>slow</growthrate>
  <crowncanopy>
    <texture>fine</texture>
    <density>moderate</density>
    <shape>round, weeping</shape>
    <uniformity>symmetrical</uniformity>
  </crowncanopy>
  <photographs>
    <entireplant>3271953</entireplant>
  </photographs>
  <name>
    <listingname>'Ornatum' Japanese Maple, Maple, 'Ornatum' Japanese</listingname>
    <family>Aceraceae</family>
    <pronunciation>AY-ser  pal-MAY-tum</pronunciation>
    <species>palmatum</species>
    <genus>Acer</genus>
    <cultivar>'Ornatum'</cultivar>
    <commonname>'Ornatum' Japanese Maple</commonname>
  </name>
  <trunkandbranches>
    <currentyeartwigcolor>green, reddish</currentyeartwigcolor>
    <numberoftrunks>typically multi-trunked</numberoftrunks>
    <pruningrequirement>needed for strong structure</pruningrequirement>
    <showiness>showy</showiness>
    <currentyeartwigthickness>thin</currentyeartwigthickness>
    <trunkandbranchbreakage>resistant</trunkandbranchbreakage>
    <woodspecificgravity>unknown</woodspecificgravity>
    <branchdrooping>branches droop</branchdrooping>
    <crownshaft>not applicable</crownshaft>
    <barkthickness>thin bark</barkthickness>
    <thorns>no</thorns>
  </trunkandbranches>
  <rangemap>Range Map RM5B8B</rangemap>
  <descriptivetext>&lt;p align="center"&gt;&lt;b&gt;&lt;em&gt;Acer palmatum &lt;/em&gt; `Ornatum' `Ornatum' Japanese Maple &lt;/b&gt;&lt;/p&gt;&lt;p align="left"&gt;

This cultivar of Japanese Maple has a height and spread of about 12 feet.  The multiple trunks are picturesque, grey and show nicely when lit up at night.  Japanese maple is grown for its red-colored leaves, interesting growth habit and fine leaf texture.  Fall color is a dark burgundy-red and is often striking, even on trees grown in shade.  Growth habit is a weeping globe, branching to the ground.  The globose selections look best when they are allowed to branch to the ground.  Be sure to clear all turf away from beneath the branches of these low growing types so the lawn mower will not damage the tree.  This compact cultivar makes a wonderful accent for any landscape. &lt;/p&gt;&lt;p align="left"&gt;

This large shrub or small tree tends to leaf out early, so it may be injured by spring frosts.  Protect them from drying winds and direct sun by providing exposure to partial or filtered shade and well-drained, acid soil with plenty of organic matter, particularly in the southern part of its range.  Leaves often scorch in hot summer weather in USDA hardiness zones 7b and 8, unless they are in a mostly shaded spot or irrigated during dry weather.  Although the tree should be located in some shade in USDA hardiness zone 8b, more direct sun can be tolerated in the northern part of the range.  Be sure drainage is maintained and never allow water to stand around the roots.  Grows fine on clay soils as long as the ground is sloped so water does not accumulate in the soil.  Responds well to several inches of mulch placed beneath the canopy. &lt;/p&gt;&lt;p align="left"&gt;

Variegated types are a bit more difficult to grow and are subject to leaf scorch.  There are many cultivars of Japanese Maple with a wide variety of leaf shapes and color, growth habits, and sizes:  `Atropurpureum' - reddish leaves with five lobes; `Bloodgood' - new foliage bright red, darkening to dark green; `Burgundy Lace' - reddish foliage and cut leaves;  `Elegans' - leaves with rose-colored margins when they first unfold. &lt;/p&gt;</descriptivetext>
  <pestresistance>resistant to pests/diseases</pestresistance>
  <foliage>
    <shape>star-shaped</shape>
    <summercolor>green</summercolor>
    <spiny>no</spiny>
    <type>simple</type>
    <arrangement>opposite/subopposite</arrangement>
    <bladelength>2 to 4 inches</bladelength>
    <venation>palmate</venation>
    <fallcharacteristics>showy</fallcharacteristics>
    <margin>serrate, lobed</margin>
    <fallcolor>red, orange, yellow, copper</fallcolor>
    <persistence>deciduous</persistence>
  </foliage>
  <pests>&lt;p align="center"&gt;&lt;b&gt;&lt;u&gt;Pests&lt;/u&gt;&lt;/b&gt;&lt;/p&gt;&lt;p align="left"&gt;

Aphids infest maples, usually Norway Maple, and may be numerous at times.  High populations can cause leaf drop.  Another sign of heavy aphid infestation is honey dew on lower leaves and objects beneath the tree.  Aphids are controlled by spraying or they may be left alone.  If not sprayed, predatory insects will bring the aphid population under control. &lt;/p&gt;&lt;p align="left"&gt;

Scales are an occasional problem on maples.  Perhaps the most common is cottony maple scale.  The insect forms a cottony mass on the lower sides of branches.  Scales are controlled with horticultural oil sprays.  Scales may also be controlled with well-timed sprays to kill the crawlers. &lt;/p&gt;&lt;p align="left"&gt;

If borers become a problem it is an indication the tree is not growing well.  Controlling borers involves keeping trees healthy.  Chemical controls of existing infestations are more difficult.  Proper control involves identification of the borer infesting the tree then applying insecticides at the proper time. &lt;/p&gt;</pests>
  <usdahardinesszone>5B-8B</usdahardinesszone>
  <culturetolerances>
    <saltspraytolerance>none</saltspraytolerance>
    <soilphtolerance>acidic</soilphtolerance>
    <lightrequirements>partial sun or partial shade, shade tolerant</lightrequirements>
    <soilsalttolerance>moderate</soilsalttolerance>
    <droughttolerance>moderate</droughttolerance>
    <soildrainagetolerance>well-drained</soildrainagetolerance>
    <soiltexturetolerance>clay, sand, loam</soiltexturetolerance>
  </culturetolerances>
  <nativeorigin>
    <nativetonorthamerica>no</nativetonorthamerica>
    <recommendedfordryclimates>no</recommendedfordryclimates>
    <nativefloridacounty>Not Native to Florida</nativefloridacounty>
  </nativeorigin>
  <lifespan>25 to 50 years</lifespan>
</tree>