<?xml version="1.0" encoding="UTF-8" standalone="no"?><tree>
  <diseases>&lt;p align="center"&gt;&lt;b&gt;&lt;u&gt;Diseases&lt;/u&gt;&lt;/b&gt;&lt;/p&gt;&lt;p align="left"&gt;

Some scorch occurs during periods of high temperatures accompanied by wind.  Trees with diseased or inadequate root systems will also show scorching.  When trees do not get enough water they scorch.  Scorch symptoms are light brown or tan dead areas between leaf veins and along the leaf margins.  The symptoms are on all parts of the tree or only on the side exposed to sun and wind.  Scorching due to dry soil may be prevented by watering.  If scorching is due to an inadequate or diseased root system, watering will have no effect.   &lt;/p&gt;&lt;p align="left"&gt;

Nutrient deficiency symptoms are yellow or yellowish-green leaves with darker green veins.  The most commonly deficient nutrient on maple is manganese.  Implanting capsules containing a manganese source in the trunk will temporarily alleviate the symptoms.  Test soil samples to determine if the soil pH is too high for best manganese availability.  Plants exposed to weed killers may also show similar symptoms. &lt;/p&gt;</diseases>
  <planttype>tree</planttype>
  <size>
    <height>50 to 75 feet</height>
    <maturespread>15 to 25 feet</maturespread>
    <maintainableheight>not suitable for clipping</maintainableheight>
    <matureheight>50 to 60 feet</matureheight>
    <spread>15 to 25 feet</spread>
  </size>
  <use>reclamation, highway median, specimen, screen, street without sidewalk, tree lawn 4-6 feet wide, tree lawn &gt; 6 ft wide, bonsai, recommended</use>
  <flower>
    <season>flowers in spring, flowers in winter</season>
    <color>red</color>
    <fragrance>no</fragrance>
    <showiness>showy</showiness>
  </flower>
  <other>
    <verticilliumwilt>susceptible</verticilliumwilt>
    <outstandingtree>yes</outstandingtree>
    <winterinterest>yes</winterinterest>
    <invasivepotential>native to North America</invasivepotential>
    <surfacerooting>can form large surface roots</surfacerooting>
    <availability>somewhat available</availability>
    <ozonesensitivity>unknown</ozonesensitivity>
  </other>
  <fruit>
    <composition>dry or hard</composition>
    <attractiontowildlife>attracts squirrels/mammals, attracts birds</attractiontowildlife>
    <edible>no</edible>
    <shape>elongated</shape>
    <showiness>showy</showiness>
    <length>1 to 3 inches</length>
    <persistant>no</persistant>
    <litter>fruit/leaves not a litter problem</litter>
    <color>red</color>
  </fruit>
  <factsheet>ST042</factsheet>
  <growthrate>fast</growthrate>
  <crowncanopy>
    <texture>medium</texture>
    <density>moderate</density>
    <shape>upright/erect, columnar</shape>
    <uniformity>symmetrical</uniformity>
  </crowncanopy>
  <photographs>
    <foliage>10689302</foliage>
    <entireplant>13629303</entireplant>
  </photographs>
  <name>
    <listingname>`Armstrong' Red Maple</listingname>
    <family>Aceraceae</family>
    <pronunciation>AY-ser  ROO-brum</pronunciation>
    <species>rubrum</species>
    <genus>Acer</genus>
    <cultivar>'Armstrong'</cultivar>
    <commonname>'Armstrong' Red Maple</commonname>
  </name>
  <trunkandbranches>
    <currentyeartwigcolor>reddish, gray</currentyeartwigcolor>
    <numberoftrunks>typically one trunk</numberoftrunks>
    <pruningrequirement>needed for strong structure</pruningrequirement>
    <showiness>not showy</showiness>
    <currentyeartwigthickness>medium</currentyeartwigthickness>
    <trunkandbranchbreakage>susceptible to breakage</trunkandbranchbreakage>
    <woodspecificgravity>0.54</woodspecificgravity>
    <branchdrooping>branches don't droop</branchdrooping>
    <crownshaft>not applicable</crownshaft>
    <barkthickness>thin bark</barkthickness>
    <thorns>no</thorns>
  </trunkandbranches>
  <rangemap>Range Map RM4A9A</rangemap>
  <descriptivetext>&lt;p align="center"&gt;&lt;b&gt;&lt;em&gt;Acer rubrum &lt;/em&gt; `Armstrong' `Armstrong' Red Maple &lt;/b&gt;&lt;/p&gt;&lt;p align="left"&gt;

Unless irrigated or on a wet site, red maple does best north of USDA hardiness zone 9.  `Armstrong' Red Maple is a fast-growing, upright tree, reaching a height of 50 to 60 feet with a 15 to 25 foot spread, and has very attractive silver-grey bark.  Trees are often shorter in the southern part of its range.  This tree is preferred over columnar Sugar Maple or columnar Norway Maple because it much more vigorous and tolerates heat better.  The newly emerging leaves and red flowers and fruits signal that spring has come.  They appear in December and January in Florida, later in the northern part of its range.  The seeds of Red Maple are quite popular with squirrels and birds.  `Armstrong' Red Maple has nice red, orange, or yellow fall color lasting several weeks and is often one of the first trees to color up in autumn. &lt;/p&gt;&lt;p align="left"&gt;

Having strong wood, it is well-suited as a street tree in northern and mid-southern climates in residential and other suburban areas.  Probably not suited for many downtown areas due to poor, dry soil.  However, the narrow crown width makes it suitable for areas with limited horizontal space such as a planting site close to a building.  The upright-oriented branches and multiple trunks can develop embedded bark, creating a weak crotch which could split causing the branch to break out from the tree.  Be sure to prune the tree to prevent this problem from developing by removing or pruning aggressive upright trunks so they do not become larger than about half the diameter of the main trunk.  Thin bark is easily damaged in transport to the landscape and by lawn maintenance equipment. &lt;/p&gt;&lt;p align="left"&gt;

The tree makes the best growth in wet or moist places and has no particular soil texture preference.  However, chlorosis may develop on alkaline soil.  The tree grows rapidly and has a moderately dense canopy in the sun but opens up in the partial shade.  Irrigation is often needed to support street tree plantings in well-drained soil in the south.  However, it appears to adapt to no irrigation in the south on a site where roots can explore on unlimited soil space.  Roots raise sidewalks less often than silver maples do because of a slower growth rate and less aggressive root system.  `Armstrong' red maple is easily transplanted but can develop surface roots in soil ranging from well-drained sand to clay. `Armstrong' red maple is moderately drought tolerant, benefitting from occasional irrigation, particularly in the southern part of the range. &lt;/p&gt;&lt;p align="left"&gt;

Propagation is by grafting or cuttings, but own-root cuttings are preferred to avoid graft incompatibilities. &lt;/p&gt;</descriptivetext>
  <pestresistance>resistant to pests/diseases</pestresistance>
  <foliage>
    <shape>star-shaped</shape>
    <summercolor>green</summercolor>
    <spiny>no</spiny>
    <type>simple</type>
    <arrangement>opposite/subopposite</arrangement>
    <bladelength>2 to 4 inches</bladelength>
    <venation>palmate</venation>
    <fallcharacteristics>showy</fallcharacteristics>
    <margin>lobed, incised, serrate</margin>
    <fallcolor>yellow, orange, red</fallcolor>
    <persistence>deciduous</persistence>
  </foliage>
  <pests>&lt;p align="center"&gt;&lt;b&gt;&lt;u&gt;Pests&lt;/u&gt;&lt;/b&gt;&lt;/p&gt;&lt;p align="left"&gt;

`Armstrong' is susceptible to leaf hoppers. &lt;/p&gt;&lt;p align="left"&gt;

Aphids infest maples, usually Norway Maple, and may be numerous at times.  High populations can cause leaf drop.  Another sign of heavy aphid infestation is honey dew on lower leaves and objects beneath the tree.  Aphids are controlled by spraying or they may be left alone.  If not sprayed, predatory insects will bring the aphid population under control.   &lt;/p&gt;&lt;p align="left"&gt;

Scales are an occasional problem on maples.  Perhaps the most common is cottony maple scale. The insect forms a cottony mass on the lower sides of branches.  Scales are usually controlled with horticultural oil sprays.  Scales may also be controlled with well-timed sprays to kill the crawlers.   &lt;/p&gt;&lt;p align="left"&gt;

If borers become a problem it is an indication the tree is not growing well.  Controlling borers involves keeping trees healthy.  Chemical controls of existing infestations are more difficult.  Proper control involves identification of the borer infesting the tree then applying insecticides at the proper time. &lt;/p&gt;</pests>
  <usdahardinesszone>4A-9A</usdahardinesszone>
  <culturetolerances>
    <saltspraytolerance>low</saltspraytolerance>
    <soilphtolerance>acidic</soilphtolerance>
    <lightrequirements>full sun, partial sun or partial shade</lightrequirements>
    <soilsalttolerance>poor</soilsalttolerance>
    <droughttolerance>moderate</droughttolerance>
    <soildrainagetolerance>well-drained, extended flooding</soildrainagetolerance>
    <soiltexturetolerance>sand, loam, clay</soiltexturetolerance>
  </culturetolerances>
  <nativeorigin>
    <nativetonorthamerica>yes</nativetonorthamerica>
    <recommendedfordryclimates>no</recommendedfordryclimates>
    <nativefloridacounty>Not Native to Florida</nativefloridacounty>
  </nativeorigin>
  <lifespan>more than 50 years</lifespan>
</tree>