<?xml version="1.0" encoding="UTF-8" standalone="no"?><tree>
  <diseases>&lt;p align="center"&gt;&lt;b&gt;&lt;u&gt;Diseases&lt;/u&gt;&lt;/b&gt;&lt;/p&gt;&lt;p align="left"&gt;

This Maple is susceptible to verticillium wilt. &lt;/p&gt;</diseases>
  <planttype>tree</planttype>
  <size>
    <height>10 to 15 feet</height>
    <maturespread>6 to 10 feet</maturespread>
    <maintainableheight>not suitable for clipping</maintainableheight>
    <matureheight>10 to 15 feet</matureheight>
    <spread>6 to 10 feet</spread>
  </size>
  <use>specimen, deck or patio, container or planter, trained as a standard, bonsai, recommended</use>
  <flower>
    <season>flowers in spring</season>
    <color>red</color>
    <fragrance>no</fragrance>
    <showiness>showy</showiness>
  </flower>
  <other>
    <verticilliumwilt>susceptible</verticilliumwilt>
    <outstandingtree>yes</outstandingtree>
    <winterinterest>no</winterinterest>
    <invasivepotential>not assessed or incomplete data</invasivepotential>
    <surfacerooting>not a problem</surfacerooting>
    <availability>rarely available</availability>
    <ozonesensitivity>unknown</ozonesensitivity>
  </other>
  <fruit>
    <composition>dry or hard</composition>
    <attractiontowildlife>little</attractiontowildlife>
    <edible>no</edible>
    <shape>elongated, oval</shape>
    <showiness>not showy</showiness>
    <length>.5 to 1 inch</length>
    <persistant>no</persistant>
    <litter>fruit/leaves not a litter problem</litter>
    <color>green</color>
  </fruit>
  <factsheet>ST018</factsheet>
  <growthrate>slow</growthrate>
  <crowncanopy>
    <texture>medium</texture>
    <density>moderate</density>
    <shape>vase, round</shape>
    <uniformity>symmetrical</uniformity>
  </crowncanopy>
  <photographs>
    <entireplant>5728567</entireplant>
    <flower>10801529</flower>
    <fruit>5532513</fruit>
    <other>3598207</other>
    <foliage>2306405</foliage>
  </photographs>
  <name>
    <listingname>`Acontifolium' Fullmoon Maple, Fernleaf Maple, Maple, `Acontifolium' Fullmoon, Maple, Fernleaf</listingname>
    <family>Aceraceae</family>
    <pronunciation>AY-ser  juh-PAWN-ih-kum</pronunciation>
    <species>japonicum</species>
    <genus>Acer</genus>
    <cultivar>'Acontifolium'</cultivar>
    <commonname>'Acontifolium' Fullmoon Maple, Fernleaf Maple</commonname>
  </name>
  <trunkandbranches>
    <currentyeartwigcolor>green</currentyeartwigcolor>
    <numberoftrunks>typically multi-trunked</numberoftrunks>
    <pruningrequirement>little required</pruningrequirement>
    <showiness>not showy</showiness>
    <currentyeartwigthickness>thin, medium</currentyeartwigthickness>
    <trunkandbranchbreakage>resistant</trunkandbranchbreakage>
    <woodspecificgravity>unknown</woodspecificgravity>
    <branchdrooping>branches droop</branchdrooping>
    <crownshaft>not applicable</crownshaft>
    <barkthickness>thick</barkthickness>
    <thorns>no</thorns>
  </trunkandbranches>
  <rangemap>Range Map RM5A7B</rangemap>
  <descriptivetext>&lt;p align="center"&gt;&lt;b&gt;&lt;em&gt;Acer japonicum &lt;/em&gt; `Acontifolium' `Acontifolium' Fullmoon Maple, Fernleaf Maple &lt;/b&gt;&lt;/p&gt;&lt;p align="left"&gt;

Full-Moon Maple is a small, deciduous tree which reaches 10 to 15 feet in height and width, creating an irregular, rounded silhouette.  It fits well into the oriental garden due to the exotic silhouette.  This cultivar is exceptionally cold hardy, having survived temperatures of 25 degrees below zero.  The deeply divided, soft green leaves have 9 to 11 lobes and are delicately displayed on thin, drooping branches.  Leaves take on a beautiful yellow to red coloration in the fall before dropping, making this small, dense plant really stand out in the landscape.  Fall color has been described as exceptional.  The hanging clusters of purple/red flowers appear in late spring and are followed by the production of winged seeds. &lt;/p&gt;&lt;p align="left"&gt;

This Maple would at home in the residential landscape as well as the commercial setting.  Planted near the patio or deck, it would generate many comments from friends and other visitors.  It is probably best used as a specimen, planted to attract attention to an area.  It should live for at least 20 years.  Nice specimens can be viewed at arboreta, but few nurseries currently offer this cultivar for sale.  This may change as nursery operators and homeowners discover the tree. &lt;/p&gt;&lt;p align="left"&gt;

Full-Moon Maple should be grown in full sun or partial shade.  Where the sunlight is intense, the tree will benefit from having its roots shaded to help keep the soil cool. &lt;/p&gt;</descriptivetext>
  <pestresistance>resistant to pests/diseases</pestresistance>
  <foliage>
    <shape>star-shaped</shape>
    <summercolor>green</summercolor>
    <spiny>no</spiny>
    <type>simple</type>
    <arrangement>opposite/subopposite</arrangement>
    <bladelength>2 to 4 inches</bladelength>
    <venation>palmate</venation>
    <fallcharacteristics>showy</fallcharacteristics>
    <margin>parted, incised, lobed</margin>
    <fallcolor>red</fallcolor>
    <persistence>deciduous</persistence>
  </foliage>
  <pests>&lt;p align="center"&gt;&lt;b&gt;&lt;u&gt;Pests&lt;/u&gt;&lt;/b&gt;&lt;/p&gt;&lt;p align="left"&gt;

No pests are of major concern. &lt;/p&gt;</pests>
  <usdahardinesszone>5A-7B</usdahardinesszone>
  <culturetolerances>
    <saltspraytolerance>none</saltspraytolerance>
    <soilphtolerance>slightly alkaline, acidic</soilphtolerance>
    <lightrequirements>partial sun or partial shade, shade tolerant</lightrequirements>
    <soilsalttolerance>unknown</soilsalttolerance>
    <droughttolerance>moderate</droughttolerance>
    <soildrainagetolerance>well-drained</soildrainagetolerance>
    <soiltexturetolerance>clay, sand, loam</soiltexturetolerance>
  </culturetolerances>
  <nativeorigin>
    <nativetonorthamerica>no</nativetonorthamerica>
    <recommendedfordryclimates>no</recommendedfordryclimates>
    <nativefloridacounty>Not Native to Florida</nativefloridacounty>
  </nativeorigin>
  <lifespan>25 to 50 years</lifespan>
</tree>