<?xml version="1.0" encoding="UTF-8" standalone="no"?><tree>
  <diseases>&lt;p align="center"&gt;&lt;b&gt;&lt;u&gt;Diseases&lt;/u&gt;&lt;/b&gt;&lt;/p&gt;&lt;p align="left"&gt;

Anthracnose is more of a problem in rainy seasons.  The disease resembles, and may be confused with, a physiological problem called scorch.  The disease causes light brown or tan areas on the leaves.  Anthracnose may be controlled by fungicides sprayed on as leaves open in the spring.  Two additional sprays at two-week intervals will be needed.  The disease is most common on sugar and silver maples and boxelder.  Other maples may not be affected as severely.  Sprays may need to be applied by a commercial applicator having proper spray equipment. &lt;/p&gt;&lt;p align="left"&gt;

Verticillium wilt symptoms are wilting and death of branches.  Infected sapwood will be stained a dark or olive green but staining can't always be found.  If staining can not be found do not assume the problem is not verticillium wilt.  Severely infected trees probably can't be saved.  Lightly infected trees showing only a few wilted branches may be pulled through.  Fertilize and prune lightly infected trees.  This treatment will not cure the problem but may allow the tree to outgrow the infection.  Girdling roots will cause symptoms which mimic verticillium wilt. &lt;/p&gt;&lt;p align="left"&gt;

Girdling roots grow around the base of the trunk rather than growing away from it.  As both root and trunk increase in size, the root chokes the trunk.  Girdling roots are detected by examining the base of the trunk.  The lack of trunk flare at ground level is a symptom.  The portion of the trunk above a girdling root does not grow as rapidly as the rest so may be slightly depressed.  The offending root may be on the surface or may be just below the sod.  The tree crown shows premature fall coloration and death of parts of the tree in more serious cases.  If large portions of the tree have died it may not be worth saving.  Girdling roots are functional roots so when removed a portion of the tree may die.  When the girdling root is large the treatment is as harmful as the problem.  After root removal, follow-up treatment includes watering during dry weather.  The best treatment for girdling roots is prevention by removing or cutting circling roots at planting or as soon as they are detected on young trees. &lt;/p&gt;&lt;p align="left"&gt;

Tar spot and a variety of leaf spots cause some concern among homeowners but are rarely serious enough for control. &lt;/p&gt;</diseases>
  <planttype>tree</planttype>
  <size>
    <height>25 to 50 feet</height>
    <maturespread>25 to 35 feet</maturespread>
    <maintainableheight>not suitable for clipping</maintainableheight>
    <matureheight>40 to 50 feet</matureheight>
    <spread>25 to 35 feet</spread>
  </size>
  <use>bonsai, screen, reclamation, recommended</use>
  <flower>
    <season>flowers in spring</season>
    <color>white/cream/gray</color>
    <fragrance>no</fragrance>
    <showiness>not showy</showiness>
  </flower>
  <other>
    <verticilliumwilt>susceptible</verticilliumwilt>
    <outstandingtree>no</outstandingtree>
    <winterinterest>no</winterinterest>
    <invasivepotential>native to North America</invasivepotential>
    <surfacerooting>can form large surface roots</surfacerooting>
    <availability>somewhat available</availability>
    <ozonesensitivity>unknown</ozonesensitivity>
  </other>
  <fruit>
    <composition>dry or hard</composition>
    <attractiontowildlife>attracts squirrels/mammals</attractiontowildlife>
    <edible>no</edible>
    <shape>elongated</shape>
    <showiness>showy</showiness>
    <length>.5 to 1 inch</length>
    <persistant>yes</persistant>
    <litter>fruit/leaves a litter problem</litter>
    <color>brown</color>
  </fruit>
  <factsheet>ST022</factsheet>
  <growthrate>fast</growthrate>
  <crowncanopy>
    <texture>medium</texture>
    <density>dense</density>
    <shape>round</shape>
    <uniformity>symmetrical</uniformity>
  </crowncanopy>
  <photographs>
    <foliage>6862668</foliage>
    <entireplant>7163561</entireplant>
  </photographs>
  <name>
    <listingname>'Flamingo' Boxelder, Boxelder, 'Flamingo'</listingname>
    <family>Aceraceae</family>
    <pronunciation>AY-ser  nuh-GUHN-doe</pronunciation>
    <species>negundo</species>
    <genus>Acer</genus>
    <cultivar>'Flamingo'</cultivar>
    <commonname>'Flamingo' Boxelder</commonname>
  </name>
  <trunkandbranches>
    <currentyeartwigcolor>green, brown</currentyeartwigcolor>
    <numberoftrunks>typically one trunk</numberoftrunks>
    <pruningrequirement>needed for strong structure</pruningrequirement>
    <showiness>not showy</showiness>
    <currentyeartwigthickness>medium</currentyeartwigthickness>
    <trunkandbranchbreakage>susceptible to breakage</trunkandbranchbreakage>
    <woodspecificgravity>unknown</woodspecificgravity>
    <branchdrooping>branches droop</branchdrooping>
    <crownshaft>not applicable</crownshaft>
    <barkthickness>thick</barkthickness>
    <thorns>no</thorns>
  </trunkandbranches>
  <rangemap>Range Map RM3A8B</rangemap>
  <descriptivetext>&lt;p align="center"&gt;&lt;b&gt;&lt;em&gt;Acer negundo &lt;/em&gt; `Flamingo' `Flamingo' Boxelder &lt;/b&gt;&lt;/p&gt;&lt;p align="left"&gt;

Boxelder forms a 40 to 50-foot-tall rounded canopy of very light green foliage tinged pink in the spring.  Some of the pink may hang on throughout the year in the north and the leaf margins may remain whitish.  The boxelder is an undesirable tree for many urban situations and in some cities, planting it may be illegal.  The undesirable characteristics are brittle, weak wood, short life and susceptibility to boxelder bug and trunk decay.  But the tree will grow just about anywhere and therefore it may have uses due to its adaptability.   The best thing about the tree is that it will grow on adverse sites where more desirable trees may not.  If you use the tree, plant it for its quick growth, but interplant with more desirable trees to provide for a lasting tree canopy.  Boxelder is native along streambanks over a wide area of the United States, grows along flood plains and naturalizes quickly on disturbed sites.  It may be best to restrict planting to these areas.  It is tolerant of drought and was planted as a shelter-belt tree. &lt;/p&gt;&lt;p align="left"&gt;

The tree is sometimes listed in catalogs as ash-leaf maple and the numerous, attractive seeds are very popular with squirrels.  Fall color can be vivid yellow in the north to muted orange-brown in the southern part of its range.  There is occasional good fall color in the south.  A nice plant for naturalized areas, particularly if the soil is wet, or the pH is alkaline.  It is probably best used in these areas to help stabilize stream beds and colonize reclaimed land.  Do not plant it as a street tree. &lt;/p&gt;&lt;p align="left"&gt;

The cultivars of boxelder are more ornamental but still share the tree's undesirable characteristics: `Aureo-variegatum' - leaves bordered in gold; `Variegatum' - leaves bordered in white; `Auratum' - leaves gold; `Elegantissima' - yellow leaf variegations. &lt;/p&gt;</descriptivetext>
  <pestresistance>sensitive to pests/diseases</pestresistance>
  <foliage>
    <shape>ovate, lanceolate</shape>
    <summercolor>variegated</summercolor>
    <spiny>no</spiny>
    <type>odd-pinnately compound</type>
    <arrangement>opposite/subopposite</arrangement>
    <bladelength>2 to 4 inches</bladelength>
    <venation>reticulate, pinnate</venation>
    <fallcharacteristics>showy</fallcharacteristics>
    <margin>serrate, lobed</margin>
    <fallcolor>yellow, orange</fallcolor>
    <persistence>deciduous</persistence>
  </foliage>
  <pests>&lt;p align="center"&gt;&lt;b&gt;&lt;u&gt;Pests&lt;/u&gt;&lt;/b&gt;&lt;/p&gt;&lt;p align="left"&gt;

Leaf stalk borer and petiole-borer cause the same type of injury.  Both insects bore into the leaf stalk just below the leaf blade. The leaf stalk shrivels, turns black, and the leaf blade falls off. The leaf drop may appear heavy but serious injury to a healthy tree is rare. &lt;/p&gt;&lt;p align="left"&gt;

Gall mites stimulate the formation of growths or galls on the leaves.  The galls are small but can be so numerous that individual leaves curl up.  The most common gall is bladder gall mite found on silver maple.  The galls are round and at first green but later turn red, then black, then dry up.  Galls of other shapes are seen less frequently on other types of maples.  Galls are not serious, so chemical controls are not needed. &lt;/p&gt;&lt;p align="left"&gt;

Crimson erineum mite is usually found on silver maple and causes the formation of red fuzzy patches on the lower leaf surfaces.  The problem is not serious so control measures are not suggested. &lt;/p&gt;&lt;p align="left"&gt;

Aphids infest maples, usually Norway Maple, and may be numerous at times.  High populations can cause leaf drop.  Another sign of heavy aphid infestation is honey dew on lower leaves and objects beneath the tree.  Aphids are controlled by spraying or they may be left alone.  If not sprayed, predatory insects will bring the aphid population under control. &lt;/p&gt;&lt;p align="left"&gt;

Boxelder bug infests boxelders, primarily the female trees.  The insect does no serious harm to the tree but is a nuisance when it overwinters in homes.  The insects are red and black and can be vacuumed up when seen in the house.  Control measures include removal of female boxelder trees.  If boxelders are growing in adjacent yards removing your tree may not be effective. &lt;/p&gt;&lt;p align="left"&gt;

Scales are an occasional problem on maples.  Perhaps the most common is cottony maple scale.  The insect forms a cottony mass on the lower sides of branches.  Scales are usually controlled with horticultural oil sprays.  Scales may also be controlled with well-timed sprays to kill the crawlers. &lt;/p&gt;&lt;p align="left"&gt;

If borers become a problem it is an indication the tree is not growing well.  Controlling borers involves keeping trees healthy.  Chemical controls of existing infestations are more difficult.  Proper control involves identification of the borer infesting the tree then applying insecticides at the proper time. &lt;/p&gt;</pests>
  <usdahardinesszone>3A-8B</usdahardinesszone>
  <culturetolerances>
    <saltspraytolerance>moderate</saltspraytolerance>
    <soilphtolerance>acidic, alkaline</soilphtolerance>
    <lightrequirements>full sun, partial sun or partial shade</lightrequirements>
    <soilsalttolerance>moderate</soilsalttolerance>
    <droughttolerance>high</droughttolerance>
    <soildrainagetolerance>well-drained, extended flooding</soildrainagetolerance>
    <soiltexturetolerance>sand, loam, clay</soiltexturetolerance>
  </culturetolerances>
  <nativeorigin>
    <nativetonorthamerica>yes</nativetonorthamerica>
    <recommendedfordryclimates>yes</recommendedfordryclimates>
    <nativefloridacounty>Not Native to Florida</nativefloridacounty>
  </nativeorigin>
  <lifespan>25 to 50 years</lifespan>
</tree>