<?xml version="1.0" encoding="UTF-8" standalone="no"?><tree>
  <foliage>
    <shape>star-shaped</shape>
    <summercolor>green</summercolor>
    <spiny>no</spiny>
    <type>simple</type>
    <arrangement>opposite/subopposite</arrangement>
    <bladelength>8 to 12 inches, 4 to 8 inches</bladelength>
    <venation>pinnate</venation>
    <fallcharacteristics>showy</fallcharacteristics>
    <margin>lobed, dentate</margin>
    <fallcolor>orange, yellow</fallcolor>
    <persistence>deciduous</persistence>
  </foliage>
  <pestresistance>resistant to pests/diseases</pestresistance>
  <lifespan>more than 50 years</lifespan>
  <culturetolerances>
    <saltspraytolerance>unknown</saltspraytolerance>
    <soilphtolerance>slightly alkaline, acidic</soilphtolerance>
    <lightrequirements>partial sun or partial shade, full sun</lightrequirements>
    <soilsalttolerance>unknown</soilsalttolerance>
    <droughttolerance>moderate</droughttolerance>
    <soildrainagetolerance>well-drained, occasionally wet</soildrainagetolerance>
    <soiltexturetolerance>loam, clay, sand</soiltexturetolerance>
  </culturetolerances>
  <flower>
    <season>flowers in spring</season>
    <color>yellow</color>
    <fragrance>pleasant</fragrance>
    <showiness>showy</showiness>
  </flower>
  <diseases/>
  <planttype>tree</planttype>
  <use>trained as a standard, specimen, shade, street without sidewalk</use>
  <usdahardinesszone>7A-10B</usdahardinesszone>
  <nativeorigin>
    <nativestate>California, Oregon, Washington</nativestate>
    <nativetonorthamerica>yes</nativetonorthamerica>
    <recommendedfordryclimates>no</recommendedfordryclimates>
    <nativefloridacounty>Not Native to Florida</nativefloridacounty>
  </nativeorigin>
  <size>
    <height>50 to 75 feet, over 75 feet</height>
    <maturespread>45 to 70 feet</maturespread>
    <maintainableheight>not suitable for clipping</maintainableheight>
    <matureheight>60 to 80 feet</matureheight>
    <spread>35 to 50 feet, over 50 feet</spread>
  </size>
  <factsheet/>
  <trunkandbranches>
    <currentyeartwigcolor>brown</currentyeartwigcolor>
    <numberoftrunks>typically one trunk</numberoftrunks>
    <pruningrequirement>needed for strong structure</pruningrequirement>
    <showiness>not showy</showiness>
    <currentyeartwigthickness>medium</currentyeartwigthickness>
    <trunkandbranchbreakage>susceptible to breakage</trunkandbranchbreakage>
    <woodspecificgravity>unknown</woodspecificgravity>
    <branchdrooping>branches droop</branchdrooping>
    <crownshaft>not applicable</crownshaft>
    <barkthickness>thin bark</barkthickness>
    <thorns>no</thorns>
  </trunkandbranches>
  <pests/>
  <fruit>
    <composition>dry or hard</composition>
    <attractiontowildlife>attracts birds, attracts squirrels/mammals</attractiontowildlife>
    <edible>no</edible>
    <shape>elongated</shape>
    <showiness>showy</showiness>
    <length>.5 to 1 inch, 1 to 3 inches</length>
    <persistant>no</persistant>
    <litter>fruit/leaves a litter problem</litter>
    <color>green, brown</color>
  </fruit>
  <name>
    <listingname>Acer macrophyllum</listingname>
    <family>Aceraceae</family>
    <pronunciation>AY-sir mack-row-FIE-lum</pronunciation>
    <species>macrophyllum</species>
    <genus>Acer</genus>
    <cultivar/>
    <commonname>Bigleaf Maple, Oregon Maple</commonname>
  </name>
  <photographs>
    <foliage>2433706</foliage>
    <trunk>6018150</trunk>
    <flower>16131217</flower>
    <fruit>8298913</fruit>
    <other>12237405</other>
    <entireplant>14040309</entireplant>
  </photographs>
  <crowncanopy>
    <texture>coarse</texture>
    <density>moderate</density>
    <shape>round</shape>
    <uniformity>irregular</uniformity>
  </crowncanopy>
  <other>
    <verticilliumwilt>susceptible</verticilliumwilt>
    <outstandingtree>yes</outstandingtree>
    <winterinterest>no</winterinterest>
    <invasivepotential>native to North America</invasivepotential>
    <surfacerooting>can form large surface roots</surfacerooting>
    <availability>somewhat available</availability>
    <ozonesensitivity>unknown</ozonesensitivity>
  </other>
  <descriptivetext>&lt;p align="left"&gt;

Bigleaf Maple will grow in full sun or partial shade and is found most often in its natural habitat in the north western United States in moist, well-drained soils along stream banks. It often helps develop soil where it grows. Leaves are enormous and make quite a mess in the yard when they fall in autumn. But they put on quite a show with bright shades of orange and yellow.&lt;/p&gt;&lt;p align="left"&gt;

Fruit is also abundant and can be the source of negative comments if planted near streets and home lawns. Sweet-scented flowers attract many types of insects in spring. Plant pollen can cause significant allergy problems for some people. The tree also grows to be quite large so locate it accordingly. Many surface roots form in urban landscapes and the trunk often becomes quite wide at its base.&lt;/p&gt;&lt;p align="left"&gt;

Multi-trunked plants are common but this form can lead to splitting, decline, and trunk decay. The abundance of germinating seedlings under the tree gives this tree a reputation for being messy. Trees in native habitat can live for 200 years. 'Seattle Sentinel' can quickly grow to more than 80 feet tall with a 60 foot spread. 'Kimballiae' is a cut leaf form.&lt;/p&gt;</descriptivetext>
  <growthrate>fast</growthrate>
</tree>