<?xml version="1.0" encoding="UTF-8" standalone="no"?><tree>
  <foliage>
    <shape>star-shaped</shape>
    <summercolor>green</summercolor>
    <spiny>no</spiny>
    <type>simple</type>
    <arrangement>opposite/subopposite</arrangement>
    <bladelength>less than 2 inches, 2 to 4 inches</bladelength>
    <venation>palmate</venation>
    <fallcharacteristics>showy</fallcharacteristics>
    <margin>serrate</margin>
    <fallcolor>red, orange, yellow</fallcolor>
    <persistence>deciduous</persistence>
  </foliage>
  <rangemap>Range Map RM4B9B</rangemap>
  <pestresistance>free of serious pests and diseases</pestresistance>
  <lifespan>25 to 50 years</lifespan>
  <culturetolerances>
    <saltspraytolerance>moderate</saltspraytolerance>
    <soilphtolerance>acidic, alkaline</soilphtolerance>
    <lightrequirements>full sun, partial sun or partial shade</lightrequirements>
    <soilsalttolerance>unknown</soilsalttolerance>
    <droughttolerance>moderate</droughttolerance>
    <soildrainagetolerance>well-drained</soildrainagetolerance>
    <soiltexturetolerance>clay, sand, loam</soiltexturetolerance>
  </culturetolerances>
  <flower>
    <season>flowers in spring</season>
    <color>yellow</color>
    <fragrance>no</fragrance>
    <showiness>showy</showiness>
  </flower>
  <planttype>tree</planttype>
  <factsheet>ST009</factsheet>
  <use>specimen, deck or patio, street without sidewalk, container or planter, shade, parking lot island &lt; 100 sq ft, parking lot island 100-200 sq ft, parking lot island &gt; 200 sq ft, tree lawn 3-4 feet wide, tree lawn 4-6 feet wide, tree lawn &gt; 6 ft wide, urban tolerant, highway median, bonsai, recommended</use>
  <usdahardinesszone>4B-9B</usdahardinesszone>
  <nativeorigin>
    <nativetonorthamerica>no</nativetonorthamerica>
    <recommendedfordryclimates>no</recommendedfordryclimates>
    <nativefloridacounty>Not Native to Florida</nativefloridacounty>
  </nativeorigin>
  <size>
    <height>25 to 50 feet</height>
    <maturespread>25 to 30 feet</maturespread>
    <maintainableheight>not suitable for clipping</maintainableheight>
    <matureheight>30 to 45 feet</matureheight>
    <spread>15 to 25 feet</spread>
  </size>
  <pestsanddiseases>&lt;p align="center"&gt;&lt;b&gt;&lt;u&gt;Pests and Diseases&lt;/u&gt;&lt;/b&gt;&lt;/p&gt;&lt;p align="left"&gt;

No pests or diseases are of major concern, a very clean tree. &lt;/p&gt;</pestsanddiseases>
  <trunkandbranches>
    <currentyeartwigcolor>gray, brown</currentyeartwigcolor>
    <numberoftrunks>typically multi-trunked, can be trained to one trunk</numberoftrunks>
    <pruningrequirement>needed for strong structure</pruningrequirement>
    <showiness>showy</showiness>
    <currentyeartwigthickness>thin, medium</currentyeartwigthickness>
    <trunkandbranchbreakage>resistant</trunkandbranchbreakage>
    <woodspecificgravity>unknown</woodspecificgravity>
    <branchdrooping>branches don't droop</branchdrooping>
    <crownshaft>not applicable</crownshaft>
    <barkthickness>thick</barkthickness>
    <thorns>no</thorns>
  </trunkandbranches>
  <fruit>
    <composition>dry or hard</composition>
    <attractiontowildlife>little</attractiontowildlife>
    <edible>no</edible>
    <shape>oval</shape>
    <showiness>not showy</showiness>
    <length>.5 to 1 inch</length>
    <persistant>no</persistant>
    <litter>fruit/leaves not a litter problem</litter>
    <color>red</color>
  </fruit>
  <name>
    <listingname>Trident Maple, Maple, Trident</listingname>
    <family>Aceraceae</family>
    <pronunciation>AY-ser  ber-jair-AY-num</pronunciation>
    <species>buergeranum</species>
    <genus>Acer</genus>
    <commonname>Trident Maple</commonname>
  </name>
  <photographs>
    <foliage>8858483</foliage>
    <trunk>8145928</trunk>
    <flower>8301966</flower>
    <other>1204402</other>
    <fall>11865950</fall>
    <entireplant>16222323</entireplant>
  </photographs>
  <crowncanopy>
    <texture>medium</texture>
    <density>moderate</density>
    <shape>oval, round</shape>
    <uniformity>irregular</uniformity>
  </crowncanopy>
  <other>
    <verticilliumwilt>susceptible</verticilliumwilt>
    <outstandingtree>yes</outstandingtree>
    <winterinterest>yes</winterinterest>
    <invasivepotential>not assessed or incomplete data</invasivepotential>
    <surfacerooting>not a problem</surfacerooting>
    <availability>somewhat available</availability>
    <ozonesensitivity>unknown</ozonesensitivity>
  </other>
  <descriptivetext>&lt;p align="center"&gt;&lt;b&gt;&lt;em&gt;Acer buergeranum &lt;/em&gt;Trident Maple &lt;/b&gt;&lt;/p&gt;&lt;p align="left"&gt;

This deciduous, 30 to 45-foot-high by 25-foot-wide tree has beautiful 3-inch-wide, tri-lobed leaves, glossy green above and paler underneath, which turn various shades of red, orange, and yellow in autumn.  Flowers are bright yellow and showy in the spring.  Trident Maple naturally exhibits low spreading growth and multiple stems but can be trained to a single trunk and pruned to make it branch higher, allowing passage below its broad, oval to rounded canopy.  With its moderate growth rate, attractive orange-brown peeling bark, and easy maintenance, Trident Maple is popular as a patio or street tree and is also highly valued as a bonsai subject.  Crown form is often variable and selection of a uniformly-shaped, vigorous cultivar is needed. &lt;/p&gt;&lt;p align="left"&gt;

Trees grown in partial shade can grow much taller (up to 60 feet tall), especially when the crown is touching adjacent trees preventing branches from spreading.  The tree is reported to be weak-wooded in North Carolina but some of this may be due to poor structure, not weak wood.  This can be at least partially prevented by pruning major lateral branches so they grow no larger than half the diameter of the main trunk.  Be sure that there are no weak crotches with embedded bark, or double or multiple leaders which could cause the tree to split apart.  Specify single-leadered trees when planting along streets or in parking lots or other commercial landscapes. &lt;/p&gt;&lt;p align="left"&gt;

Trident Maple has not been extensively used as a street tree, probably due to its unavailability, but the cultural requirements, size, and form make it a great candidate.  It should also be planted more around residences and commercial landscapes due to its pleasing form and small size. &lt;/p&gt;&lt;p align="left"&gt;

Trident Maple should be planted in full sun or partial shade on any well-drained, acid soil and is quite tolerant of salt, air pollution, wind and drought.  Like other maples, some chlorosis can develop in soils with pH over 7 but it is moderately tolerant of soil salt.  It performs well in urban areas where soils are often poor and compacted.  Trees are easily transplanted due to their shallow root system and are fairly `clean' trees since they do not drop messy leaves, fruit or flowers. &lt;/p&gt;&lt;p align="left"&gt;

Several cultivars are known, with trees having dwarf growth, corky bark, variegated leaves, and a variety of leaf shapes.  Some particularly good cultivars include:  `Akebono', `Goshiki Kaede', `Maruba', and `Mino Yatsubusa'.  They have not been tested extensively in urban areas and will probably be very hard to find. &lt;/p&gt;&lt;p align="left"&gt;

Propagation is by seed or young-seedling cuttings. &lt;/p&gt;</descriptivetext>
  <growthrate>moderate</growthrate>
</tree>