<?xml version="1.0" encoding="UTF-8" standalone="no"?><tree>
  <diseases>&lt;p align="center"&gt;&lt;b&gt;&lt;u&gt;Diseases&lt;/u&gt;&lt;/b&gt;&lt;/p&gt;&lt;p align="left"&gt;

Anthracnose is more of a problem in rainy seasons.  The disease resembles, and may be confused with, a physiological problem called scorch.  The disease causes light brown or tan areas on the leaves.  Anthracnose may be controlled by fungicides sprayed on as leaves open in the spring.  Additional sprays may be needed.  The disease is most common on Sugar and Silver Maples and Boxelder.  Other maples may not be affected as severely.  Sprays may need to be applied by a commercial applicator having proper spray equipment. &lt;/p&gt;&lt;p align="left"&gt;

Verticillium wilt symptoms are wilting and death of branches.  Infected sapwood will be stained a dark or olive green but staining can't always be found.  If staining can not be found do not assume the problem is not verticillium wilt.  Severely infected trees probably can't be saved.  Lightly infected trees showing only a few wilted branches may be pulled through.  Fertilize and prune lightly infected trees.  This treatment will not cure the problem but may allow the tree to outgrow the infection.  Girdling roots will cause symptoms which mimic verticillium wilt. &lt;/p&gt;&lt;p align="left"&gt;

Girdling roots grow around the base of the trunk rather than growing away from it.  As both root and trunk increase in size, the root chokes the trunk.  Girdling roots are detected by examining the base of the trunk.  The lack of trunk flare at ground level is a symptom.  The portion of the trunk above a girdling root does not grow as rapidly as the rest so may be slightly depressed.  The offending root may be on the surface or may be just below the sod.  The tree crown shows premature fall coloration and death of parts of the tree in more serious cases.  If large portions of the tree have died it may not be worth saving.  Girdling roots are functional roots so when removed a portion of the tree may die.  When the girdling root is large the treatment is as harmful as the problem.  After root removal, follow-up treatment includes watering during dry weather.  The best treatment for girdling roots is prevention by removing or cutting circling roots at planting or as soon as they are detected on young trees. &lt;/p&gt;&lt;p align="left"&gt;

Some scorch may occur during periods of high temperatures accompanied by wind, but this cultivar is said to be resistant.  Trees with diseased or inadequate root systems may show scorching.  When trees do not get enough water they scorch.  Scorch symptoms are light brown or tan dead areas between leaf veins.  The symptoms are on all parts of the tree or only on the side exposed to sun and wind.  Scorching due to dry soil may be overcome by watering.  If scorching is due to an inadequate or diseased root system, watering may have no effect. &lt;/p&gt;&lt;p align="left"&gt;

Nutrient deficiency symptoms are yellow or yellowish-green leaves with darker green veins.  The most commonly deficient nutrient on maple is manganese.  Implanting capsules containing a manganese source in the trunk will alleviate the symptoms.  Test soil samples to determine if the soil pH is too high for best manganese availability.  Plants exposed to weed killers may also show similar symptoms. &lt;/p&gt;&lt;p align="left"&gt;

Tar spot and a variety of leaf spots cause some concern among homeowners but are rarely serious enough for control. &lt;/p&gt;</diseases>
  <planttype>tree</planttype>
  <size>
    <height>25 to 50 feet</height>
    <maturespread>6 to 10 feet</maturespread>
    <maintainableheight>not suitable for clipping</maintainableheight>
    <matureheight>45 to 50 feet</matureheight>
    <spread>6 to 10 feet</spread>
  </size>
  <use>street without sidewalk, screen, tree lawn 3-4 feet wide, tree lawn 4-6 feet wide, tree lawn &gt; 6 ft wide, highway median, bonsai, recommended</use>
  <flower>
    <season>flowers in spring</season>
    <color>green</color>
    <fragrance>no</fragrance>
    <showiness>not showy</showiness>
  </flower>
  <other>
    <verticilliumwilt>susceptible</verticilliumwilt>
    <outstandingtree>no</outstandingtree>
    <winterinterest>yes</winterinterest>
    <invasivepotential>native to North America</invasivepotential>
    <surfacerooting>not a problem</surfacerooting>
    <availability>somewhat available</availability>
    <ozonesensitivity>unknown</ozonesensitivity>
  </other>
  <fruit>
    <composition>dry or hard</composition>
    <attractiontowildlife>attracts birds, attracts squirrels/mammals</attractiontowildlife>
    <edible>no</edible>
    <shape>elongated</shape>
    <showiness>not showy</showiness>
    <length>1 to 3 inches</length>
    <persistant>no</persistant>
    <litter>fruit/leaves not a litter problem</litter>
    <color>brown</color>
  </fruit>
  <factsheet>ST052</factsheet>
  <growthrate>moderate</growthrate>
  <crowncanopy>
    <texture>medium</texture>
    <density>dense</density>
    <shape>columnar, upright/erect</shape>
    <uniformity>symmetrical</uniformity>
  </crowncanopy>
  <photographs>
    <entireplant>7357255</entireplant>
  </photographs>
  <name>
    <listingname>`Endowment' Sugar Maple, Maple, `Endowment' Sugar</listingname>
    <family>Aceraceae</family>
    <pronunciation>AY-ser  sack-AR-rum</pronunciation>
    <species>saccharum</species>
    <genus>Acer</genus>
    <cultivar>'Endowment'</cultivar>
    <commonname>'Endowment' Sugar Maple</commonname>
  </name>
  <trunkandbranches>
    <currentyeartwigcolor>brown</currentyeartwigcolor>
    <numberoftrunks>typically one trunk</numberoftrunks>
    <pruningrequirement>little required</pruningrequirement>
    <showiness>not showy</showiness>
    <currentyeartwigthickness>thin, medium</currentyeartwigthickness>
    <trunkandbranchbreakage>resistant</trunkandbranchbreakage>
    <woodspecificgravity>0.63</woodspecificgravity>
    <branchdrooping>branches don't droop</branchdrooping>
    <crownshaft>not applicable</crownshaft>
    <barkthickness>thick</barkthickness>
    <thorns>no</thorns>
  </trunkandbranches>
  <rangemap>Range Map RM3A8A</rangemap>
  <descriptivetext>&lt;p align="center"&gt;&lt;b&gt;&lt;em&gt;Acer saccharum &lt;/em&gt; `Endowment' `Endowment' Sugar Maple &lt;/b&gt;&lt;/p&gt;&lt;p align="left"&gt;

This cultivar of Sugar Maple is a hard-wooded tree with a moderate growth rate probably growing to 50 feet tall.  The crown is very narrow (10 feet) and uniform making the tree well suited for tight spaces.  `Endowment' Sugar Maple grows about 1 foot each year in most soils it is reportedly less sensitive to reflected heat, and to drought, and scorches less than the species.  Nevertheless, trees planted in dry soil often are stressed in areas where the root system is restricted to a small soil area, such as a street tree planting.  It is more drought-tolerant in open areas where the roots can proliferate into a large soil space. &lt;/p&gt;&lt;p align="left"&gt;

Branches are usually well-attached to trunks resulting in a low branch failure rate.  The main ornamental feature of the tree is the brilliant red to yellow (occasionally orange) fall color that develops in the cooler part of its range.  The yellows are more prominent in the south.  The tree transplants fairly easily but may develop girdling roots which can reduce growth, or in extreme cases kill the tree. &lt;/p&gt;&lt;p align="left"&gt;

The limbs of Sugar Maple are usually strong and not susceptible to wind damage.  The bark forms attractive bright gray plates which stand out especially during the winter.  Roots are often shallow and reach the surface at an early age, even in sandy soil.  Plant in an area where grass below it will not need to be mowed so the roots will not be damaged by the mower.  A variety of birds use the tree for food, nesting and cover and the fruits are especially popular with squirrels.  About 40 gallons of sap are required to produce 1 gallon of maple syrup. &lt;/p&gt;&lt;p align="left"&gt;

Growing in full sun or shade, Sugar Maple will tolerate a wide variety of soil types (except compacted soil) but is not salt-tolerant.  Established trees look better when given some irrigation during dry weather, particularly in the south.  In the south, many leaves remain in the central portion of the canopy for much of the winter, giving the tree a somewhat unkempt appearance.  Sugar Maples are not recommended for the Dallas area, in many cases due to alkaline soils causing chlorosis.  Sensitivity to compaction, heat, drought and road salt limit usage of the Sugar Maple species for urban street plantings, but it is still recommended for parks and other areas away from roads where soil is loose and well-drained.  Black Maple, a similar species, is more tolerant of heat and drought than the species. &lt;/p&gt;&lt;p align="left"&gt;

Nurseries may offer one or several cultivars of Sugar Maple: `Bonfire' - brilliant orange-red fall color;  `Globosum' - a slow grower with a dense round crown and a mature height of about 10 feet; `Goldspire' - dense, compact, pyramidal form, gold fall color; `Green Mountain' - upright oval crown and scarlet fall color, may be more resistant to sun scorch; `Majesty' - ovate form, resistant to frost crack and sun scald.  `Newton Sentry' - upright growth habit; `Sweet Shadow' - cut leaves; `Temple's Upright' - an upright growth habit. &lt;/p&gt;</descriptivetext>
  <pestresistance>resistant to pests/diseases</pestresistance>
  <foliage>
    <shape>star-shaped</shape>
    <summercolor>green</summercolor>
    <spiny>no</spiny>
    <type>simple</type>
    <arrangement>opposite/subopposite</arrangement>
    <bladelength>2 to 4 inches, 4 to 8 inches</bladelength>
    <venation>palmate</venation>
    <fallcharacteristics>showy</fallcharacteristics>
    <margin>undulate, lobed</margin>
    <fallcolor>red, yellow</fallcolor>
    <persistence>deciduous</persistence>
  </foliage>
  <pests>&lt;p align="center"&gt;&lt;b&gt;&lt;u&gt;Pests&lt;/u&gt;&lt;/b&gt;&lt;/p&gt;&lt;p align="left"&gt;

Leaf stalk borer and petiole-borer cause the same type of injury.  Both insects bore into the leaf stalk just below the leaf blade. The leaf stalk shrivels, turns black, and the leaf blade falls off. The leaf drop may appear heavy but serious injury to a healthy tree is rare. &lt;/p&gt;&lt;p align="left"&gt;

Gall mites stimulate the formation of growths or galls on the leaves.  The galls are small but can be so numerous that individual leaves curl up.  The most common gall is bladder gall mite found on Silver Maple.  The galls are round and at first green but later turn red, then black, then dry up.  Galls of other shapes are seen less frequently on other types of maples.  Galls are not serious, so chemical controls are not needed. &lt;/p&gt;&lt;p align="left"&gt;

Crimson erineum mite is usually found on Silver Maple and causes the formation of red fuzzy patches on the lower leaf surfaces.  The problem is not serious so control measures are not suggested. &lt;/p&gt;&lt;p align="left"&gt;

Aphids infest maples, usually Norway Maple, and may be numerous at times.  High populations can cause leaf drop.  Another sign of heavy aphid infestation is honey dew on lower leaves and objects beneath the tree.  Aphids are controlled by spraying or they may be left alone.  If not sprayed, predatory insects will bring the aphid population under control. &lt;/p&gt;&lt;p align="left"&gt;

Scales are an occasional problem on maples.  Perhaps the most common is cottony maple scale. The insect forms a cottony mass on the lower sides of branches.  Scales are usually controlled with horticultural oil.  Scales may also be controlled with well-timed sprays to kill the crawlers. &lt;/p&gt;&lt;p align="left"&gt;

If borers become a problem it is an indication the tree is not growing well.  Controlling borers involves keeping trees healthy.  Chemical controls of existing infestations are more difficult.  Proper control involves identification of the borer infesting the tree then applying insecticides at the proper time. &lt;/p&gt;</pests>
  <usdahardinesszone>3A-8A</usdahardinesszone>
  <culturetolerances>
    <saltspraytolerance>none</saltspraytolerance>
    <soilphtolerance>acidic, alkaline</soilphtolerance>
    <lightrequirements>full sun, partial sun or partial shade, shade tolerant</lightrequirements>
    <soilsalttolerance>poor</soilsalttolerance>
    <droughttolerance>moderate</droughttolerance>
    <soildrainagetolerance>well-drained</soildrainagetolerance>
    <soiltexturetolerance>clay, sand, loam</soiltexturetolerance>
  </culturetolerances>
  <nativeorigin>
    <nativetonorthamerica>yes</nativetonorthamerica>
    <recommendedfordryclimates>no</recommendedfordryclimates>
    <nativefloridacounty>Not Native to Florida</nativefloridacounty>
  </nativeorigin>
  <lifespan>more than 50 years</lifespan>
</tree>