<?xml version="1.0" encoding="UTF-8" standalone="no"?><tree>
  <foliage>
    <shape>oblong, lanceolate</shape>
    <summercolor>green</summercolor>
    <spiny>no</spiny>
    <type>trifoliate, odd-pinnately compound</type>
    <arrangement>opposite/subopposite</arrangement>
    <bladelength>2 to 4 inches</bladelength>
    <venation>pinnate</venation>
    <fallcharacteristics>showy</fallcharacteristics>
    <margin>entire</margin>
    <fallcolor>orange, yellow, red</fallcolor>
    <persistence>deciduous</persistence>
  </foliage>
  <rangemap>Range Map RM3B7B</rangemap>
  <pestresistance>resistant to pests/diseases</pestresistance>
  <lifespan>more than 50 years</lifespan>
  <culturetolerances>
    <saltspraytolerance>moderate</saltspraytolerance>
    <soilphtolerance>acidic, slightly alkaline</soilphtolerance>
    <lightrequirements>partial sun or partial shade, shade tolerant</lightrequirements>
    <soilsalttolerance>moderate</soilsalttolerance>
    <droughttolerance>moderate</droughttolerance>
    <soildrainagetolerance>well-drained</soildrainagetolerance>
    <soiltexturetolerance>clay, sand, loam</soiltexturetolerance>
  </culturetolerances>
  <flower>
    <season>flowers in spring</season>
    <color>green, yellow</color>
    <fragrance>no</fragrance>
    <showiness>not showy</showiness>
  </flower>
  <planttype>shrub, tree</planttype>
  <factsheet>ST057</factsheet>
  <use>container or planter, trained as a standard, street without sidewalk, deck or patio, screen, specimen, tree lawn 3-4 feet wide, tree lawn 4-6 feet wide, tree lawn &gt; 6 ft wide, recommended</use>
  <usdahardinesszone>3B-7B</usdahardinesszone>
  <nativeorigin>
    <nativetonorthamerica>no</nativetonorthamerica>
    <recommendedfordryclimates>no</recommendedfordryclimates>
    <nativefloridacounty>Not Native to Florida</nativefloridacounty>
  </nativeorigin>
  <size>
    <height>15 to 25 feet</height>
    <maturespread>15 to 25 feet</maturespread>
    <maintainableheight>not suitable for clipping</maintainableheight>
    <matureheight>15 to 25 feet</matureheight>
    <spread>15 to 25 feet</spread>
  </size>
  <pestsanddiseases>&lt;p align="center"&gt;&lt;b&gt;&lt;u&gt;Pests and Diseases&lt;/u&gt;&lt;/b&gt;&lt;/p&gt;&lt;p align="left"&gt;

No pests or diseases are of major concern. &lt;/p&gt;</pestsanddiseases>
  <trunkandbranches>
    <currentyeartwigcolor>brown</currentyeartwigcolor>
    <numberoftrunks>can be trained to one trunk, typically multi-trunked</numberoftrunks>
    <pruningrequirement>little required</pruningrequirement>
    <showiness>very showy</showiness>
    <currentyeartwigthickness>thin, medium</currentyeartwigthickness>
    <trunkandbranchbreakage>resistant</trunkandbranchbreakage>
    <woodspecificgravity>unknown</woodspecificgravity>
    <branchdrooping>branches droop</branchdrooping>
    <crownshaft>not applicable</crownshaft>
    <barkthickness>thick</barkthickness>
    <thorns>no</thorns>
  </trunkandbranches>
  <fruit>
    <composition>dry or hard</composition>
    <attractiontowildlife>little</attractiontowildlife>
    <edible>no</edible>
    <shape>elongated</shape>
    <showiness>showy</showiness>
    <length>1 to 3 inches</length>
    <persistant>no</persistant>
    <litter>fruit/leaves not a litter problem</litter>
    <color>green, tan</color>
  </fruit>
  <name>
    <listingname>Three-Flowered Maple, Maple, Three-Flowered</listingname>
    <family>Aceraceae</family>
    <pronunciation>AY-ser  try-FLOR-um</pronunciation>
    <species>triflorum</species>
    <genus>Acer</genus>
    <commonname>Three-Flowered Maple</commonname>
  </name>
  <photographs>
    <entireplant>5832249</entireplant>
    <fall>2304377</fall>
    <foliage>5032223</foliage>
    <trunk>10404411</trunk>
  </photographs>
  <crowncanopy>
    <texture>fine</texture>
    <density>dense</density>
    <shape>round, spreading</shape>
    <uniformity>symmetrical</uniformity>
  </crowncanopy>
  <other>
    <verticilliumwilt>susceptible</verticilliumwilt>
    <outstandingtree>yes</outstandingtree>
    <winterinterest>yes</winterinterest>
    <invasivepotential>not a problem species</invasivepotential>
    <surfacerooting>not a problem</surfacerooting>
    <availability>rarely available</availability>
    <ozonesensitivity>unknown</ozonesensitivity>
  </other>
  <descriptivetext>&lt;p align="center"&gt;&lt;b&gt;&lt;em&gt;Acer triflorum &lt;/em&gt;Three-Flowered Maple &lt;/b&gt;&lt;/p&gt;&lt;p align="left"&gt;

Three-Flowered Maple slowly grows to a height of 20 to 25 feet with an equal width, the dense, rounded canopy casting dense shade below.  The 1.5 to 3.5-inch-long, compound leaves are slightly hairy and turn attractive shades of orange and red in the fall before dropping.  True to its name, Three-Flowered Maple produces three, greenish-yellow flowers clustered together in springtime and these are followed by 1 to 1.5-inch-long winged seeds which persist on the tree.  The red/brown bark is quite attractive and peels off in long, thin strips. &lt;/p&gt;&lt;p align="left"&gt;

This handsome tree is well suited for use as a specimen planted in the lawn or in a low ground cover.  The showy bark and fine texture combine to generate a striking display during the growing season.  It provides interest in the winter when branches are bare to show the darkened bark which contrasts nicely against snow. &lt;/p&gt;&lt;p align="left"&gt;

Three-Flowered Maple grows best in full sun or partial shade on well-drained soil.  Due to its shallow root system, Three-Flowered Maple will not tolerate soil compaction.  It does not tolerate soil which remains wet for periods of time. &lt;/p&gt;</descriptivetext>
  <growthrate>slow</growthrate>
</tree>