<?xml version="1.0" encoding="UTF-8" standalone="no"?><tree>
  <foliage>
    <shape>star-shaped</shape>
    <summercolor>green</summercolor>
    <spiny>yes</spiny>
    <type>simple</type>
    <arrangement>alternate</arrangement>
    <bladelength>18 to 36 inches</bladelength>
    <venation>palmate</venation>
    <fallcharacteristics>not showy</fallcharacteristics>
    <margin>entire</margin>
    <fallcolor>no color change</fallcolor>
    <persistence>evergreen, broadleaf evergreen</persistence>
  </foliage>
  <rangemap>Range Map RM10A11</rangemap>
  <pestresistance>free of serious pests and diseases</pestresistance>
  <lifespan>more than 50 years</lifespan>
  <culturetolerances>
    <saltspraytolerance>moderate</saltspraytolerance>
    <soilphtolerance>slightly alkaline, acidic</soilphtolerance>
    <lightrequirements>full sun, partial sun or partial shade</lightrequirements>
    <soilsalttolerance>moderate</soilsalttolerance>
    <droughttolerance>moderate</droughttolerance>
    <soildrainagetolerance>well-drained, extended flooding</soildrainagetolerance>
    <soiltexturetolerance>clay, sand, loam</soiltexturetolerance>
  </culturetolerances>
  <flower>
    <season>flowers in spring, flowers in winter</season>
    <color>yellow, white/cream/gray</color>
    <fragrance>no</fragrance>
    <showiness>showy</showiness>
  </flower>
  <planttype>palm, tree</planttype>
  <factsheet>ST058</factsheet>
  <use>reclamation, deck or patio, specimen, container or planter, highway median, recommended</use>
  <usdahardinesszone>10A-11</usdahardinesszone>
  <nativeorigin>
    <nativestate>Florida</nativestate>
    <nativetonorthamerica>yes</nativetonorthamerica>
    <recommendedfordryclimates>no</recommendedfordryclimates>
    <nativefloridacounty>Collier, Miami-Dade, Monroe Mainland</nativefloridacounty>
  </nativeorigin>
  <size>
    <height>15 to 25 feet</height>
    <maturespread>10 to 15 feet</maturespread>
    <maintainableheight>not suitable for clipping</maintainableheight>
    <matureheight>15 to 25 feet</matureheight>
    <spread>10 to 15 feet</spread>
  </size>
  <pestsanddiseases>&lt;p align="center"&gt;&lt;b&gt;&lt;u&gt;Pests and Diseases&lt;/u&gt;&lt;/b&gt;&lt;/p&gt;&lt;p align="left"&gt;

No pests or diseases are of major concern.  Paurotis Palm is susceptible to chlorosis from micronutrient deficiencies (especially Mn) when grown in soil with a high pH.  It also shows potassium deficiencies. &lt;/p&gt;</pestsanddiseases>
  <trunkandbranches>
    <branchdrooping>branches don't droop</branchdrooping>
    <woodspecificgravity>unknown</woodspecificgravity>
    <crownshaft>no</crownshaft>
    <currentyeartwigcolor>not applicable</currentyeartwigcolor>
    <thorns>no</thorns>
    <pruningrequirement>little required</pruningrequirement>
    <trunkandbranchbreakage>resistant</trunkandbranchbreakage>
    <barkthickness>not applicable</barkthickness>
    <numberoftrunks>typically multi-trunked</numberoftrunks>
    <showiness>showy</showiness>
  </trunkandbranches>
  <fruit>
    <composition>fleshy</composition>
    <attractiontowildlife>little</attractiontowildlife>
    <edible>no</edible>
    <shape>round</shape>
    <showiness>showy</showiness>
    <length>less than .5 inch</length>
    <persistant>no</persistant>
    <litter>fruit/leaves not a litter problem</litter>
    <color>black</color>
  </fruit>
  <name>
    <listingname>Paurotis Palm, Palm, Paurotis</listingname>
    <family>Arecaceae</family>
    <pronunciation>ah-see-loe-RAY-fee  RITE-ee-eye</pronunciation>
    <species>wrightii</species>
    <genus>Acoelorrhaphe</genus>
    <commonname>Paurotis Palm</commonname>
  </name>
  <photographs>
    <entireplant>4953464</entireplant>
    <foliage>13167467</foliage>
    <trunk>16253296</trunk>
  </photographs>
  <crowncanopy>
    <texture>fine</texture>
    <density>open</density>
    <shape>palm, upright/erect</shape>
    <uniformity>irregular</uniformity>
  </crowncanopy>
  <other>
    <verticilliumwilt>resistant</verticilliumwilt>
    <outstandingtree>no</outstandingtree>
    <winterinterest>no</winterinterest>
    <invasivepotential>native to North America</invasivepotential>
    <surfacerooting>not a problem</surfacerooting>
    <availability>generally available</availability>
    <ozonesensitivity>unknown</ozonesensitivity>
  </other>
  <descriptivetext>&lt;p align="center"&gt;&lt;b&gt;&lt;em&gt;Acoelorrhaphe wrightii &lt;/em&gt;Paurotis Palm &lt;/b&gt;&lt;/p&gt;&lt;p align="left"&gt;

This striking fan palm has several to many showy, upright, slender trunks which form attractive tight clumps with multiple suckers clustered at the base.  This ensures that there are trunks of different heights on the palm at all times if suckers are not pruned off.  Remove the suckers to prevent formation of additional trunks.  The two to three-foot-wide fronds are green above and silvery below borne on orange-green, armed petioles.  Black, 0.25-inch fruit are borne on bright orange stalks which can be quite showy in the fall.  Eventually reaching a height of 25 feet with a variable spread, the slow-growing Paurotis Palm is highly desirable in the landscape.  Paurotis Palm is exceptionally attractive with nighttime lighting from below. &lt;/p&gt;&lt;p align="left"&gt;

A native of the Florida Everglades, Paurotis Palm is hardy to about 25 to 28-degrees F. and prefers rich, moist locations.  Growing in full sun or partial shade, growth is considerably slower in drier soils and could decline and die without irrigation on a dry, well-drained site.  Paurotis Palm is tolerant of salt spray.  It is popular as an accent or specimen for large residential, commercial or municipal landscapes where this beautiful palm can be seen in an open setting.  Unfortunately, it grows slowly and is hard to come by in the trade.  Set it in a bed of plumbago or other sprawling shrub or groundcover to create a striking accent. &lt;/p&gt;&lt;p align="left"&gt;

Propagation is by seed. &lt;/p&gt;</descriptivetext>
  <growthrate>slow</growthrate>
</tree>