<?xml version="1.0" encoding="UTF-8" standalone="no"?><tree>
  <foliage>
    <shape>elliptic (oval)</shape>
    <summercolor>green</summercolor>
    <spiny>no</spiny>
    <type>palmately compound</type>
    <arrangement>opposite/subopposite</arrangement>
    <bladelength>4 to 8 inches</bladelength>
    <venation>pinnate</venation>
    <fallcharacteristics>showy</fallcharacteristics>
    <margin>serrate</margin>
    <fallcolor>yellow</fallcolor>
    <persistence>deciduous</persistence>
  </foliage>
  <rangemap>Range Map RM4A8A</rangemap>
  <pestresistance>resistant to pests/diseases</pestresistance>
  <lifespan>more than 50 years</lifespan>
  <culturetolerances>
    <saltspraytolerance>moderate</saltspraytolerance>
    <soilphtolerance>acidic</soilphtolerance>
    <lightrequirements>full sun</lightrequirements>
    <soilsalttolerance>unknown</soilsalttolerance>
    <droughttolerance>moderate</droughttolerance>
    <soildrainagetolerance>well-drained</soildrainagetolerance>
    <soiltexturetolerance>clay, sand, loam</soiltexturetolerance>
  </culturetolerances>
  <flower>
    <season>flowers in spring</season>
    <color>yellow</color>
    <fragrance>no</fragrance>
    <showiness>very showy</showiness>
  </flower>
  <planttype>tree</planttype>
  <factsheet>ST059</factsheet>
  <use>screen, specimen, shade, highway median, recommended</use>
  <usdahardinesszone>4A-8A</usdahardinesszone>
  <nativeorigin>
    <nativestate>Pennsylvania, West Virginia, Ohio, Virginia, Kentucky, Indiana, Illinois, Tennessee, North Carolina, Alabama, Georgia, South Carolina</nativestate>
    <nativetonorthamerica>yes</nativetonorthamerica>
    <recommendedfordryclimates>no</recommendedfordryclimates>
    <nativefloridacounty>Not Native to Florida</nativefloridacounty>
  </nativeorigin>
  <size>
    <height>50 to 75 feet</height>
    <maturespread>25 to 35 feet</maturespread>
    <maintainableheight>not suitable for clipping</maintainableheight>
    <matureheight>60 to 75 feet</matureheight>
    <spread>25 to 35 feet</spread>
  </size>
  <pestsanddiseases>&lt;p align="center"&gt;&lt;b&gt;&lt;u&gt;Pests and Diseases&lt;/u&gt;&lt;/b&gt;&lt;/p&gt;&lt;p align="left"&gt;

No pests or diseases of major concern are known at this time. &lt;/p&gt;</pestsanddiseases>
  <trunkandbranches>
    <currentyeartwigcolor>brown, green</currentyeartwigcolor>
    <numberoftrunks>typically one trunk</numberoftrunks>
    <pruningrequirement>needed for strong structure</pruningrequirement>
    <showiness>not showy</showiness>
    <currentyeartwigthickness>thick</currentyeartwigthickness>
    <trunkandbranchbreakage>resistant</trunkandbranchbreakage>
    <woodspecificgravity>unknown</woodspecificgravity>
    <branchdrooping>branches droop</branchdrooping>
    <crownshaft>not applicable</crownshaft>
    <barkthickness>thick</barkthickness>
    <thorns>no</thorns>
  </trunkandbranches>
  <fruit>
    <composition>dry or hard</composition>
    <attractiontowildlife>attracts squirrels/mammals</attractiontowildlife>
    <edible>no</edible>
    <shape>oval, round</shape>
    <showiness>showy</showiness>
    <length>1 to 3 inches</length>
    <persistant>no</persistant>
    <litter>fruit/leaves a litter problem</litter>
    <color>brown</color>
  </fruit>
  <name>
    <listingname>Yellow Buckeye, Sweet Buckeye, Buckeye, Yellow, Buckeye, Sweet</listingname>
    <family>Hippocastanaceae</family>
    <pronunciation>ESS-kew-lus  FLAY-vuh</pronunciation>
    <species>flava</species>
    <genus>Aesculus</genus>
    <commonname>Yellow Buckeye, Sweet Buckeye</commonname>
  </name>
  <photographs>
    <foliage>12765448</foliage>
    <trunk>4821205</trunk>
    <flower>679381</flower>
    <fruit>10866555</fruit>
    <other>4954425</other>
    <fall>2614724</fall>
    <entireplant>13134869</entireplant>
  </photographs>
  <crowncanopy>
    <texture>coarse</texture>
    <density>dense</density>
    <shape>oval</shape>
    <uniformity>symmetrical</uniformity>
  </crowncanopy>
  <other>
    <verticilliumwilt>resistant</verticilliumwilt>
    <outstandingtree>yes</outstandingtree>
    <winterinterest>no</winterinterest>
    <invasivepotential>native to North America</invasivepotential>
    <surfacerooting>not a problem</surfacerooting>
    <availability>somewhat available</availability>
    <ozonesensitivity>unknown</ozonesensitivity>
  </other>
  <descriptivetext>&lt;p align="center"&gt;&lt;b&gt;&lt;em&gt;Aesculus flava &lt;/em&gt;( &lt;em&gt;Aesculus octandra &lt;/em&gt;)Yellow Buckeye, Sweet Buckeye &lt;/b&gt;&lt;/p&gt;&lt;p align="left"&gt;

Yellow Buckeye reaches 60 to 75 feet in height with an oval to slightly spreading canopy and large, dark green leaves composed of five-fingered leaflets, casting dense shade below.  The thick canopy makes this tree well-suited for a tall screen or shade tree.  Small yellow/green flowers appear in dense, upwardly-pointing, six to seven-inch-long, terminal panicles in early spring and are followed by 2.5-inch-long, smooth, pear-shaped capsules containing bitter, poisonous seeds.  The leaves change to brilliant yellow before dropping in autumn. &lt;/p&gt;&lt;p align="left"&gt;

The tree has a striking, coarse texture and leaves which are as dark as any other tree, attracting attention as a specimen plant.  But save it for large areas so the wonderful form of this large tree can be appreciated.  Certainly not suited for small residences due to its overpowering size and texture.  Leaf and flower litter in the summer and fall may be objectionable to some people.  The nuts make good food for wildlife but you may not want it scattered along city streets. &lt;/p&gt;&lt;p align="left"&gt;

A North American native, Yellow Buckeye grows best along stream beds in full sun or partial shade and should be planted in moist, well-drained soil rich in organic matter.  It is not as susceptible to foliage diseases as  &lt;em&gt;Aesculus hippocastanum &lt;/em&gt;. &lt;/p&gt;&lt;p align="left"&gt;

Propagation is by seed. &lt;/p&gt;</descriptivetext>
  <growthrate>moderate</growthrate>
</tree>