<?xml version="1.0" encoding="UTF-8" standalone="no"?><tree>
  <foliage>
    <shape>oblanceolate</shape>
    <summercolor>green</summercolor>
    <spiny>no</spiny>
    <type>palmately compound</type>
    <arrangement>opposite/subopposite</arrangement>
    <bladelength>4 to 8 inches</bladelength>
    <venation>pinnate</venation>
    <fallcharacteristics>not showy</fallcharacteristics>
    <margin>serrate</margin>
    <fallcolor>no color change</fallcolor>
    <persistence>deciduous</persistence>
  </foliage>
  <rangemap>Range Map RM5A7B</rangemap>
  <pestresistance>resistant to pests/diseases</pestresistance>
  <lifespan>more than 50 years</lifespan>
  <culturetolerances>
    <saltspraytolerance>moderate</saltspraytolerance>
    <soilphtolerance>acidic</soilphtolerance>
    <lightrequirements>full sun</lightrequirements>
    <soilsalttolerance>moderate</soilsalttolerance>
    <droughttolerance>moderate</droughttolerance>
    <soildrainagetolerance>well-drained</soildrainagetolerance>
    <soiltexturetolerance>clay, sand, loam</soiltexturetolerance>
  </culturetolerances>
  <flower>
    <season>flowers in spring</season>
    <color>pink, red</color>
    <fragrance>no</fragrance>
    <showiness>very showy</showiness>
  </flower>
  <planttype>tree</planttype>
  <factsheet>ST065</factsheet>
  <use>street without sidewalk, sidewalk cutout (tree pit), tree lawn 3-4 feet wide, tree lawn 4-6 feet wide, tree lawn &gt; 6 ft wide, parking lot island 100-200 sq ft, parking lot island &gt; 200 sq ft, specimen, shade, screen, highway median, container or planter, recommended</use>
  <usdahardinesszone>5A-7B</usdahardinesszone>
  <nativeorigin>
    <nativetonorthamerica>no</nativetonorthamerica>
    <recommendedfordryclimates>no</recommendedfordryclimates>
    <nativefloridacounty>Not Native to Florida</nativefloridacounty>
  </nativeorigin>
  <size>
    <height>25 to 50 feet</height>
    <maturespread>30 to 45 feet</maturespread>
    <maintainableheight>not suitable for clipping</maintainableheight>
    <matureheight>30 to 45 feet</matureheight>
    <spread>25 to 35 feet</spread>
  </size>
  <pestsanddiseases>&lt;p align="center"&gt;&lt;b&gt;&lt;u&gt;Pests and Diseases&lt;/u&gt;&lt;/b&gt;&lt;/p&gt;&lt;p align="left"&gt;

No pests or diseases are of major concern.  Much less susceptible to leaf scorch and leaf blotch than  &lt;em&gt;Aesculus hippocastanum &lt;/em&gt;, and should be planted in its place. &lt;/p&gt;</pestsanddiseases>
  <trunkandbranches>
    <currentyeartwigcolor>brown</currentyeartwigcolor>
    <numberoftrunks>typically multi-trunked, can be trained to one trunk</numberoftrunks>
    <pruningrequirement>needed for strong structure</pruningrequirement>
    <showiness>not showy</showiness>
    <currentyeartwigthickness>thick</currentyeartwigthickness>
    <trunkandbranchbreakage>resistant</trunkandbranchbreakage>
    <woodspecificgravity>unknown</woodspecificgravity>
    <branchdrooping>branches droop</branchdrooping>
    <crownshaft>not applicable</crownshaft>
    <barkthickness>thick</barkthickness>
    <thorns>no</thorns>
  </trunkandbranches>
  <fruit>
    <composition>dry or hard</composition>
    <attractiontowildlife>attracts squirrels/mammals</attractiontowildlife>
    <edible>no</edible>
    <shape>round, oval</shape>
    <showiness>not showy</showiness>
    <length>1 to 3 inches</length>
    <persistant>no</persistant>
    <litter>fruit/leaves a litter problem</litter>
    <color>brown</color>
  </fruit>
  <name>
    <listingname>Red Horsechestnut, Horsechestnut, Red</listingname>
    <family>Hippocastanaceae</family>
    <pronunciation>ESS-kew-lus  x  KAR-nee-uh</pronunciation>
    <species>x carnea</species>
    <genus>Aesculus</genus>
    <commonname>Red Horsechestnut</commonname>
  </name>
  <photographs>
    <spring>4530402</spring>
    <entireplant>3432298</entireplant>
    <flower>7323900</flower>
    <foliage>14571521</foliage>
    <trunk>718307</trunk>
  </photographs>
  <crowncanopy>
    <texture>coarse</texture>
    <density>dense</density>
    <shape>pyramidal, round</shape>
    <uniformity>symmetrical</uniformity>
  </crowncanopy>
  <other>
    <verticilliumwilt>resistant</verticilliumwilt>
    <outstandingtree>yes</outstandingtree>
    <winterinterest>no</winterinterest>
    <invasivepotential>not a problem species</invasivepotential>
    <surfacerooting>not a problem</surfacerooting>
    <availability>somewhat available</availability>
    <ozonesensitivity>unknown</ozonesensitivity>
  </other>
  <descriptivetext>&lt;p align="center"&gt;&lt;b&gt;&lt;em&gt;Aesculus &lt;/em&gt; x  &lt;em&gt;carnea &lt;/em&gt;Red Horsechestnut &lt;/b&gt;&lt;/p&gt;&lt;p align="left"&gt;

This hybrid of  &lt;em&gt;Aesculus hippocastanum &lt;/em&gt; and  &lt;em&gt;Aesculus pavia &lt;/em&gt; has very large, dark green leaves composed of five to seven leaflets, and will ultimately reach a height and spread of 30 to 40 feet.  Although deciduous, Red Horsechestnut does not produce any appreciable fall color and is well-suited for use as a specimen.  The tree is quite striking with dark green, coarse-textured foliage.  Pyramidal in shape when very young, Red Horsechestnut develops slowly into a round, very dense shade tree by five to seven years of age, and is outstanding in the landscape for its beautiful springtime display of blossoms.  The multitude of pink to bright scarlet blooms appear on erect, eight-inch-long panicles at each branch tip and are quite attractive to bees and hummingbirds.  The prickly, rather messy, poisonous seedpods appear in fall. &lt;/p&gt;&lt;p align="left"&gt;

Leaf and flower litter in the summer and fall may be objectionable to some people since the leaves are large and decompose slowly.  The nuts make good food for wildlife but you may not want it scattered along city streets.  They can make great ammunition for throwing at moving objects, windows and other people so locate it accordingly.  Makes a great median street tree when provided with some irrigation during drought. &lt;/p&gt;&lt;p align="left"&gt;

Red Horsechestnut will grow in full sun or light shade and prefers moist, well-drained, acid soils but grows in slightly alkaline soil.  Plants are moderately tolerant to drought, wind, and salt and resist the heat of the south very well.  It holds up well in urban areas, even in restricted and compacted soil spaces.  Red Horsechestnut appears to be less susceptible to disease than either of the parents.  Trunk bark may crack when exposed to the direct sun so keep it shaded as much as possible by leaving lower branches on small trees and don't over-prune the tree, exposing the trunk suddenly to direct sun. &lt;/p&gt;&lt;p align="left"&gt;

The cultivar `Briotii' has deep scarlet flowers in 10-inch-long panicles and no fruit; `Rosea' has pink flowers.  `O'Neil's Red' has double red flowers. &lt;/p&gt;&lt;p align="left"&gt;

Propagation is from seed, an oddity for most hybrids. &lt;/p&gt;</descriptivetext>
  <growthrate>slow</growthrate>
</tree>