<?xml version="1.0" encoding="UTF-8" standalone="no"?><tree>
  <diseases>&lt;p align="center"&gt;&lt;b&gt;&lt;u&gt;Diseases&lt;/u&gt;&lt;/b&gt;&lt;/p&gt;&lt;p align="left"&gt;

Leaf blotch causes diseased areas of variable size on the leaves.  The diseased areas are at first discolored and watersoaked, later turning light reddish brown with bright yellow margins.  If the entire leaf is affected it will dry, turn brown, and fall off.  Leaf stalks may also be attacked.  This disease looks very much like scorch from dry soil.  Rake up and destroy old leaves. &lt;/p&gt;&lt;p align="left"&gt;

A leaf spot disease will cause small brown circular spots on the leaves. &lt;/p&gt;&lt;p align="left"&gt;

Powdery mildew covers the undersides of the leaves with white mold. &lt;/p&gt;&lt;p align="left"&gt;

Anthracnose may infect terminal shoots several inches from the tip.  The infected area is shrunken and the outer layers of tissue may be ruptured. &lt;/p&gt;&lt;p align="left"&gt;

Leaf scorch is a physiological problem but will not kill the tree.  The leaf margins turn brown then browning moves progressively inward between the veins.  Eventually the entire leaf turns brown.  The condition occurs in mid-summer.  Keep the plant well-watered during dry weather. &lt;/p&gt;</diseases>
  <planttype>tree</planttype>
  <size>
    <height>50 to 75 feet</height>
    <maturespread>40 to 50 feet</maturespread>
    <maintainableheight>not suitable for clipping</maintainableheight>
    <matureheight>50 to 80 feet</matureheight>
    <spread>35 to 50 feet</spread>
  </size>
  <use>tree lawn 4-6 feet wide, tree lawn &gt; 6 ft wide, urban tolerant, street without sidewalk, shade, specimen, screen, highway median, recommended</use>
  <flower>
    <season>flowers in spring</season>
    <color>white/cream/gray</color>
    <fragrance>no</fragrance>
    <showiness>very showy</showiness>
  </flower>
  <other>
    <verticilliumwilt>resistant</verticilliumwilt>
    <outstandingtree>yes</outstandingtree>
    <winterinterest>yes</winterinterest>
    <invasivepotential>not a problem species</invasivepotential>
    <surfacerooting>not a problem</surfacerooting>
    <availability>somewhat available</availability>
    <ozonesensitivity>unknown</ozonesensitivity>
  </other>
  <fruit>
    <composition>no fruit</composition>
    <attractiontowildlife>no fruit, little</attractiontowildlife>
    <edible>no fruit</edible>
    <shape>no fruit</shape>
    <showiness>no fruit</showiness>
    <length>no fruit</length>
    <persistant>no fruit</persistant>
    <litter>no fruit, fruit/leaves not a litter problem</litter>
    <color>no fruit</color>
  </fruit>
  <factsheet>ST062</factsheet>
  <growthrate>slow</growthrate>
  <crowncanopy>
    <texture>coarse</texture>
    <density>dense</density>
    <shape>oval, round</shape>
    <uniformity>symmetrical</uniformity>
  </crowncanopy>
  <photographs>
    <foliage>15015411</foliage>
    <trunk>11151572</trunk>
    <flower>6130309</flower>
    <spring>5732396</spring>
    <other>4558152</other>
    <entireplant>11621916</entireplant>
  </photographs>
  <name>
    <listingname>`Baumannii' Horsechestnut, Horsechestnut, `Baumannii'</listingname>
    <family>Hippocastanaceae</family>
    <pronunciation>ESS-kew-lus  hip-oh-kass-TAY-num</pronunciation>
    <species>hippocastanum</species>
    <genus>Aesculus</genus>
    <cultivar>'Baumannii'</cultivar>
    <commonname>'Baumannii' Horsechestnut</commonname>
  </name>
  <trunkandbranches>
    <currentyeartwigcolor>brown</currentyeartwigcolor>
    <numberoftrunks>typically one trunk</numberoftrunks>
    <pruningrequirement>needed for strong structure</pruningrequirement>
    <showiness>showy</showiness>
    <currentyeartwigthickness>very thick</currentyeartwigthickness>
    <trunkandbranchbreakage>resistant</trunkandbranchbreakage>
    <woodspecificgravity>unknown</woodspecificgravity>
    <branchdrooping>branches droop</branchdrooping>
    <crownshaft>not applicable</crownshaft>
    <barkthickness>thick</barkthickness>
    <thorns>no</thorns>
  </trunkandbranches>
  <rangemap>Range Map RM4A7B</rangemap>
  <descriptivetext>&lt;p align="center"&gt;&lt;b&gt;&lt;em&gt;Aesculus hippocastanum &lt;/em&gt; `Baumannii' `Baumannii' Horsechestnut &lt;/b&gt;&lt;/p&gt;&lt;p align="left"&gt;

If Horsechestnut is to be planted, this is the one to plant.  Horsechestnut can grow 60 or 70 feet tall, but is often seen 40 to 55 feet with a spread of 40 to 50 feet.  The trunk grows to three feet thick and is covered with dark, somewhat exfoliating bark.  The prominent double white flowers, occurring in panicles at the branch tips, are the main ornamental feature of Horsechestnut.  The large brown nuts so characteristic of the species are missing from this fruitless cultivar which makes this a better choose for urban landscapes than the species. &lt;/p&gt;&lt;p align="left"&gt;

The growth rate is rapid while the tree is young but slows down with age.  Horsechestnut is weak-wooded and some branches break from the trunk under ice or snow loads.  The tree usually develops leaf scorch in dry soil, and powdery mildew during the summer, causing leaves to drop.  Leaf blotch is also prevalent.  This limits its wide use in any one area, but any landscape would benefit from a Horsechestnut or two.  It is also very tolerant of city conditions and does well in small, restricted root zone areas such as along streets.  Sensitivity to air pollution injury makes it unsuited for downtown areas - best in the suburbs. &lt;/p&gt;&lt;p align="left"&gt;

Horsechestnut prefers a sunny exposure sheltered from wind but casts dense shade with coarse-textured leaves.  The tree is easily transplanted and grows in almost any urban soil, including alkaline.    The large leaves and dropping twigs create litter which is considered by many to be objectionable.  The species is probably best located away from hard surfaces due to dropping nuts, but this cultivar produces no nuts, making it a more versatile tree.  Only moderately drought-tolerant.  Will grow in calcareous soil. &lt;/p&gt;&lt;p align="left"&gt;

Several other cultivars may be grown but will still have leaf scorch problems:  `Pendula' - has drooping branches; `Pyramidalis' - upright; `Rubicunda' - flowers salmon red; `Tortuosa' - contorted growth. &lt;/p&gt;</descriptivetext>
  <pestresistance>sensitive to pests/diseases</pestresistance>
  <foliage>
    <shape>obovate</shape>
    <summercolor>green</summercolor>
    <spiny>no</spiny>
    <type>palmately compound</type>
    <arrangement>opposite/subopposite</arrangement>
    <bladelength>4 to 8 inches, 8 to 12 inches</bladelength>
    <venation>pinnate</venation>
    <fallcharacteristics>not showy</fallcharacteristics>
    <margin>double serrate</margin>
    <fallcolor>yellow</fallcolor>
    <persistence>deciduous</persistence>
  </foliage>
  <pests>&lt;p align="center"&gt;&lt;b&gt;&lt;u&gt;Pests&lt;/u&gt;&lt;/b&gt;&lt;/p&gt;&lt;p align="left"&gt;

White-marked tussock moth is a fuzzy caterpillar.  The insect has black marks and four tufts of hair on its back. &lt;/p&gt;&lt;p align="left"&gt;

Japanese beetle eats the leaves down to the veins.  Leaves at the top and south side of the plant are often most affected and attacks can be quite sudden. &lt;/p&gt;</pests>
  <usdahardinesszone>4A-7B</usdahardinesszone>
  <culturetolerances>
    <saltspraytolerance>moderate</saltspraytolerance>
    <soilphtolerance>acidic, alkaline</soilphtolerance>
    <lightrequirements>full sun</lightrequirements>
    <soilsalttolerance>unknown</soilsalttolerance>
    <droughttolerance>moderate</droughttolerance>
    <soildrainagetolerance>well-drained</soildrainagetolerance>
    <soiltexturetolerance>clay, sand, loam</soiltexturetolerance>
  </culturetolerances>
  <nativeorigin>
    <nativetonorthamerica>no</nativetonorthamerica>
    <recommendedfordryclimates>no</recommendedfordryclimates>
    <nativefloridacounty>Not Native to Florida</nativefloridacounty>
  </nativeorigin>
  <lifespan>more than 50 years</lifespan>
</tree>