<?xml version="1.0" encoding="UTF-8" standalone="no"?><tree>
  <diseases>&lt;p align="center"&gt;&lt;b&gt;&lt;u&gt;Diseases&lt;/u&gt;&lt;/b&gt;&lt;/p&gt;&lt;p align="left"&gt;

Leaf blotch causes diseased areas of variable size on the leaves.  The diseased areas are at first discolored and watersoaked, later turning light reddish brown with bright yellow margins.  If the entire leaf is affected it will dry, turn brown, and fall off.  Leaf stalks may also be attacked.  This disease looks very much like scorch from dry soil and is prevalent over a wide geographical area.  Rake up and destroy old leaves. &lt;/p&gt;&lt;p align="left"&gt;

A leaf spot disease will cause small brown circular spots on the leaves. &lt;/p&gt;&lt;p align="left"&gt;

Powdery mildew covers the undersides of the leaves with white mold. &lt;/p&gt;&lt;p align="left"&gt;

Anthracnose may infect terminal shoots several inches from the tip.  The infected area is shrunken and the outer layers of tissue may be ruptured. &lt;/p&gt;&lt;p align="left"&gt;

Leaf scorch is a physiological problem but will not kill the tree.  The leaf margins turn brown then browning moves progressively inward between the veins.  Eventually the entire leaf turns brown.  The condition occurs in mid-summer.  Keep the plant well-watered during dry weather. &lt;/p&gt;</diseases>
  <planttype>tree</planttype>
  <size>
    <height>50 to 75 feet</height>
    <maturespread>40 to 50 feet</maturespread>
    <maintainableheight>not suitable for clipping</maintainableheight>
    <matureheight>50 to 80 feet</matureheight>
    <spread>35 to 50 feet</spread>
  </size>
  <use>shade, street without sidewalk, screen, specimen, recommended</use>
  <flower>
    <season>flowers in spring</season>
    <color>white/cream/gray</color>
    <fragrance>no</fragrance>
    <showiness>very showy</showiness>
  </flower>
  <other>
    <verticilliumwilt>resistant</verticilliumwilt>
    <outstandingtree>no</outstandingtree>
    <winterinterest>yes</winterinterest>
    <invasivepotential>not a problem species</invasivepotential>
    <surfacerooting>not a problem</surfacerooting>
    <availability>generally available</availability>
    <ozonesensitivity>tolerant</ozonesensitivity>
  </other>
  <fruit>
    <composition>dry or hard</composition>
    <attractiontowildlife>attracts squirrels/mammals</attractiontowildlife>
    <edible>no</edible>
    <shape>oval, round</shape>
    <showiness>showy</showiness>
    <length>1 to 3 inches</length>
    <persistant>no</persistant>
    <litter>fruit/leaves a litter problem</litter>
    <color>brown</color>
  </fruit>
  <factsheet>ST061</factsheet>
  <growthrate>moderate</growthrate>
  <crowncanopy>
    <texture>coarse</texture>
    <density>dense</density>
    <shape>oval, round</shape>
    <uniformity>symmetrical</uniformity>
  </crowncanopy>
  <photographs>
    <entireplant>14914091</entireplant>
    <flower>6425265</flower>
    <fruit>5721511</fruit>
    <foliage>8161876</foliage>
    <trunk>7334638</trunk>
  </photographs>
  <name>
    <listingname>Horsechestnut, European Horsechestnut, Horsechestnut, European</listingname>
    <family>Hippocastanaceae</family>
    <pronunciation>ESS-kew-lus  hip-oh-kass-TAY-num</pronunciation>
    <species>hippocastanum</species>
    <genus>Aesculus</genus>
    <commonname>Horsechestnut, European Horsechestnut</commonname>
  </name>
  <trunkandbranches>
    <currentyeartwigcolor>brown</currentyeartwigcolor>
    <numberoftrunks>typically one trunk</numberoftrunks>
    <pruningrequirement>needed for strong structure</pruningrequirement>
    <showiness>showy</showiness>
    <currentyeartwigthickness>very thick</currentyeartwigthickness>
    <trunkandbranchbreakage>resistant</trunkandbranchbreakage>
    <woodspecificgravity>unknown</woodspecificgravity>
    <branchdrooping>branches droop</branchdrooping>
    <crownshaft>not applicable</crownshaft>
    <barkthickness>thick</barkthickness>
    <thorns>no</thorns>
  </trunkandbranches>
  <rangemap>Range Map RM4A7B</rangemap>
  <descriptivetext>&lt;p align="center"&gt;&lt;b&gt;&lt;em&gt;Aesculus hippocastanum &lt;/em&gt;Horsechestnut, European Horsechestnut &lt;/b&gt;&lt;/p&gt;&lt;p align="left"&gt;

Horsechestnut can grow 90 or 100 feet tall, but is often 50 to 75 feet in the landscape with a spread of 40 to 50 feet.  The trunk grows to three feet thick and is covered with dark, somewhat exfoliating bark.  The prominent white flowers, occurring in panicles at the branch tips, are the main ornamental feature of Horsechestnut.  The large brown nuts covered with spiny husks fall and can dent cars and create a hazard on hard surfaces as people roll on the golfball-sized fruit. &lt;/p&gt;&lt;p align="left"&gt;

The growth rate is rapid while the tree is young but slows down with age.  Horsechestnut is weak-wooded and some branches break from the trunk under ice or snow loads.  The tree usually develops leaf scorch in dry soil, and powdery mildew during the summer, causing leaves to drop.  Leaf blotch disease is also common.  This limits its wide use in any one area, but any landscape would benefit from a Horsechestnut or two.  It is also very tolerant of city conditions and does well in small, restricted root zone areas such as along streets.  Sensitivity to air pollution injury makes it unsuited for downtown areas - best in the suburbs. &lt;/p&gt;&lt;p align="left"&gt;

Horsechestnut prefers a sunny exposure sheltered from wind but casts dense shade with coarse-textured leaves.  The tree is easily transplanted and grows in almost any urban soil, including alkaline.    The large leaves, nuts and dropping twigs create litter which is considered by many to be objectionable.  It is probably best located away from hard surfaces where people can enjoy it from a distance.  Only moderately drought-tolerant.  Will grow in calcareous soil. &lt;/p&gt;&lt;p align="left"&gt;

Several cultivars can be found but they will still have leaf scorch problems:  `Baumannii' - 70 feet tall, oval, pH-adapted, has double flowers, grows slower and does not produce any nuts, if the tree is grown this cultivar is highly recommended; `Pendula' - has drooping branches; `Pyramidalis' - upright; `Rubicunda' - flowers salmon red; `Tortuosa' - contorted growth. &lt;/p&gt;</descriptivetext>
  <pestresistance>sensitive to pests/diseases</pestresistance>
  <foliage>
    <shape>obovate</shape>
    <summercolor>green</summercolor>
    <spiny>no</spiny>
    <type>palmately compound</type>
    <arrangement>opposite/subopposite</arrangement>
    <bladelength>4 to 8 inches, 8 to 12 inches</bladelength>
    <venation>pinnate</venation>
    <fallcharacteristics>not showy</fallcharacteristics>
    <margin>double serrate</margin>
    <fallcolor>yellow</fallcolor>
    <persistence>deciduous</persistence>
  </foliage>
  <pests>&lt;p align="center"&gt;&lt;b&gt;&lt;u&gt;Pests&lt;/u&gt;&lt;/b&gt;&lt;/p&gt;&lt;p align="left"&gt;

White-marked tussock moth is a fuzzy caterpillar.  The insect has black marks and four tufts of hair on its back. &lt;/p&gt;&lt;p align="left"&gt;

Japanese beetle eats the leaves down to the veins.  Leaves at the top and south side of the plant are often most affected and attacks can be quite sudden. &lt;/p&gt;</pests>
  <usdahardinesszone>4A-7B</usdahardinesszone>
  <culturetolerances>
    <saltspraytolerance>moderate</saltspraytolerance>
    <soilphtolerance>alkaline, acidic</soilphtolerance>
    <lightrequirements>full sun</lightrequirements>
    <soilsalttolerance>moderate</soilsalttolerance>
    <droughttolerance>moderate</droughttolerance>
    <soildrainagetolerance>well-drained</soildrainagetolerance>
    <soiltexturetolerance>clay, sand, loam</soiltexturetolerance>
  </culturetolerances>
  <nativeorigin>
    <nativetonorthamerica>no</nativetonorthamerica>
    <recommendedfordryclimates>no</recommendedfordryclimates>
    <nativefloridacounty>Not Native to Florida</nativefloridacounty>
  </nativeorigin>
  <lifespan>more than 50 years</lifespan>
</tree>