<?xml version="1.0" encoding="UTF-8" standalone="no"?><tree>
  <foliage>
    <shape>elliptic (oval), ovate</shape>
    <summercolor>green</summercolor>
    <spiny>no</spiny>
    <type>palmately compound</type>
    <arrangement>opposite/subopposite</arrangement>
    <bladelength>2 to 4 inches, 4 to 8 inches</bladelength>
    <venation>pinnate</venation>
    <fallcharacteristics>showy</fallcharacteristics>
    <margin>serrate</margin>
    <fallcolor>yellow, orange</fallcolor>
    <persistence>deciduous</persistence>
  </foliage>
  <rangemap>Range Map RM4A7A</rangemap>
  <pestresistance>resistant to pests/diseases</pestresistance>
  <lifespan>more than 50 years</lifespan>
  <culturetolerances>
    <saltspraytolerance>none</saltspraytolerance>
    <soilphtolerance>acidic, slightly alkaline</soilphtolerance>
    <lightrequirements>full sun, partial sun or partial shade</lightrequirements>
    <soilsalttolerance>unknown</soilsalttolerance>
    <droughttolerance>moderate</droughttolerance>
    <soildrainagetolerance>extended flooding, well-drained</soildrainagetolerance>
    <soiltexturetolerance>sand, loam, clay</soiltexturetolerance>
  </culturetolerances>
  <flower>
    <season>flowers in spring</season>
    <color>yellow</color>
    <fragrance>no</fragrance>
    <showiness>very showy</showiness>
  </flower>
  <diseases>&lt;p align="center"&gt;&lt;b&gt;&lt;u&gt;Diseases&lt;/u&gt;&lt;/b&gt;&lt;/p&gt;&lt;p align="left"&gt;

Leaf blotch, powdery mildew, and leaf scorch. &lt;/p&gt;</diseases>
  <planttype>tree</planttype>
  <factsheet>ST060</factsheet>
  <use>shade, highway median, recommended</use>
  <usdahardinesszone>4A-7A</usdahardinesszone>
  <nativeorigin>
    <nativestate>Native But State Unknown</nativestate>
    <nativetonorthamerica>yes</nativetonorthamerica>
    <recommendedfordryclimates>no</recommendedfordryclimates>
    <nativefloridacounty>Not Native to Florida</nativefloridacounty>
  </nativeorigin>
  <size>
    <height>25 to 50 feet</height>
    <maturespread>40 to 50 feet</maturespread>
    <maintainableheight>not suitable for clipping</maintainableheight>
    <matureheight>50 to 70 feet</matureheight>
    <spread>25 to 35 feet</spread>
  </size>
  <trunkandbranches>
    <currentyeartwigcolor>reddish, brown</currentyeartwigcolor>
    <numberoftrunks>typically one trunk</numberoftrunks>
    <pruningrequirement>needed for strong structure</pruningrequirement>
    <showiness>not showy</showiness>
    <currentyeartwigthickness>thick</currentyeartwigthickness>
    <trunkandbranchbreakage>resistant</trunkandbranchbreakage>
    <woodspecificgravity>unknown</woodspecificgravity>
    <branchdrooping>branches droop</branchdrooping>
    <crownshaft>not applicable</crownshaft>
    <barkthickness>thick</barkthickness>
    <thorns>no</thorns>
  </trunkandbranches>
  <pests>&lt;p align="center"&gt;&lt;b&gt;&lt;u&gt;Pests&lt;/u&gt;&lt;/b&gt;&lt;/p&gt;&lt;p align="left"&gt;

No pests are of major concern. &lt;/p&gt;</pests>
  <fruit>
    <composition>dry or hard</composition>
    <attractiontowildlife>attracts squirrels/mammals</attractiontowildlife>
    <edible>no</edible>
    <shape>oval, round</shape>
    <showiness>showy</showiness>
    <length>1 to 3 inches</length>
    <persistant>no</persistant>
    <litter>fruit/leaves a litter problem</litter>
    <color>brown</color>
  </fruit>
  <name>
    <listingname>Ohio Buckeye var. pallida, Fetid Buckeye, Buckeye, Ohio, Buckeye, Fetid</listingname>
    <family>Hippocastanaceae</family>
    <pronunciation>ESS-kew-lus  GLAY-bruh</pronunciation>
    <species>glabra</species>
    <genus>Aesculus</genus>
    <cultivar>var. pallida</cultivar>
    <commonname>Ohio Buckeye var. pallida, Fetid Buckeye</commonname>
  </name>
  <crowncanopy>
    <texture>coarse</texture>
    <density>dense</density>
    <shape>round</shape>
    <uniformity>symmetrical</uniformity>
  </crowncanopy>
  <other>
    <verticilliumwilt>resistant</verticilliumwilt>
    <outstandingtree>no</outstandingtree>
    <winterinterest>yes</winterinterest>
    <invasivepotential>not a problem species</invasivepotential>
    <surfacerooting>not a problem</surfacerooting>
    <availability>rarely available</availability>
    <ozonesensitivity>sensitive</ozonesensitivity>
  </other>
  <descriptivetext>&lt;p align="center"&gt;&lt;b&gt;&lt;em&gt;Aesculus glabra  &lt;/em&gt;Ohio Buckeye, Fetid Buckeye &lt;/b&gt;&lt;/p&gt;&lt;p align="left"&gt;

A true North American native, Ohio Buckeye forms a short trunk with a low branching structure, creating an oval to rounded canopy 40 to 50 feet wide on a tree 50 to 70 feet tall.  The four to six-inch-long, coarse, bright green, palmately compound leaves have an unpleasant odor when crushed, as do the twigs, giving this tree its other common name of Fetid Buckeye.  The fragrance should be a warning sign for this plant since all parts of it are poisonous, a factor which should be considered when placing it in the landscape.  One of the first trees to shed its leaves in autumn, Ohio Buckeye puts on a vivid display of bright orange and yellow fall foliage.  The spring flowers are also quite showy, the erect, yellow/green, six-inch-high panicles decorating the branches.  The one to two-inch-long, showy, brown fruits ripen in late summer and may become a litter problem since they are very prickly.  These fruits are quite popular with squirrels and other wildlife. &lt;/p&gt;&lt;p align="left"&gt;

Ohio Buckeye will grow in full sun or partial shade on well-drained, fertile soil but should not be exposed to extended drought or excessive heat, two factors which make this tree unsuitable for use as a street tree.  Falling fruit would also be a problem along streets.  It is suited for naturalized plantings or for establishing a native grove in a park.  The fruit can be quite entertaining for children. &lt;/p&gt;&lt;p align="left"&gt;

Propagation is by seed. &lt;/p&gt;</descriptivetext>
  <growthrate>moderate</growthrate>
</tree>