<?xml version="1.0" encoding="UTF-8" standalone="no"?><tree>
  <foliage>
    <shape>oblong, star-shaped</shape>
    <summercolor>green</summercolor>
    <spiny>no</spiny>
    <type>palmately compound</type>
    <arrangement>opposite/subopposite</arrangement>
    <bladelength>4 to 8 inches</bladelength>
    <venation>pinnate</venation>
    <fallcharacteristics>showy</fallcharacteristics>
    <margin>serrate, crenate</margin>
    <fallcolor>yellow</fallcolor>
    <persistence>deciduous</persistence>
  </foliage>
  <pestresistance>resistant to pests/diseases</pestresistance>
  <lifespan>unknown</lifespan>
  <culturetolerances>
    <saltspraytolerance>unknown</saltspraytolerance>
    <soilphtolerance>acidic</soilphtolerance>
    <lightrequirements>partial sun or partial shade</lightrequirements>
    <soilsalttolerance>unknown</soilsalttolerance>
    <droughttolerance>moderate</droughttolerance>
    <soildrainagetolerance>well-drained</soildrainagetolerance>
    <soiltexturetolerance>sand, loam, clay</soiltexturetolerance>
  </culturetolerances>
  <flower>
    <season>flowers in spring</season>
    <color>white/cream/gray</color>
    <fragrance>no</fragrance>
    <showiness>not showy</showiness>
  </flower>
  <diseases/>
  <planttype>shrub</planttype>
  <use>specimen</use>
  <usdahardinesszone>4A-9B</usdahardinesszone>
  <nativeorigin>
    <nativestate>South Carolina, Georgia, Alabama, Florida</nativestate>
    <nativetonorthamerica>yes</nativetonorthamerica>
    <recommendedfordryclimates>yes</recommendedfordryclimates>
    <nativefloridacounty>Not Native to Florida</nativefloridacounty>
  </nativeorigin>
  <size>
    <height>6 to 10 feet</height>
    <maturespread>10 to 15 feet</maturespread>
    <maintainableheight>not suitable for clipping</maintainableheight>
    <matureheight>8 to 12 feet</matureheight>
    <spread>10 to 15 feet</spread>
  </size>
  <factsheet/>
  <trunkandbranches>
    <currentyeartwigcolor>unknown</currentyeartwigcolor>
    <numberoftrunks>typically multi-trunked</numberoftrunks>
    <pruningrequirement>little required</pruningrequirement>
    <showiness>not showy</showiness>
    <currentyeartwigthickness>thick</currentyeartwigthickness>
    <trunkandbranchbreakage>resistant</trunkandbranchbreakage>
    <woodspecificgravity>unknown</woodspecificgravity>
    <branchdrooping>branches don't droop</branchdrooping>
    <crownshaft>not applicable</crownshaft>
    <barkthickness>thick</barkthickness>
    <thorns>no</thorns>
  </trunkandbranches>
  <pests/>
  <fruit>
    <composition>dry or hard</composition>
    <attractiontowildlife>unknown</attractiontowildlife>
    <edible>no</edible>
    <shape>elongated</shape>
    <showiness>showy</showiness>
    <length>1 to 3 inches</length>
    <persistant>no</persistant>
    <litter>unknown</litter>
    <color>brown</color>
  </fruit>
  <name>
    <listingname>Bottlebrush Buckeye</listingname>
    <family>Hippocastanaceae</family>
    <pronunciation>ESS-kew-lus par-vih-FLOR-uh</pronunciation>
    <species>parviflora</species>
    <genus>Aesculus</genus>
    <cultivar/>
    <commonname>Bottlebrush Buckeye</commonname>
  </name>
  <photographs>
    <entireplant>1376676</entireplant>
    <flower>10875418</flower>
    <fall>3628649</fall>
    <foliage>6871972</foliage>
  </photographs>
  <crowncanopy>
    <texture>coarse</texture>
    <density>moderate</density>
    <shape>spreading</shape>
    <uniformity>irregular</uniformity>
  </crowncanopy>
  <other>
    <verticilliumwilt>unknown</verticilliumwilt>
    <outstandingtree>yes</outstandingtree>
    <winterinterest>no</winterinterest>
    <invasivepotential>native to North America</invasivepotential>
    <surfacerooting>not a problem</surfacerooting>
    <availability>somewhat available</availability>
    <ozonesensitivity>unknown</ozonesensitivity>
  </other>
  <descriptivetext>&lt;p align="left"&gt;

Native from Alabama and South Caroline into Florida, Bottlebrush Buckeye forms a rounded mass of dark green, palmately-compound foliage in mid-spring.  The shrub eventually reaches about 8-feet-tall but grows to 12-feet-wide. Suckers are produced regularly from the base of the plant which eventually forms a large colony of stems originating from one plant.  It can be found in its native, moist, shaded habitat flowering in early summer.  The delicate, showy, white flowers are held well above the foliage in terminal panicles up to 12 inches long.&lt;/p&gt;&lt;p align="left"&gt;

&lt;/p&gt;&lt;p align="left"&gt;

Allow plenty of room for this spreading shrub since it looks best without pruning.  Pruning ruins the natural uniform shape.  Locate it in the partial or full shade for a splash of bright white flower color in early summer.  Fall color is yellow, occasionally developing into a short-lived showy display. This plant tolerates wet soil well. Plants suffer in zone 8 and 9 unless in total shade.&lt;/p&gt;&lt;p align="left"&gt;

&lt;/p&gt;&lt;p align="left"&gt;

Cross pollination appears needed for obtaining viable seed set. In addition, a long and warm growing season must follow for the seed to ripen. Best time to take cuttings appears to be within one month after vegetative bud break in spring. Keep young plants in shade and do not allow them to dry out.&lt;/p&gt;</descriptivetext>
  <growthrate>slow</growthrate>
</tree>