<?xml version="1.0" encoding="UTF-8" standalone="no"?><tree>
  <foliage>
    <shape>elliptic (oval), obovate</shape>
    <summercolor>green</summercolor>
    <spiny>no</spiny>
    <type>palmately compound</type>
    <arrangement>opposite/subopposite</arrangement>
    <bladelength>2 to 4 inches, 4 to 8 inches</bladelength>
    <venation>pinnate</venation>
    <fallcharacteristics>not showy</fallcharacteristics>
    <margin>serrate, double serrate</margin>
    <fallcolor>no color change</fallcolor>
    <persistence>deciduous</persistence>
  </foliage>
  <rangemap>Range Map RM6A9A</rangemap>
  <pestresistance>resistant to pests/diseases</pestresistance>
  <lifespan>25 to 50 years</lifespan>
  <culturetolerances>
    <saltspraytolerance>moderate</saltspraytolerance>
    <soilphtolerance>acidic</soilphtolerance>
    <lightrequirements>partial sun or partial shade, shade tolerant</lightrequirements>
    <soilsalttolerance>unknown</soilsalttolerance>
    <droughttolerance>moderate</droughttolerance>
    <soildrainagetolerance>well-drained, extended flooding</soildrainagetolerance>
    <soiltexturetolerance>clay, sand, loam</soiltexturetolerance>
  </culturetolerances>
  <flower>
    <season>flowers in spring</season>
    <color>red</color>
    <fragrance>no</fragrance>
    <showiness>very showy</showiness>
  </flower>
  <planttype>tree</planttype>
  <factsheet>ST064</factsheet>
  <use>reclamation, tree lawn 3-4 feet wide, tree lawn 4-6 feet wide, tree lawn &gt; 6 ft wide, street without sidewalk, deck or patio, specimen, container or planter, highway median, shade, recommended</use>
  <usdahardinesszone>6A-9A</usdahardinesszone>
  <nativeorigin>
    <nativestate>Kentucky, Illinois, Missouri, Arkansas, Oklahoma, Texas, Louisiana, Mississippi, Alabama, Florida, Georgia, South Carolina, North Carolina, Tennessee</nativestate>
    <nativetonorthamerica>yes</nativetonorthamerica>
    <recommendedfordryclimates>yes</recommendedfordryclimates>
    <nativefloridacounty>Washington, Walton, Wakulla, Volusia, Taylor, Suwannee, Sumter, Seminole, Santa Rosa, Putnam, Orange, Okaloosa, Nassau, Marion, Liberty, Levy, Leon, Lafayette, Lake, Jefferson, Jackson, Hamilton, Gulf, Gilchrist, Gadsden, Franklin, Flagler, Escambia, Dixie, Columbia, Clay, Bradford, Bay, Alachua</nativefloridacounty>
  </nativeorigin>
  <size>
    <height>15 to 25 feet</height>
    <maturespread>15 to 25 feet</maturespread>
    <maintainableheight>not suitable for clipping</maintainableheight>
    <matureheight>15 to 20 feet</matureheight>
    <spread>15 to 25 feet</spread>
  </size>
  <pestsanddiseases>&lt;p align="center"&gt;&lt;b&gt;&lt;u&gt;Pests and Diseases&lt;/u&gt;&lt;/b&gt;&lt;/p&gt;&lt;p align="left"&gt;

No pests or diseases are of major concern. &lt;/p&gt;</pestsanddiseases>
  <trunkandbranches>
    <currentyeartwigcolor>brown</currentyeartwigcolor>
    <numberoftrunks>typically multi-trunked, can be trained to one trunk</numberoftrunks>
    <pruningrequirement>needed for strong structure</pruningrequirement>
    <showiness>not showy</showiness>
    <currentyeartwigthickness>thick</currentyeartwigthickness>
    <trunkandbranchbreakage>resistant</trunkandbranchbreakage>
    <woodspecificgravity>unknown</woodspecificgravity>
    <branchdrooping>branches droop</branchdrooping>
    <crownshaft>not applicable</crownshaft>
    <barkthickness>thick</barkthickness>
    <thorns>no</thorns>
  </trunkandbranches>
  <fruit>
    <composition>dry or hard</composition>
    <attractiontowildlife>attracts squirrels/mammals</attractiontowildlife>
    <edible>no</edible>
    <shape>round</shape>
    <showiness>showy</showiness>
    <length>1 to 3 inches</length>
    <persistant>no</persistant>
    <litter>fruit/leaves a litter problem</litter>
    <color>brown</color>
  </fruit>
  <name>
    <listingname>Red Buckeye, Buckeye, Red</listingname>
    <family>Hippocastanaceae</family>
    <pronunciation>ESS-kew-lus  PAY-vee-uh</pronunciation>
    <species>pavia</species>
    <genus>Aesculus</genus>
    <commonname>Red Buckeye</commonname>
  </name>
  <photographs>
    <spring>6320447</spring>
    <entireplant>3255215</entireplant>
    <flower>4498424</flower>
    <other>4510813</other>
    <foliage>11336428</foliage>
  </photographs>
  <crowncanopy>
    <texture>coarse</texture>
    <density>moderate</density>
    <shape>round, pyramidal</shape>
    <uniformity>symmetrical</uniformity>
  </crowncanopy>
  <other>
    <verticilliumwilt>resistant</verticilliumwilt>
    <outstandingtree>yes</outstandingtree>
    <winterinterest>yes</winterinterest>
    <invasivepotential>native to North America</invasivepotential>
    <surfacerooting>not a problem</surfacerooting>
    <availability>somewhat available</availability>
    <ozonesensitivity>unknown</ozonesensitivity>
  </other>
  <descriptivetext>&lt;p align="center"&gt;&lt;b&gt;&lt;em&gt;Aesculus pavia &lt;/em&gt;( &lt;em&gt;Aesculus splendens &lt;/em&gt;)Red Buckeye &lt;/b&gt;&lt;/p&gt;&lt;p align="left"&gt;

Red Buckeye is a small North American native tree, capable of reaching 25 to 30 feet tall in the wild though is most often at 15 to 20 feet high when grown in cultivation.  Red Buckeye is most popular for its springtime display of three to six-inch-long, upright, terminal panicles composed of 1.5-inch-wide, red flowers which are quite attractive to hummingbirds.  These blooms are followed by flat, round capsules which contain bitter and poisonous seeds.  The large, dark green, palmate leaves usually offer no great color change in fall and often drop as early as late September.   &lt;/p&gt;&lt;p align="left"&gt;

The coarse, open structure and the light brown, flaky bark is quite attractive and offers great winter landscape interest.  Branches arise from the typically straight trunk at a wide angle forming a durable structure.  There are many, small-diameter branches with an occasional upright, aggressive one growing as large as the trunk.  Main branches begin forming low on the trunk and remain there when grown in the full sun. &lt;/p&gt;&lt;p align="left"&gt;

The tree is best used as a novelty patio tree or as part of a shrubbery border to add bright red color for several weeks in the spring and coarse texture during the rest of the year.  Plant it in a medium- to large-sized residential landscape as a very coarse accent.  Extremely coarse in winter without leaves, Red Buckeye will attract attention with the bright brown or tan bark reflecting the rays of the sun.  Lower branches can be removed to allow for clearance beneath the crown, but the tree looks its best planted in the open to allow branches to fully develop to the ground. &lt;/p&gt;&lt;p align="left"&gt;

Red Buckeye will flower well in rather dense shade but takes on its best form when grown in full sun with some afternoon shade on moist, well-drained soil.  It is native along moist stream banks and is not very drought-tolerant. &lt;/p&gt;&lt;p align="left"&gt;

The cultivar `Atrosanguinea' has deeper red flowers; `Humilis' is a low or prostrate shrub with small panicles of red flowers.  Hybrids between  &lt;em&gt;Aesculus pavia &lt;/em&gt; x  &lt;em&gt;Aesculus sylvatica &lt;/em&gt; have been seen, bearing red and yellow flowers. &lt;/p&gt;&lt;p align="left"&gt;

Red Buckeye is easily grown from seed, with plants flowering after three years. &lt;/p&gt;</descriptivetext>
  <growthrate>moderate</growthrate>
</tree>