<?xml version="1.0" encoding="UTF-8" standalone="no"?><tree>
  <foliage>
    <shape>obovate</shape>
    <summercolor>green</summercolor>
    <spiny>no</spiny>
    <type>palmately compound</type>
    <arrangement>opposite/subopposite</arrangement>
    <bladelength>4 to 8 inches, 8 to 12 inches</bladelength>
    <venation>pinnate</venation>
    <fallcharacteristics>not showy</fallcharacteristics>
    <margin>serrate, undulate</margin>
    <fallcolor>orange</fallcolor>
    <persistence>deciduous</persistence>
  </foliage>
  <rangemap>Range Map RM7A9A</rangemap>
  <pestresistance>resistant to pests/diseases</pestresistance>
  <lifespan>more than 50 years</lifespan>
  <culturetolerances>
    <saltspraytolerance>none</saltspraytolerance>
    <soilphtolerance>acidic, slightly alkaline</soilphtolerance>
    <lightrequirements>full sun</lightrequirements>
    <soilsalttolerance>unknown</soilsalttolerance>
    <droughttolerance>moderate</droughttolerance>
    <soildrainagetolerance>well-drained</soildrainagetolerance>
    <soiltexturetolerance>clay, sand, loam</soiltexturetolerance>
  </culturetolerances>
  <flower>
    <season>flowers in summer</season>
    <color>white/cream/gray</color>
    <fragrance>no</fragrance>
    <showiness>very showy</showiness>
  </flower>
  <planttype>tree</planttype>
  <factsheet>ST063</factsheet>
  <use>specimen, shade, highway median, recommended</use>
  <usdahardinesszone>7A-9A</usdahardinesszone>
  <nativeorigin>
    <nativetonorthamerica>no</nativetonorthamerica>
    <recommendedfordryclimates>no</recommendedfordryclimates>
    <nativefloridacounty>Not Native to Florida</nativefloridacounty>
  </nativeorigin>
  <size>
    <height>25 to 50 feet</height>
    <maturespread>35 to 50 feet</maturespread>
    <maintainableheight>not suitable for clipping</maintainableheight>
    <matureheight>40 to 60 feet</matureheight>
    <spread>35 to 50 feet</spread>
  </size>
  <pestsanddiseases>&lt;p align="center"&gt;&lt;b&gt;&lt;u&gt;Pests and Diseases&lt;/u&gt;&lt;/b&gt;&lt;/p&gt;&lt;p align="left"&gt;

The pests and diseases affecting this tree are not well understood due to the limited experience with this tree. &lt;/p&gt;</pestsanddiseases>
  <trunkandbranches>
    <currentyeartwigcolor>gray, brown</currentyeartwigcolor>
    <numberoftrunks>typically one trunk</numberoftrunks>
    <pruningrequirement>needed for strong structure</pruningrequirement>
    <showiness>not showy</showiness>
    <currentyeartwigthickness>thick</currentyeartwigthickness>
    <trunkandbranchbreakage>resistant</trunkandbranchbreakage>
    <woodspecificgravity>unknown</woodspecificgravity>
    <branchdrooping>branches droop</branchdrooping>
    <crownshaft>not applicable</crownshaft>
    <barkthickness>thick</barkthickness>
    <thorns>no</thorns>
  </trunkandbranches>
  <fruit>
    <composition>dry or hard</composition>
    <attractiontowildlife>attracts squirrels/mammals</attractiontowildlife>
    <edible>no</edible>
    <shape>round</shape>
    <showiness>showy</showiness>
    <length>1 to 3 inches</length>
    <persistant>no</persistant>
    <litter>fruit/leaves a litter problem</litter>
    <color>green</color>
  </fruit>
  <name>
    <listingname>Indian Horsechestnut, Horsechestnut, Indian</listingname>
    <family>Hippocastanaceae</family>
    <pronunciation>ESS-kew-lus  IN-dih-kuh</pronunciation>
    <species>indica</species>
    <genus>Aesculus</genus>
    <commonname>Indian Horsechestnut</commonname>
  </name>
  <photographs>
    <spring>11613985</spring>
    <entireplant>12305416</entireplant>
    <fruit>8894221</fruit>
    <foliage>1589897</foliage>
  </photographs>
  <crowncanopy>
    <texture>coarse</texture>
    <density>dense</density>
    <shape>round, oval</shape>
    <uniformity>symmetrical</uniformity>
  </crowncanopy>
  <other>
    <verticilliumwilt>resistant</verticilliumwilt>
    <outstandingtree>yes</outstandingtree>
    <winterinterest>yes</winterinterest>
    <invasivepotential>not assessed or incomplete data</invasivepotential>
    <surfacerooting>not a problem</surfacerooting>
    <availability>rarely available</availability>
    <ozonesensitivity>unknown</ozonesensitivity>
  </other>
  <descriptivetext>&lt;p align="center"&gt;&lt;b&gt;&lt;em&gt;Aesculus indica &lt;/em&gt;Indian Horsechestnut &lt;/b&gt;&lt;/p&gt;&lt;p align="left"&gt;

Indian Horsechestnut is a large, rounded tree, reaching up to 100 feet in height, with nine-inch-long leaves and smooth, grayish-red bark.  Trees grown in an open landscape setting probably reach about 40 to 60 feet tall.  In June and July, the tree is decorated with upright panicles of white blooms, the flowers stalks most often seen four to six inches high but they may be much larger.  These blooms are followed by the production of a spiny, green fruit which holds several brown seeds. &lt;/p&gt;&lt;p align="left"&gt;

The tree has not been extensively available, but could make a nice park or landscape tree for a large commercial landscape or an estate.  It has been successfully grown in California and in the northwest part of the United States, and could be tried in the east.  The cold hardiness of the plant is uncertain.  The coarse texture, low branching habit and uniformly round canopy make it stand out among other trees.  Children would enjoy climbing this well-branched tree.  The beauty of this tree calls for some trials in the eastern part of the country. &lt;/p&gt;&lt;p align="left"&gt;

The cultivar `Sydney Pearce' has richer green leaves and flower-spikes 12 inches high. &lt;/p&gt;</descriptivetext>
  <growthrate>moderate</growthrate>
</tree>