<?xml version="1.0" encoding="UTF-8" standalone="no"?><tree>
  <diseases>&lt;p align="center"&gt;&lt;b&gt;&lt;u&gt;Diseases&lt;/u&gt;&lt;/b&gt;&lt;/p&gt;&lt;p align="left"&gt;

No diseases are of major concern, except for verticillium wilt. &lt;/p&gt;</diseases>
  <planttype>tree</planttype>
  <size>
    <height>50 to 75 feet</height>
    <maturespread>35 to 50 feet</maturespread>
    <maintainableheight>not suitable for clipping</maintainableheight>
    <matureheight>60 to 75 feet</matureheight>
    <spread>35 to 50 feet</spread>
  </size>
  <use>reclamation, recommended</use>
  <flower>
    <season>flowers in spring</season>
    <color>green</color>
    <fragrance>no</fragrance>
    <showiness>showy</showiness>
  </flower>
  <other>
    <verticilliumwilt>susceptible</verticilliumwilt>
    <outstandingtree>no</outstandingtree>
    <winterinterest>yes</winterinterest>
    <invasivepotential>not assessed or incomplete data</invasivepotential>
    <surfacerooting>can form large surface roots</surfacerooting>
    <availability>rarely available</availability>
    <ozonesensitivity>sensitive</ozonesensitivity>
  </other>
  <fruit>
    <composition>dry or hard</composition>
    <attractiontowildlife>little</attractiontowildlife>
    <edible>no</edible>
    <shape>elongated</shape>
    <showiness>showy</showiness>
    <length>1 to 3 inches</length>
    <persistant>yes</persistant>
    <litter>fruit/leaves a litter problem</litter>
    <color>orange, yellow</color>
  </fruit>
  <factsheet>ST067</factsheet>
  <growthrate>fast</growthrate>
  <crowncanopy>
    <texture>coarse</texture>
    <density>open</density>
    <shape>upright/erect</shape>
    <uniformity>irregular</uniformity>
  </crowncanopy>
  <photographs>
    <entireplant>16298361</entireplant>
    <flower>3193640</flower>
    <foliage>14196610</foliage>
    <trunk>7301816</trunk>
  </photographs>
  <name>
    <listingname>Tree-of-Heaven</listingname>
    <family>Simaroubaceae</family>
    <pronunciation>ay-LANTH-us  al-TISS-sim-muh</pronunciation>
    <species>altissima</species>
    <genus>Ailanthus</genus>
    <commonname>Tree-of-Heaven</commonname>
  </name>
  <trunkandbranches>
    <currentyeartwigcolor>brown, reddish</currentyeartwigcolor>
    <numberoftrunks>typically one trunk</numberoftrunks>
    <pruningrequirement>needed for strong structure</pruningrequirement>
    <showiness>not showy</showiness>
    <currentyeartwigthickness>very thick</currentyeartwigthickness>
    <trunkandbranchbreakage>susceptible to breakage</trunkandbranchbreakage>
    <woodspecificgravity>unknown</woodspecificgravity>
    <branchdrooping>branches don't droop</branchdrooping>
    <crownshaft>not applicable</crownshaft>
    <barkthickness>thin bark</barkthickness>
    <thorns>no</thorns>
  </trunkandbranches>
  <rangemap>Range Map RM5A8A</rangemap>
  <descriptivetext>&lt;p align="center"&gt;&lt;b&gt;&lt;em&gt;Ailanthus altissima &lt;/em&gt;Tree-of-Heaven &lt;/b&gt;&lt;/p&gt;&lt;p align="left"&gt;

This non-native deciduous tree will rapidly grow to 70 to 100 feet in height and produces an open canopy of stout branches covered with one to three-foot-long, pinnately compound, dark green leaves.  Broken stems smell of rancid peanut butter, and males reportedly smell worse than female trees.  The leaves turn only slightly yellow in fall before dropping.  The small, green, male and female flowers are produced on separate trees and appear in dense, terminal clusters.  The 1.5-inch-long, yellow to red/brown, winged fruits which follow the blossoms will persist on the tree in dense clusters throughout the fall and into the winter months, and are quite attractive.  They can create a crunchy mess when they fall to the ground.  Seeds sprout easily and seedlings usually invade surrounding land. &lt;/p&gt;&lt;p align="left"&gt;

Tree-of-Heaven performs best in full sun on well-drained, moist soil but this is a tree that will survive almost anywhere, under any cultural conditions - smoke, dust, hot, cold, wet, or dry.  It has been known to appear in cracks of pavement or even trash piles, and it will survive where no other trees will grow.  Spreading rapidly by seed and suckers, Tree-of-Heaven is viewed by many as a pest- and weed-tree.  But if well cared for, this tree can persist for a long time.  Large specimens are known to grow trunks up to five feet in diameter. &lt;/p&gt;&lt;p align="left"&gt;

Propagation is by seed and suckers. &lt;/p&gt;</descriptivetext>
  <pestresistance>resistant to pests/diseases</pestresistance>
  <foliage>
    <shape>ovate</shape>
    <summercolor>green</summercolor>
    <spiny>no</spiny>
    <type>even-pinnately compound</type>
    <arrangement>alternate</arrangement>
    <bladelength>2 to 4 inches, 4 to 8 inches</bladelength>
    <venation>pinnate</venation>
    <fallcharacteristics>not showy</fallcharacteristics>
    <margin>ciliate</margin>
    <fallcolor>no color change</fallcolor>
    <persistence>deciduous</persistence>
  </foliage>
  <pests>&lt;p align="center"&gt;&lt;b&gt;&lt;u&gt;Pests&lt;/u&gt;&lt;/b&gt;&lt;/p&gt;&lt;p align="left"&gt;

No pests are of major concern. &lt;/p&gt;</pests>
  <usdahardinesszone>5A-8A</usdahardinesszone>
  <culturetolerances>
    <saltspraytolerance>moderate</saltspraytolerance>
    <soilphtolerance>alkaline, acidic</soilphtolerance>
    <lightrequirements>full sun, partial sun or partial shade</lightrequirements>
    <soilsalttolerance>good</soilsalttolerance>
    <droughttolerance>high</droughttolerance>
    <soildrainagetolerance>occasionally wet, well-drained</soildrainagetolerance>
    <soiltexturetolerance>clay, sand, loam</soiltexturetolerance>
  </culturetolerances>
  <nativeorigin>
    <nativetonorthamerica>no</nativetonorthamerica>
    <recommendedfordryclimates>no</recommendedfordryclimates>
    <nativefloridacounty>Not Native to Florida</nativefloridacounty>
  </nativeorigin>
  <lifespan>25 to 50 years</lifespan>
</tree>