<?xml version="1.0" encoding="UTF-8" standalone="no"?><tree>
  <factsheet>ST069</factsheet>
  <descriptivetext>&lt;p align="center"&gt;&lt;b&gt;&lt;em&gt;Albizia julibrissin &lt;/em&gt; `Alba' `Alba' Mimosa, `Alba' Silktree &lt;/b&gt;&lt;/p&gt;&lt;p align="left"&gt;

This fast-growing, deciduous tree has a low branching, open, spreading habit and delicate, lacy, almost fern-like foliage.  Fragrant, silky, white puffy pompom blooms, two inches in diameter, appear in abundance from late April to early July creating a spectacular sight.  But the tree produces numerous seed pods and harbors insect (webworm) and disease (vascular wilt) problems.  Although rather short-lived (10 to 20 years), Mimosa is popular for use as a terrace or patio tree for its light, dappled shade and tropical effect.  Its deciduous nature allows the warming sun to penetrate during the winter.  There are too many other high-quality trees in this cruel world to warrant planting this tree. &lt;/p&gt;&lt;p align="left"&gt;

Growing best in full sun locations, Mimosa is not particular as to soil type but has low salt-tolerance.  Grows well in acid or alkaline soil.  Mimosa tolerates drought conditions well but has a deeper green color and more lush appearance when given adequate moisture.  The litter problem of the blooms, leaves, and especially the long seed pods requires consideration when planting this tree.  Also the wood is brittle and has a tendency to break during storms though usually the wood is not heavy enough to cause damage.  Typically, most of the root system grows from only two or three large-diameter roots originating at the base of the trunk.  These can raise walks and patios as they grow in diameter and makes for poor transplanting success as the tree grows larger. &lt;/p&gt;&lt;p align="left"&gt;

Unfortunately, Mimosa (vascular) wilt is becoming a very widespread problem in many areas of the country and has killed many roadside trees.  Despite its picturesque growth habit and its beauty when in bloom, some cities have passed ordinances outlawing further planting of this species due to its weed potential and wilt disease problem. &lt;/p&gt;&lt;p align="left"&gt;

Several other cultivars exist:  `Rosea' (`Ernest Wilson') has bright pink flowers, is hardier than the species, and is 10 to 15 feet in height; `Rubra' has deep pink flowers.  `Charlotte', `Tyron', and `Union' are reportedly wilt resistant and might be coming into production in selected nurseries in some areas. &lt;/p&gt;&lt;p align="left"&gt;

Mimosa readily germinates from its abundant seeds but the wilt resistant trees must be increased by root cuttings. &lt;/p&gt;</descriptivetext>
  <pests>&lt;p align="center"&gt;&lt;b&gt;&lt;u&gt;Pests&lt;/u&gt;&lt;/b&gt;&lt;/p&gt;&lt;p align="left"&gt;

Problems include cottony cushion scale, mites, Mimosa webworm. &lt;/p&gt;</pests>
  <culturetolerances>
    <saltspraytolerance>moderate</saltspraytolerance>
    <soilphtolerance>acidic, slightly alkaline</soilphtolerance>
    <lightrequirements>full sun</lightrequirements>
    <soilsalttolerance>unknown</soilsalttolerance>
    <droughttolerance>high</droughttolerance>
    <soildrainagetolerance>well-drained, occasionally wet</soildrainagetolerance>
    <soiltexturetolerance>sand, loam, clay</soiltexturetolerance>
  </culturetolerances>
  <trunkandbranches>
    <currentyeartwigcolor>gray</currentyeartwigcolor>
    <numberoftrunks>typically multi-trunked</numberoftrunks>
    <pruningrequirement>needed for strong structure</pruningrequirement>
    <showiness>not showy</showiness>
    <currentyeartwigthickness>very thick</currentyeartwigthickness>
    <trunkandbranchbreakage>susceptible to breakage</trunkandbranchbreakage>
    <woodspecificgravity>unknown</woodspecificgravity>
    <branchdrooping>branches droop</branchdrooping>
    <crownshaft>not applicable</crownshaft>
    <barkthickness>thin bark</barkthickness>
    <thorns>no</thorns>
  </trunkandbranches>
  <note>Photos are of Species</note>
  <name>
    <listingname>`Alba' Mimosa Tree, `Alba' Silktree, Mimosa, `Alba', Silktree, `Alba'</listingname>
    <family>Leguminosae</family>
    <pronunciation>al-BIZ-zee-uh  joo-lih-BRISS-in</pronunciation>
    <species>julibrissin</species>
    <genus>Albizia</genus>
    <cultivar>'Alba'</cultivar>
    <commonname>'Alba' Mimosa Tree, `Alba' Silktree</commonname>
  </name>
  <usdahardinesszone>6B-9B</usdahardinesszone>
  <diseases>&lt;p align="center"&gt;&lt;b&gt;&lt;u&gt;Diseases&lt;/u&gt;&lt;/b&gt;&lt;/p&gt;&lt;p align="left"&gt;

Mimosa (vascular) wilt is quite a problem and is fatal.  It can spread to adjacent Mimosas by root grafts. &lt;/p&gt;</diseases>
  <nativeorigin>
    <nativetonorthamerica>no</nativetonorthamerica>
    <recommendedfordryclimates>no</recommendedfordryclimates>
    <nativefloridacounty>Not Native to Florida</nativefloridacounty>
  </nativeorigin>
  <use>reclamation, deck or patio, specimen, recommended</use>
  <growthrate>fast</growthrate>
  <planttype>tree</planttype>
  <rangemap>Range Map RM6B9B</rangemap>
  <foliage>
    <shape>oblong, lanceolate</shape>
    <summercolor>green</summercolor>
    <spiny>no</spiny>
    <type>bipinnately compound, odd-pinnately compound</type>
    <arrangement>alternate</arrangement>
    <bladelength>less than 2 inches</bladelength>
    <venation>pinnate</venation>
    <fallcharacteristics>not showy</fallcharacteristics>
    <margin>entire, ciliate</margin>
    <fallcolor>no color change</fallcolor>
    <persistence>deciduous</persistence>
  </foliage>
  <flower>
    <season>flowers in spring, flowers in summer</season>
    <color>white/cream/gray</color>
    <fragrance>pleasant</fragrance>
    <showiness>showy</showiness>
  </flower>
  <pestresistance>sensitive to pests/diseases</pestresistance>
  <lifespan>less than 25 years</lifespan>
  <fruit>
    <composition>dry or hard</composition>
    <attractiontowildlife>little</attractiontowildlife>
    <edible>no</edible>
    <shape>elongated</shape>
    <showiness>showy</showiness>
    <length>3 to 6 inches</length>
    <persistant>yes</persistant>
    <litter>fruit/leaves a litter problem</litter>
    <color>brown</color>
  </fruit>
  <size>
    <height>15 to 25 feet</height>
    <maturespread>25 to 35 feet</maturespread>
    <maintainableheight>not suitable for clipping</maintainableheight>
    <matureheight>15 to 25 feet</matureheight>
    <spread>25 to 35 feet</spread>
  </size>
  <other>
    <verticilliumwilt>resistant</verticilliumwilt>
    <outstandingtree>no</outstandingtree>
    <winterinterest>no</winterinterest>
    <invasivepotential>invasive: not recommended</invasivepotential>
    <surfacerooting>can form large surface roots</surfacerooting>
    <availability>rarely available</availability>
    <ozonesensitivity>unknown</ozonesensitivity>
  </other>
  <crowncanopy>
    <texture>fine</texture>
    <density>open</density>
    <shape>vase, spreading</shape>
    <uniformity>irregular</uniformity>
  </crowncanopy>
  <photographs>
  </photographs>
</tree>