<?xml version="1.0" encoding="UTF-8" standalone="no"?><tree>
  <other>
    <verticilliumwilt>unknown</verticilliumwilt>
    <outstandingtree>no</outstandingtree>
    <winterinterest>no</winterinterest>
    <invasivepotential>not assessed or incomplete data</invasivepotential>
    <surfacerooting>not a problem</surfacerooting>
    <availability>rarely available</availability>
    <ozonesensitivity>unknown</ozonesensitivity>
  </other>
  <descriptivetext>&lt;p align="center"&gt;&lt;b&gt;&lt;em&gt;Aleurites fordii &lt;/em&gt;Tung-oil Tree, China Wood-oil Tree &lt;/b&gt;&lt;/p&gt;&lt;p align="left"&gt;

Large, ovate, simple leaves with a cordate base mark this as a distinct tree in the Florida landscape.  Its striking white flowers with a red throat stand out in the woods edge during the spring when little else is in bloom.  Introduced and planted years ago in northern Florida in an attempt to support the tung oil trade, Tung-oil Tree continues to invade native woodlands throughout northern Florida.  It stands out most in the fall when leaves turn a bright yellow before dropping from the tree.  The bear tree displays a coarse texture in the winter.  The green, rounded fruit can be seen most easily at this time hanging from the current year twigs. &lt;/p&gt;&lt;p align="left"&gt;

Landscape use is limited due to its invasive habit and coarse texture.  Most nurseries do not offer this tree for sale.  If you would like to train an existing tree into a shade tree, prune to prevent formation of included (embedded) bark in the crotches of main branches.  This will help extend its life by preventing branches from splitting from the trunk. &lt;/p&gt;</descriptivetext>
  <rangemap>Range Map RM8B10B</rangemap>
  <name>
    <listingname>Tung-Oil Tree, China Wood-Oil Tree, Wood-Oil Tree, China</listingname>
    <family>Euphorbiaceae</family>
    <pronunciation>al-yoo-RITE-eez  FOR-dee-eye</pronunciation>
    <species>fordii</species>
    <genus>Aleurites</genus>
    <commonname>Tung-Oil Tree, China Wood-Oil Tree</commonname>
  </name>
  <usdahardinesszone>8B-10B</usdahardinesszone>
  <photographs>
    <spring>6670429</spring>
    <entireplant>6472929</entireplant>
    <flower>1017010</flower>
    <fruit>1517135</fruit>
    <foliage>13664439</foliage>
  </photographs>
  <trunkandbranches>
    <currentyeartwigcolor>green, brown</currentyeartwigcolor>
    <numberoftrunks>typically multi-trunked</numberoftrunks>
    <pruningrequirement>needed for strong structure</pruningrequirement>
    <showiness>not showy</showiness>
    <currentyeartwigthickness>very thick</currentyeartwigthickness>
    <trunkandbranchbreakage>susceptible to breakage</trunkandbranchbreakage>
    <woodspecificgravity>unknown</woodspecificgravity>
    <branchdrooping>branches droop</branchdrooping>
    <crownshaft>not applicable</crownshaft>
    <barkthickness>thick</barkthickness>
    <thorns>no</thorns>
  </trunkandbranches>
  <flower>
    <season>flowers in spring</season>
    <color>white/cream/gray</color>
    <fragrance>no</fragrance>
    <showiness>showy</showiness>
  </flower>
  <foliage>
    <shape>cordate, ovate</shape>
    <summercolor>green</summercolor>
    <spiny>no</spiny>
    <type>simple</type>
    <arrangement>alternate</arrangement>
    <bladelength>4 to 8 inches, 8 to 12 inches</bladelength>
    <venation>pinnate</venation>
    <fallcharacteristics>showy</fallcharacteristics>
    <margin>entire, undulate</margin>
    <fallcolor>orange, yellow</fallcolor>
    <persistence>deciduous, semi-evergreen</persistence>
  </foliage>
  <crowncanopy>
    <texture>coarse</texture>
    <density>open</density>
    <shape>round</shape>
    <uniformity>irregular</uniformity>
  </crowncanopy>
  <planttype>tree</planttype>
  <pestresistance>free of serious pests and diseases</pestresistance>
  <size>
    <height>15 to 25 feet</height>
    <maturespread>18 to 25 feet</maturespread>
    <maintainableheight>not suitable for clipping</maintainableheight>
    <matureheight>18 to 25 feet</matureheight>
    <spread>15 to 25 feet</spread>
  </size>
  <lifespan>25 to 50 years</lifespan>
  <use>not recommended</use>
  <culturetolerances>
    <saltspraytolerance>moderate</saltspraytolerance>
    <soilphtolerance>acidic, slightly alkaline</soilphtolerance>
    <lightrequirements>full sun, partial sun or partial shade</lightrequirements>
    <soilsalttolerance>unknown</soilsalttolerance>
    <droughttolerance>high</droughttolerance>
    <soildrainagetolerance>well-drained, occasionally wet</soildrainagetolerance>
    <soiltexturetolerance>sand, loam, clay</soiltexturetolerance>
  </culturetolerances>
  <fruit>
    <composition>dry or hard</composition>
    <attractiontowildlife>little</attractiontowildlife>
    <edible>no</edible>
    <shape>round</shape>
    <showiness>showy</showiness>
    <length>1 to 3 inches</length>
    <persistant>no</persistant>
    <litter>fruit/leaves a litter problem</litter>
    <color>brown, green</color>
  </fruit>
  <nativeorigin>
    <nativetonorthamerica>no</nativetonorthamerica>
    <recommendedfordryclimates>no</recommendedfordryclimates>
    <nativefloridacounty>Not Native to Florida</nativefloridacounty>
  </nativeorigin>
  <growthrate>fast</growthrate>
</tree>