<?xml version="1.0" encoding="UTF-8" standalone="no"?><tree>
  <diseases>&lt;p align="center"&gt;&lt;b&gt;&lt;u&gt;Diseases&lt;/u&gt;&lt;/b&gt;&lt;/p&gt;&lt;p align="left"&gt;

No diseases are of major concern. &lt;/p&gt;</diseases>
  <planttype>tree</planttype>
  <size>
    <height>50 to 75 feet</height>
    <maturespread>30 to 40 feet</maturespread>
    <maintainableheight>not suitable for clipping</maintainableheight>
    <matureheight>50 to 75 feet</matureheight>
    <spread>25 to 35 feet</spread>
  </size>
  <use>street without sidewalk, parking lot island &gt; 200 sq ft, tree lawn &gt; 6 ft wide, recommended</use>
  <flower>
    <season>flowers in spring</season>
    <color>yellow</color>
    <fragrance>no</fragrance>
    <showiness>not showy</showiness>
  </flower>
  <other>
    <verticilliumwilt>resistant</verticilliumwilt>
    <outstandingtree>no</outstandingtree>
    <winterinterest>yes</winterinterest>
    <invasivepotential>native to North America</invasivepotential>
    <surfacerooting>not a problem</surfacerooting>
    <availability>rarely available</availability>
    <ozonesensitivity>unknown</ozonesensitivity>
  </other>
  <fruit>
    <composition>dry or hard</composition>
    <attractiontowildlife>little</attractiontowildlife>
    <edible>no</edible>
    <shape>elongated</shape>
    <showiness>not showy</showiness>
    <length>.5 to 1 inch</length>
    <persistant>yes</persistant>
    <litter>fruit/leaves not a litter problem</litter>
    <color>brown</color>
  </fruit>
  <factsheet>ST072</factsheet>
  <growthrate>fast</growthrate>
  <crowncanopy>
    <texture>medium</texture>
    <density>moderate</density>
    <shape>pyramidal, oval</shape>
    <uniformity>symmetrical</uniformity>
  </crowncanopy>
  <photographs>
    <foliage>2812780</foliage>
    <trunk>11020443</trunk>
    <flower>16195321</flower>
    <other>6762557</other>
    <fall>6125681</fall>
    <entireplant>7647419</entireplant>
  </photographs>
  <name>
    <listingname>White Alder, Alder, White</listingname>
    <family>Betulaceae</family>
    <pronunciation>AL-nus  rom-bih-FOLE-ee-uh</pronunciation>
    <species>rhombifolia</species>
    <genus>Alnus</genus>
    <commonname>White Alder</commonname>
  </name>
  <trunkandbranches>
    <currentyeartwigcolor>brown</currentyeartwigcolor>
    <numberoftrunks>typically one trunk</numberoftrunks>
    <pruningrequirement>little required</pruningrequirement>
    <showiness>showy</showiness>
    <currentyeartwigthickness>thin</currentyeartwigthickness>
    <trunkandbranchbreakage>resistant</trunkandbranchbreakage>
    <woodspecificgravity>unknown</woodspecificgravity>
    <branchdrooping>branches don't droop</branchdrooping>
    <crownshaft>not applicable</crownshaft>
    <barkthickness>thick</barkthickness>
    <thorns>no</thorns>
  </trunkandbranches>
  <rangemap>Range Map RM8A11</rangemap>
  <descriptivetext>&lt;p align="center"&gt;&lt;b&gt;&lt;em&gt;Alnus rhombifolia &lt;/em&gt;White Alder &lt;/b&gt;&lt;/p&gt;&lt;p align="left"&gt;

A North American native commonly found along streams, White Alder is a quick-growing tree (to 30 inches per year) reaching 50 to 75 feet in height, sometimes up to 100 feet, and has a spread of 30 to 40 feet.  The deciduous four-inch-long, glossy leaves are dark green above and lighter below and appear just after the springtime display of the six-inch-long, greenish-yellow catkins.  These flowers are followed by the appearance of brown, cone-like fruits which persist on the tree throughout most of the year and are quite popular for use in dried flower arrangements.  White Alder creates an interesting specimen during the winter with a straight trunk, persistent fruits, attractive silver/grey bark, and slender, horizontal branches with pendulous tips.  The crown takes on a pyramidal shape in youth becoming more oval with age.  Any necessary pruning should be done in winter or early spring.  Once chosen, the central leader dominates the tree forming a pyramidal crown shape. &lt;/p&gt;&lt;p align="left"&gt;

White Alder will grow easily in full sun or partial shade in any moist soil and will happily tolerate the wettest conditions.  It is usually not grown or offered by nurseries in the eastern U.S. but is common in some areas of California. &lt;/p&gt;&lt;p align="left"&gt;

Propagation is by fresh seeds or by cuttings. &lt;/p&gt;</descriptivetext>
  <pestresistance>sensitive to pests/diseases</pestresistance>
  <foliage>
    <shape>elliptic (oval)</shape>
    <summercolor>green</summercolor>
    <spiny>no</spiny>
    <type>simple</type>
    <arrangement>alternate</arrangement>
    <bladelength>2 to 4 inches</bladelength>
    <venation>pinnate</venation>
    <fallcharacteristics>not showy</fallcharacteristics>
    <margin>serrate</margin>
    <fallcolor>no color change</fallcolor>
    <persistence>deciduous</persistence>
  </foliage>
  <pests>&lt;p align="center"&gt;&lt;b&gt;&lt;u&gt;Pests&lt;/u&gt;&lt;/b&gt;&lt;/p&gt;&lt;p align="left"&gt;

White Alder is attacked and killed by the flatheaded borer in California.  This borer is closely related to the bronze birch borer.  Prune infested branches during late summer and fall when the infestation is visible and easy to detect and the beetle does not fly.  Avoid pruning in the spring. &lt;/p&gt;&lt;p align="left"&gt;

Tent caterpillars. &lt;/p&gt;</pests>
  <usdahardinesszone>8A-11</usdahardinesszone>
  <culturetolerances>
    <saltspraytolerance>unknown</saltspraytolerance>
    <soilphtolerance>acidic, alkaline</soilphtolerance>
    <lightrequirements>full sun, partial sun or partial shade</lightrequirements>
    <soilsalttolerance>unknown</soilsalttolerance>
    <droughttolerance>moderate</droughttolerance>
    <soildrainagetolerance>occasionally wet, well-drained</soildrainagetolerance>
    <soiltexturetolerance>clay, sand, loam</soiltexturetolerance>
  </culturetolerances>
  <nativeorigin>
    <nativestate>Washington, Oregon, Idaho, California, Nevada, Utah</nativestate>
    <nativetonorthamerica>yes</nativetonorthamerica>
    <recommendedfordryclimates>yes</recommendedfordryclimates>
    <nativefloridacounty>Not Native to Florida</nativefloridacounty>
  </nativeorigin>
  <lifespan>more than 50 years</lifespan>
</tree>