<?xml version="1.0" encoding="UTF-8" standalone="no"?><tree>
  <diseases>&lt;p align="center"&gt;&lt;b&gt;&lt;u&gt;Diseases&lt;/u&gt;&lt;/b&gt;&lt;/p&gt;&lt;p align="left"&gt;

Powdery mildew and cankers but these are usually not serious. &lt;/p&gt;</diseases>
  <planttype>tree</planttype>
  <size>
    <height>25 to 50 feet</height>
    <maturespread>15 to 20 feet</maturespread>
    <maintainableheight>not suitable for clipping</maintainableheight>
    <matureheight>40 to 50 feet</matureheight>
    <spread>6 to 10 feet</spread>
  </size>
  <use>screen, specimen, reclamation, shade, recommended</use>
  <flower>
    <season>flowers in spring</season>
    <color>red, purple</color>
    <fragrance>no</fragrance>
    <showiness>not showy</showiness>
  </flower>
  <other>
    <verticilliumwilt>resistant</verticilliumwilt>
    <outstandingtree>yes</outstandingtree>
    <winterinterest>yes</winterinterest>
    <invasivepotential>invasive: not recommended</invasivepotential>
    <surfacerooting>not a problem</surfacerooting>
    <availability>rarely available</availability>
    <ozonesensitivity>unknown</ozonesensitivity>
  </other>
  <fruit>
    <composition>dry or hard</composition>
    <attractiontowildlife>little</attractiontowildlife>
    <edible>no</edible>
    <shape>oval, elongated</shape>
    <showiness>showy</showiness>
    <length>less than .5 inch</length>
    <persistant>yes</persistant>
    <litter>fruit/leaves not a litter problem</litter>
    <color>brown</color>
  </fruit>
  <factsheet>ST071</factsheet>
  <growthrate>moderate</growthrate>
  <crowncanopy>
    <texture>coarse</texture>
    <density>dense</density>
    <shape>pyramidal, oval</shape>
    <uniformity>symmetrical</uniformity>
  </crowncanopy>
  <photographs>
    <other>5532133</other>
    <entireplant>11500941</entireplant>
  </photographs>
  <name>
    <listingname>`Pyramidalis' Common Alder, `Pyramidalis' Black Alder, `Pyramidalis' European Alder, Alder, `Pyramidalis' Common, Alder, `Pyramidalis' Black, Alder, `Pyramidalis' European</listingname>
    <family>Betulaceae</family>
    <pronunciation>AL-nus  gloo-tih-N0-suh</pronunciation>
    <species>glutinosa</species>
    <genus>Alnus</genus>
    <cultivar>'Pyramidalis'</cultivar>
    <commonname>'Pyramidalis' Common Alder, `Pyramidalis' Black Alder, `Pyramidalis' European Alder</commonname>
  </name>
  <trunkandbranches>
    <currentyeartwigcolor>gray, brown</currentyeartwigcolor>
    <numberoftrunks>typically one trunk</numberoftrunks>
    <pruningrequirement>little required</pruningrequirement>
    <showiness>showy</showiness>
    <currentyeartwigthickness>thin, medium</currentyeartwigthickness>
    <trunkandbranchbreakage>resistant</trunkandbranchbreakage>
    <woodspecificgravity>unknown</woodspecificgravity>
    <branchdrooping>branches don't droop</branchdrooping>
    <crownshaft>not applicable</crownshaft>
    <barkthickness>thick</barkthickness>
    <thorns>no</thorns>
  </trunkandbranches>
  <rangemap>Range Map RM3A7B</rangemap>
  <descriptivetext>&lt;p align="center"&gt;&lt;b&gt;&lt;em&gt;Alnus glutinosa &lt;/em&gt; `Pyramidalis' `Pyramidalis' Common Alder, `Pyramidalis' Black Alder, `Pyramidalis' European Alder &lt;/b&gt;&lt;/p&gt;&lt;p align="left"&gt;

A popular tree of moist to wet soils, common alder is a moderate to fast-growing (two feet per year) deciduous tree.  This upright, columnar cultivar to 20-foot spread and a 12 to 18-inch trunk but is capable of growing taller.  The species is not native but has escaped from cultivation and will form pure stands or thickets in disturbed wet sites.  The two to four-inch-wide, dark green, roundish leaves with toothed edges and pale undersides are joined in spring by rather insignificant male and female flowers.  Foliage remains green well into the fall.  It is the fruits which are most interesting, small, nutlike, one-inch "cones" which persist throughout the fall and winter, long after the darkening leaves have fallen.  These fruits, along with the attractive, dark brown, furrowed bark, make alder an attractive landscape specimen throughout the winter.  The fruits are food for a variety of wildlife. &lt;/p&gt;&lt;p align="left"&gt;

A good plant for establishing along stream banks to stabilize soil and add interest, alder can also be used as a specimen in a more formal landscape where wet soil challenges most other plants.  The columnar growth habit makes it suited for a screen planted on 10-foot centers, and for areas with narrow overhead space.  Some horticulturists believe that it could be used as a substitute for Lombardy Poplar.  It requires little pruning to develop into a well-formed tree.  Unfortunately, it is usually not grown in nurseries but nursery operators should be encouraged to grow this adaptable tree. &lt;/p&gt;&lt;p align="left"&gt;

Common alder will grow easily in full sun or partial shade in almost any landscape setting since the trees are able to "fix" nitrogen, or take it out of the soil atmosphere, enabling these trees to grow in the poorest and wettest soils where other trees might fail.  Alder will grow best in wet or moist soils, acid or alkaline, and have even been observed growing with roots submerged in water, but it is also tolerant of moderate drought, compaction, and urban stress.  Common Alder transplants easily and will seed itself into an area creating a thicket if it is planted and left alone in an area which is not maintained. It remains to be seen whether this cultivar will do the same. &lt;/p&gt;&lt;p align="left"&gt;

Other cultivars include:  `Aurea', golden yellow leaves; `Laciniata' leaves not as deeply lobed, vigorous growth; &lt;/p&gt;&lt;p align="left"&gt;

Propagation is by seed.  Cultivars are grafted onto seedling root stock. &lt;/p&gt;</descriptivetext>
  <pestresistance>resistant to pests/diseases</pestresistance>
  <foliage>
    <shape>orbiculate</shape>
    <summercolor>green</summercolor>
    <spiny>no</spiny>
    <type>simple</type>
    <arrangement>alternate</arrangement>
    <bladelength>2 to 4 inches</bladelength>
    <venation>pinnate</venation>
    <fallcharacteristics>not showy</fallcharacteristics>
    <margin>double serrate, serrate</margin>
    <fallcolor>no color change</fallcolor>
    <persistence>deciduous</persistence>
  </foliage>
  <pests>&lt;p align="center"&gt;&lt;b&gt;&lt;u&gt;Pests&lt;/u&gt;&lt;/b&gt;&lt;/p&gt;&lt;p align="left"&gt;

Leaf miners, tent caterpillars.  Tent caterpillars can cause significant defoliation but trees normally recover. &lt;/p&gt;</pests>
  <usdahardinesszone>3A-7B</usdahardinesszone>
  <culturetolerances>
    <saltspraytolerance>moderate</saltspraytolerance>
    <soilphtolerance>acidic, alkaline</soilphtolerance>
    <lightrequirements>full sun, partial sun or partial shade</lightrequirements>
    <soilsalttolerance>unknown</soilsalttolerance>
    <droughttolerance>moderate</droughttolerance>
    <soildrainagetolerance>well-drained, extended flooding</soildrainagetolerance>
    <soiltexturetolerance>clay, sand, loam</soiltexturetolerance>
  </culturetolerances>
  <nativeorigin>
    <nativetonorthamerica>no</nativetonorthamerica>
    <recommendedfordryclimates>no</recommendedfordryclimates>
    <nativefloridacounty>Not Native to Florida</nativefloridacounty>
  </nativeorigin>
  <lifespan>25 to 50 years</lifespan>
</tree>