<?xml version="1.0" encoding="UTF-8" standalone="no"?><tree>
  <foliage>
    <shape>oblong</shape>
    <summercolor>green</summercolor>
    <spiny>no</spiny>
    <type>simple</type>
    <arrangement>alternate</arrangement>
    <bladelength>2 to 4 inches</bladelength>
    <venation>pinnate</venation>
    <fallcharacteristics>not showy</fallcharacteristics>
    <margin>double serrate, serrate</margin>
    <fallcolor>no color change</fallcolor>
    <persistence>deciduous</persistence>
  </foliage>
  <pestresistance>resistant to pests/diseases</pestresistance>
  <lifespan>unknown</lifespan>
  <culturetolerances>
    <saltspraytolerance>unknown</saltspraytolerance>
    <soilphtolerance>acidic, alkaline</soilphtolerance>
    <lightrequirements>full sun, partial sun or partial shade</lightrequirements>
    <soilsalttolerance>moderate</soilsalttolerance>
    <droughttolerance>high</droughttolerance>
    <soildrainagetolerance>well-drained</soildrainagetolerance>
    <soiltexturetolerance>sand, loam, clay</soiltexturetolerance>
  </culturetolerances>
  <flower>
    <season>flowers in fall</season>
    <color>red, purple</color>
    <fragrance>no</fragrance>
    <showiness>not showy</showiness>
  </flower>
  <diseases/>
  <planttype>tree</planttype>
  <use>recommended</use>
  <usdahardinesszone>3A-7A</usdahardinesszone>
  <nativeorigin>
    <nativestate>Virginia, Kentucky, North Carolina, South Carolina, Georgia, Florida, Mississippi, Oklahoma, Louisiana, Tennessee, West Virginia, Alabama</nativestate>
    <nativetonorthamerica>yes</nativetonorthamerica>
    <recommendedfordryclimates>yes</recommendedfordryclimates>
    <nativefloridacounty>Not Native to Florida</nativefloridacounty>
  </nativeorigin>
  <size>
    <height>15 to 25 feet</height>
    <maturespread>10 to 15 feet</maturespread>
    <maintainableheight>not suitable for clipping</maintainableheight>
    <matureheight>15 to 25 feet</matureheight>
    <spread>10 to 15 feet</spread>
  </size>
  <factsheet/>
  <trunkandbranches>
    <currentyeartwigcolor>unknown</currentyeartwigcolor>
    <numberoftrunks>typically multi-trunked</numberoftrunks>
    <pruningrequirement>little required</pruningrequirement>
    <showiness>not showy</showiness>
    <currentyeartwigthickness>medium</currentyeartwigthickness>
    <trunkandbranchbreakage>resistant</trunkandbranchbreakage>
    <woodspecificgravity>unknown</woodspecificgravity>
    <branchdrooping>branches droop</branchdrooping>
    <crownshaft>not applicable</crownshaft>
    <barkthickness>thick</barkthickness>
    <thorns>no</thorns>
  </trunkandbranches>
  <pests/>
  <fruit>
    <composition>dry or hard</composition>
    <attractiontowildlife>unknown</attractiontowildlife>
    <edible>no</edible>
    <shape>elongated, oval</shape>
    <showiness>showy</showiness>
    <length>unknown</length>
    <persistant>yes</persistant>
    <litter>unknown</litter>
    <color>brown</color>
  </fruit>
  <name>
    <listingname>Alnus maritima</listingname>
    <family>Betulaceae</family>
    <pronunciation>ALL-nus mar-ih-TEE-muh</pronunciation>
    <species>maritima</species>
    <genus>Alnus</genus>
    <cultivar/>
    <commonname>Beach Alder</commonname>
  </name>
  <photographs>
  </photographs>
  <crowncanopy>
    <texture>coarse</texture>
    <density>moderate</density>
    <shape>pyramidal, round</shape>
    <uniformity>irregular</uniformity>
  </crowncanopy>
  <other>
    <verticilliumwilt>resistant</verticilliumwilt>
    <outstandingtree>no</outstandingtree>
    <winterinterest>no</winterinterest>
    <invasivepotential>not a problem species</invasivepotential>
    <surfacerooting>unknown</surfacerooting>
    <availability>generally available</availability>
    <ozonesensitivity>unknown</ozonesensitivity>
  </other>
  <descriptivetext>&lt;p align="left"&gt;

Beach Alder will grow easily in full sun or partial shade in almost any landscape setting since the trees are able to "fix" nitrogen, or take it out of the soil atmosphere, enabling these trees to grow in the poorest and wettest soils where other trees might fail. Plants flower in autumn, distinguishing it from other alders.&lt;/p&gt;&lt;p align="left"&gt;

Pollen can cause significant allergy problems for some people.&lt;/p&gt;</descriptivetext>
  <growthrate>moderate</growthrate>
</tree>