<?xml version="1.0" encoding="UTF-8" standalone="no"?><tree>
  <diseases>&lt;p align="center"&gt;&lt;b&gt;&lt;u&gt;Diseases&lt;/u&gt;&lt;/b&gt;&lt;/p&gt;&lt;p align="left"&gt;

Powdery mildew and cankers but these are usually not serious. &lt;/p&gt;</diseases>
  <planttype>tree</planttype>
  <size>
    <height>25 to 50 feet</height>
    <maturespread>20 to 40 feet</maturespread>
    <maintainableheight>not suitable for clipping</maintainableheight>
    <matureheight>40 to 50 feet</matureheight>
    <spread>25 to 35 feet</spread>
  </size>
  <use>screen, specimen, reclamation, shade, recommended</use>
  <flower>
    <season>flowers in spring</season>
    <color>red, purple</color>
    <fragrance>no</fragrance>
    <showiness>not showy</showiness>
  </flower>
  <other>
    <verticilliumwilt>resistant</verticilliumwilt>
    <outstandingtree>yes</outstandingtree>
    <winterinterest>yes</winterinterest>
    <invasivepotential>invasive: not recommended</invasivepotential>
    <surfacerooting>not a problem</surfacerooting>
    <availability>rarely available</availability>
    <ozonesensitivity>tolerant</ozonesensitivity>
  </other>
  <fruit>
    <composition>dry or hard</composition>
    <attractiontowildlife>little</attractiontowildlife>
    <edible>no</edible>
    <shape>oval, elongated</shape>
    <showiness>showy</showiness>
    <length>less than .5 inch</length>
    <persistant>yes</persistant>
    <litter>fruit/leaves not a litter problem</litter>
    <color>brown</color>
  </fruit>
  <factsheet>ST070</factsheet>
  <growthrate>moderate</growthrate>
  <crowncanopy>
    <texture>coarse</texture>
    <density>dense</density>
    <shape>pyramidal, oval</shape>
    <uniformity>irregular</uniformity>
  </crowncanopy>
  <photographs>
    <entireplant>3581902</entireplant>
    <fruit>10021368</fruit>
    <foliage>11525987</foliage>
    <trunk>14591229</trunk>
  </photographs>
  <name>
    <listingname>Common Alder, Black Alder, European Alder, Alder, Common, Alder, Black, Alder, European</listingname>
    <family>Betulaceae</family>
    <pronunciation>AL-nus  gloo-tih-N0-suh</pronunciation>
    <species>glutinosa</species>
    <genus>Alnus</genus>
    <commonname>Common Alder, Black Alder, European Alder</commonname>
  </name>
  <trunkandbranches>
    <currentyeartwigcolor>gray, brown</currentyeartwigcolor>
    <numberoftrunks>typically one trunk</numberoftrunks>
    <pruningrequirement>needed for strong structure</pruningrequirement>
    <showiness>showy</showiness>
    <currentyeartwigthickness>thin, medium</currentyeartwigthickness>
    <trunkandbranchbreakage>resistant</trunkandbranchbreakage>
    <woodspecificgravity>unknown</woodspecificgravity>
    <branchdrooping>branches don't droop</branchdrooping>
    <crownshaft>not applicable</crownshaft>
    <barkthickness>thick</barkthickness>
    <thorns>no</thorns>
  </trunkandbranches>
  <rangemap>Range Map RM3A7B</rangemap>
  <descriptivetext>&lt;p align="center"&gt;&lt;b&gt;&lt;em&gt;Alnus glutinosa &lt;/em&gt;Common Alder, Black Alder, European Alder &lt;/b&gt;&lt;/p&gt;&lt;p align="left"&gt;

A popular tree of moist to wet soils, common alder is a moderate to fast-growing (two feet per year) deciduous tree which usually grows to 40 to 50 feet in height with a 20 to 40-foot spread and a 12 to 18-inch trunk but is capable of reaching 80 feet in height in the woods.  It is not native but has escaped from cultivation and will form pure stands or thickets in disturbed wet sites.  Pyramidal when young, common alder often has multiple stems making it ideal for use as a screen or specimen, the trees eventually becoming more rounded or oval as they mature.  The two to four-inch-wide, dark green, roundish leaves with toothed edges and pale undersides are joined in spring by rather insignificant male and female flowers.  Foliage remains green well into the fall.  It is the fruits which are most interesting, small, nutlike, one-inch "cones" which persist throughout the fall and winter, long after the darkening leaves have fallen.  These fruits, along with the attractive, dark brown, furrowed bark and multi-stemmed growth habit, make common alder an attractive landscape specimen throughout the winter.  The fruits are food for a variety of wildlife. &lt;/p&gt;&lt;p align="left"&gt;

A good plant for establishing along stream banks to stabilize soil and add interest, alder can also be used as a specimen in a more formal landscape where wet soil challenges most other plants.  It can be pruned to one central leader or used as a multi-stemmed specimen.  Branches on central-leadered trees form attractive horizontal layers unlike most other trees.  Similar to the dogwoods in this respect.  Unfortunately, it is usually not grown in nurseries but nursery operators should be encouraged to grow this adaptable tree. &lt;/p&gt;&lt;p align="left"&gt;

Common alder will grow easily in full sun or partial shade in almost any landscape setting since the trees are able to "fix" nitrogen, or take it out of the soil atmosphere, enabling these trees to grow in the poorest and wettest soils where other trees might fail.  Common alder will grow best in wet or moist soils, acid or alkaline, and have even been observed growing with roots submerged in water, but it is also tolerant of moderate drought, compaction, and urban stress.  Common alder transplants easily and will seed itself into an area creating a thicket if it is planted and left alone in an area which is not maintained. &lt;/p&gt;&lt;p align="left"&gt;

Cultivars include:  `Aurea', golden yellow leaves; `Fastigiata' - narrow, upright form; `Laciniata' leaves not as deeply lobed, vigorous growth; `Pyramidalis', upright or columnar form to 50 feet tall, 25 feet wide. &lt;/p&gt;&lt;p align="left"&gt;

Propagation is by seed.  Cultivars are grafted onto seedling root stock. &lt;/p&gt;</descriptivetext>
  <pestresistance>resistant to pests/diseases</pestresistance>
  <foliage>
    <shape>orbiculate</shape>
    <summercolor>green</summercolor>
    <spiny>no</spiny>
    <type>simple</type>
    <arrangement>alternate</arrangement>
    <bladelength>2 to 4 inches</bladelength>
    <venation>pinnate</venation>
    <fallcharacteristics>not showy</fallcharacteristics>
    <margin>double serrate, serrate</margin>
    <fallcolor>no color change</fallcolor>
    <persistence>deciduous</persistence>
  </foliage>
  <pests>&lt;p align="center"&gt;&lt;b&gt;&lt;u&gt;Pests&lt;/u&gt;&lt;/b&gt;&lt;/p&gt;&lt;p align="left"&gt;

Leaf miners, tent caterpillars.  Tent caterpillars can cause significant defoliation but trees normally recover. &lt;/p&gt;</pests>
  <usdahardinesszone>3A-7B</usdahardinesszone>
  <culturetolerances>
    <saltspraytolerance>moderate</saltspraytolerance>
    <soilphtolerance>alkaline, acidic</soilphtolerance>
    <lightrequirements>full sun, partial sun or partial shade</lightrequirements>
    <soilsalttolerance>moderate</soilsalttolerance>
    <droughttolerance>moderate</droughttolerance>
    <soildrainagetolerance>extended flooding, well-drained</soildrainagetolerance>
    <soiltexturetolerance>clay, sand, loam</soiltexturetolerance>
  </culturetolerances>
  <nativeorigin>
    <nativetonorthamerica>no</nativetonorthamerica>
    <recommendedfordryclimates>no</recommendedfordryclimates>
    <nativefloridacounty>Not Native to Florida</nativefloridacounty>
  </nativeorigin>
  <lifespan>25 to 50 years</lifespan>
</tree>