<?xml version="1.0" encoding="UTF-8" standalone="no"?><tree>
  <diseases>&lt;p align="center"&gt;&lt;b&gt;&lt;u&gt;Diseases&lt;/u&gt;&lt;/b&gt;&lt;/p&gt;&lt;p align="left"&gt;

Witches broom, also called black mildew, infects the growing point causing the formation of many stems.  The cluster of stems is called the witches broom.  Another symptom is a black fungal growth, coating the undersides of the leaves.  The damage to the tree is usually not serious and the brooms can be pruned off.  No chemical controls are suggested. &lt;/p&gt;&lt;p align="left"&gt;

Leaf blight can cause leaf drop when a severe infection occurs.  The disease causes small purple spots on the leaves. The spots enlarge and turn brown, later a small black dot will be seen in the center of the spot.  Large numbers of spots cause infected leaves to drop. &lt;/p&gt;&lt;p align="left"&gt;

Fire blight is characterized by the sudden wilting and death of branch tips.  The blossoms wilt, blacken and hang on the twig.  The bark is shriveled and has small bumps or blisters on it.  Sometimes gum oozes out of the infected area and a crack forms between the diseased and healthy bark.  Control with chemicals is difficult.  Diseased branches should be pruned out.  Make the cut at least four inches beyond the diseased area.  Disinfect pruning tools with bleach between cuts.  Fertilizing heavily with nitrogen increases susceptibility to fire blight. &lt;/p&gt;&lt;p align="left"&gt;

Powdery mildews of several types cause white powdery growth on the leaves of amelanchier.  Late in the season no controls may be needed. &lt;/p&gt;&lt;p align="left"&gt;

Fruit rot be a problem in wet weather.  The fruits are often eaten by birds so may not be around long enough to become diseased. &lt;/p&gt;&lt;p align="left"&gt;

Cedar rusts can be troublesome. &lt;/p&gt;</diseases>
  <planttype>tree</planttype>
  <size>
    <height>15 to 25 feet</height>
    <maturespread>15 to 25 feet</maturespread>
    <maintainableheight>not suitable for clipping</maintainableheight>
    <matureheight>15 to 25 feet</matureheight>
    <spread>15 to 25 feet</spread>
  </size>
  <use>container or planter, highway median, street without sidewalk, deck or patio, specimen, tree lawn 3-4 feet wide, tree lawn 4-6 feet wide, tree lawn &gt; 6 ft wide, recommended</use>
  <flower>
    <season>flowers in spring</season>
    <color>white/cream/gray</color>
    <fragrance>no</fragrance>
    <showiness>very showy</showiness>
  </flower>
  <other>
    <verticilliumwilt>unknown</verticilliumwilt>
    <outstandingtree>yes</outstandingtree>
    <winterinterest>no</winterinterest>
    <invasivepotential>not a problem species</invasivepotential>
    <surfacerooting>not a problem</surfacerooting>
    <availability>somewhat available</availability>
    <ozonesensitivity>unknown</ozonesensitivity>
  </other>
  <fruit>
    <composition>fleshy</composition>
    <attractiontowildlife>attracts birds</attractiontowildlife>
    <edible>yes</edible>
    <shape>round</shape>
    <showiness>showy</showiness>
    <length>less than .5 inch</length>
    <persistant>yes</persistant>
    <litter>fruit/leaves not a litter problem</litter>
    <color>red</color>
  </fruit>
  <factsheet>ST078</factsheet>
  <growthrate>slow</growthrate>
  <crowncanopy>
    <texture>fine</texture>
    <density>moderate</density>
    <shape>upright/erect, vase</shape>
    <uniformity>symmetrical</uniformity>
  </crowncanopy>
  <photographs>
    <entireplant>4271527</entireplant>
    <fall>13115941</fall>
    <foliage>11224810</foliage>
  </photographs>
  <name>
    <listingname>`Autumn Brilliance' Apple Serviceberry, Serviceberry, `Autumn Brilliance' Apple</listingname>
    <family>Rosaceae</family>
    <pronunciation>am-meh-LANG-kee-er  x  gran-dih-FLOR-uh</pronunciation>
    <species>x grandiflora</species>
    <genus>Amelanchier</genus>
    <cultivar>'Autumn Brilliance'</cultivar>
    <commonname>'Autumn Brilliance' Apple Serviceberry</commonname>
  </name>
  <trunkandbranches>
    <currentyeartwigcolor>brown</currentyeartwigcolor>
    <numberoftrunks>typically multi-trunked, can be trained to one trunk</numberoftrunks>
    <pruningrequirement>little required</pruningrequirement>
    <showiness>showy</showiness>
    <currentyeartwigthickness>thin</currentyeartwigthickness>
    <trunkandbranchbreakage>resistant</trunkandbranchbreakage>
    <woodspecificgravity>unknown</woodspecificgravity>
    <branchdrooping>branches don't droop</branchdrooping>
    <crownshaft>not applicable</crownshaft>
    <barkthickness>thin bark</barkthickness>
    <thorns>no</thorns>
  </trunkandbranches>
  <rangemap>Range Map RM3B7B</rangemap>
  <descriptivetext>&lt;p align="center"&gt;&lt;b&gt;&lt;em&gt;Amelanchier &lt;/em&gt; x  &lt;em&gt;grandiflora &lt;/em&gt; `Autumn Brilliance' `Autumn Brilliance' Apple Serviceberry &lt;/b&gt;&lt;/p&gt;&lt;p align="left"&gt;

Apple Serviceberry is a hybrid between  &lt;em&gt;Amelanchier canadensis &lt;/em&gt; and  &lt;em&gt;Amelanchier laevis &lt;/em&gt; that grows 15 to 25 feet tall.  Multiple stems are upright and highly branched forming a dense shrub, or if properly pruned in the nursery, a small tree.  It is superior to the species in that it suckers less and is adapted to a wide range of soils, but tolerates some drought.  This cultivar supposedly resists leaf spot better than the original hybrid.  The main ornamental feature is the spectacular white flowers that are larger than those of other amelanchiers.  The flowers are borne in early spring and are at first tinged with pink but later fade to white.  The young leaves are purplish and the fall color is red, yellow or orange.  Edible fruit attracts birds.  Well-adapted for planting along residential streets where there is plenty of soil space beneath power lines. &lt;/p&gt;&lt;p align="left"&gt;

`Robin Hill' has an upright, tree-form growth habit, 20 to 25 feet tall, but is sensitive to drought. &lt;/p&gt;</descriptivetext>
  <pestresistance>sensitive to pests/diseases</pestresistance>
  <foliage>
    <shape>elliptic (oval), oblong</shape>
    <summercolor>green</summercolor>
    <spiny>no</spiny>
    <type>simple</type>
    <arrangement>alternate</arrangement>
    <bladelength>less than 2 inches, 2 to 4 inches</bladelength>
    <venation>pinnate</venation>
    <fallcharacteristics>showy</fallcharacteristics>
    <margin>serrate</margin>
    <fallcolor>red, orange</fallcolor>
    <persistence>deciduous</persistence>
  </foliage>
  <pests>&lt;p align="center"&gt;&lt;b&gt;&lt;u&gt;Pests&lt;/u&gt;&lt;/b&gt;&lt;/p&gt;&lt;p align="left"&gt;

Cambium miners cause concern when noticed but are not very damaging to the tree.  The mines can extend from a twig all the way down to the roots.  The mines are light colored lines in the bark.  No controls are suggested. &lt;/p&gt;&lt;p align="left"&gt;

A leaf miner will mine leaves, particularly the lower half of the leaf.  The mines are irregular in shape. &lt;/p&gt;&lt;p align="left"&gt;

The leaves of amelanchier are skeletonized by at least two insects.  The first insect forms small cocoons on the undersides of leaves.  Skeletonized leaves look as though they have windows in them after the insects scrape tissue off the top and bottom of the leaves.  The second insect is the larva of the pear sawfly.  The larvae are black to greenish black and look slimy.  Adult sawflies lay eggs in May and June and again in August.  Heavily skeletonized leaves drop off. &lt;/p&gt;&lt;p align="left"&gt;

Several borers attack amelanchier.  Healthy trees are considered less susceptible so regular fertilization and watering during dry spells will help prevent borer attacks. &lt;/p&gt;&lt;p align="left"&gt;

Spider mites will feed on amelanchier.  These insects are hard to detect as they are so small.  The main symptom of mite injury is the loss of green leaf coloration.  If the infestation is heavy, very fine webbing may be seen.  Horticultural oil sprays help control mite infestations. &lt;/p&gt;&lt;p align="left"&gt;

Aphids of several types suck juices from amelanchier.  Heavy infestations cause distortion of the foliage and new growth, and deposit large amounts of sticky honeydew on lower foliage.  Black sooty mold will grow on the honeydew. &lt;/p&gt;</pests>
  <usdahardinesszone>3B-7B</usdahardinesszone>
  <culturetolerances>
    <saltspraytolerance>moderate</saltspraytolerance>
    <soilphtolerance>acidic</soilphtolerance>
    <lightrequirements>full sun, partial sun or partial shade</lightrequirements>
    <soilsalttolerance>moderate</soilsalttolerance>
    <droughttolerance>moderate</droughttolerance>
    <soildrainagetolerance>well-drained</soildrainagetolerance>
    <soiltexturetolerance>clay, sand, loam</soiltexturetolerance>
  </culturetolerances>
  <nativeorigin>
    <nativetonorthamerica>no</nativetonorthamerica>
    <recommendedfordryclimates>no</recommendedfordryclimates>
    <nativefloridacounty>Not Native to Florida</nativefloridacounty>
  </nativeorigin>
  <lifespan>25 to 50 years</lifespan>
</tree>