<?xml version="1.0" encoding="UTF-8" standalone="no"?><tree>
  <foliage>
    <shape>elliptic (oval), oblong</shape>
    <summercolor>green</summercolor>
    <spiny>no</spiny>
    <type>simple</type>
    <arrangement>alternate</arrangement>
    <bladelength>less than 2 inches, 2 to 4 inches</bladelength>
    <venation>pinnate, brachidodrome</venation>
    <fallcharacteristics>showy</fallcharacteristics>
    <margin>serrate</margin>
    <fallcolor>yellow, orange, red</fallcolor>
    <persistence>deciduous</persistence>
  </foliage>
  <rangemap>Range Map RM4A7B</rangemap>
  <pestresistance>resistant to pests/diseases</pestresistance>
  <lifespan>25 to 50 years</lifespan>
  <culturetolerances>
    <saltspraytolerance>moderate</saltspraytolerance>
    <soilphtolerance>acidic</soilphtolerance>
    <lightrequirements>full sun, partial sun or partial shade</lightrequirements>
    <soilsalttolerance>moderate</soilsalttolerance>
    <droughttolerance>moderate</droughttolerance>
    <soildrainagetolerance>well-drained</soildrainagetolerance>
    <soiltexturetolerance>clay, sand, loam</soiltexturetolerance>
  </culturetolerances>
  <flower>
    <season>flowers in spring</season>
    <color>white/cream/gray</color>
    <fragrance>no</fragrance>
    <showiness>very showy</showiness>
  </flower>
  <planttype>tree</planttype>
  <factsheet>ST074</factsheet>
  <use>specimen, deck or patio, container or planter, recommended</use>
  <usdahardinesszone>4A-7B</usdahardinesszone>
  <nativeorigin>
    <nativestate>Maine, Vermont, New Hampshire, Massachusetts, Connecticut, Rhode Island, New York, New Jersey, Pennsylvania, Delaware, Maryland, District of Columbia, Virginia, West Virginia, Ohio, Indiana, Michigan, Kentucky, Illinois, Wisconsin, Minnesota, Iowa, Nebraska, Missouri, Kansas, Oklahoma, Arkansas, Louisiana, Mississippi, Alabama, Florida, Georgia, South Carolina, North Carolina, Tennessee</nativestate>
    <nativetonorthamerica>yes</nativetonorthamerica>
    <recommendedfordryclimates>no</recommendedfordryclimates>
    <nativefloridacounty>Not Native to Florida</nativefloridacounty>
  </nativeorigin>
  <size>
    <height>15 to 25 feet</height>
    <maturespread>15 to 20 feet</maturespread>
    <maintainableheight>not suitable for clipping</maintainableheight>
    <matureheight>20 to 25 feet</matureheight>
    <spread>15 to 25 feet</spread>
  </size>
  <pestsanddiseases>&lt;p align="center"&gt;&lt;b&gt;&lt;u&gt;Pests and Diseases&lt;/u&gt;&lt;/b&gt;&lt;/p&gt;&lt;p align="left"&gt;

No pests or diseases are of major concern. &lt;/p&gt;</pestsanddiseases>
  <trunkandbranches>
    <currentyeartwigcolor>brown</currentyeartwigcolor>
    <numberoftrunks>typically multi-trunked, can be trained to one trunk</numberoftrunks>
    <pruningrequirement>little required</pruningrequirement>
    <showiness>not showy</showiness>
    <currentyeartwigthickness>thin</currentyeartwigthickness>
    <trunkandbranchbreakage>resistant</trunkandbranchbreakage>
    <woodspecificgravity>unknown</woodspecificgravity>
    <branchdrooping>branches droop</branchdrooping>
    <crownshaft>not applicable</crownshaft>
    <barkthickness>thin bark</barkthickness>
    <thorns>no</thorns>
  </trunkandbranches>
  <fruit>
    <composition>fleshy</composition>
    <attractiontowildlife>attracts birds, attracts squirrels/mammals</attractiontowildlife>
    <edible>yes</edible>
    <shape>round</shape>
    <showiness>showy</showiness>
    <length>less than .5 inch</length>
    <persistant>no</persistant>
    <litter>fruit/leaves not a litter problem</litter>
    <color>red, purple</color>
  </fruit>
  <name>
    <listingname>Shadblow Serviceberry, Downy Serviceberry, Serviceberry, Shadblow, Serviceberry, Downy</listingname>
    <family>Rosaceae</family>
    <pronunciation>am-meh-LANG-kee-er  kan-uh-DEN-sis</pronunciation>
    <species>canadensis</species>
    <genus>Amelanchier</genus>
    <commonname>Shadblow Serviceberry, Downy Serviceberry</commonname>
  </name>
  <photographs>
    <foliage>12993078</foliage>
    <trunk>5636678</trunk>
    <flower>11644841</flower>
    <spring>11765121</spring>
    <other>1590777</other>
    <entireplant>15797037</entireplant>
  </photographs>
  <crowncanopy>
    <texture>fine</texture>
    <density>open</density>
    <shape>upright/erect</shape>
    <uniformity>symmetrical</uniformity>
  </crowncanopy>
  <other>
    <verticilliumwilt>unknown</verticilliumwilt>
    <outstandingtree>no</outstandingtree>
    <winterinterest>no</winterinterest>
    <invasivepotential>not a problem species</invasivepotential>
    <surfacerooting>not a problem</surfacerooting>
    <availability>somewhat available</availability>
    <ozonesensitivity>unknown</ozonesensitivity>
  </other>
  <descriptivetext>&lt;p align="center"&gt;&lt;b&gt;&lt;em&gt;Amelanchier canadensis &lt;/em&gt;Shadblow Serviceberry, Downy Serviceberry &lt;/b&gt;&lt;/p&gt;&lt;p align="left"&gt;

Downy Serviceberry is an upright, twiggy, multi-stemmed large shrub, eventually reaching 20 to 25 feet in height with a spread of 15 to 20 feet.  This North American native is usually the first to be noticed in the forest or garden at springtime, the pure white, glistening flowers some of the earliest to appear among the many other dull brown, leafless, and still-slumbering trees.  The small white flowers are produced in dense, erect, two to three-inch-long racemes, opening up to a delicate display before the attractive reddish-purple buds unfold into small, rounded leaves.  These leaves are covered with a fine, soft grey fuzz when young, giving the plant its common name, but will mature into smooth, dark green leaves later.  Following the blooms are many small, luscious, dark red/purple, sweet and juicy, apple-shaped fruits, often well-hidden by the dark green leaves, and which would be popular with people were they not so quickly consumed by birds and other wildlife who seem to find their flavor irresistible.   &lt;/p&gt;&lt;p align="left"&gt;

When the shortened days of autumn arrive, Downy Serviceberry is alive with a variety of colorful hues, from yellow and gold, to orange and deep red.  Downy Serviceberry is ideal for planting in the naturalized garden where it can be allowed to spread by its naturally-suckering habit, or is striking when placed in the mixed shrubbery border where its brilliant white blooms and fall color stand out nicely against a background of evergreen shrubs.  The light shade cast by the open crown makes the tree well-suited for planting as a specimen near the deck or patio. &lt;/p&gt;&lt;p align="left"&gt;

With a native habitat of wet bogs and swamps, Downy Serviceberry should be grown in full sun or light shade on moist, well-drained, acid soil.  Plants will rarely require any pruning or fertilizing, except if thinning of the multiple stems is desired to `clean up' the bottom of the plant. &lt;/p&gt;&lt;p align="left"&gt;

Propagation is by seeds after cold-stratification. &lt;/p&gt;</descriptivetext>
  <growthrate>moderate</growthrate>
</tree>