<?xml version="1.0" encoding="UTF-8" standalone="no"?><tree>
  <diseases>&lt;p align="center"&gt;&lt;b&gt;&lt;u&gt;Diseases&lt;/u&gt;&lt;/b&gt;&lt;/p&gt;&lt;p align="left"&gt;

Witches broom, also called black mildew, infects the growing point causing the formation of many stems.  The cluster of stems is called the witches broom.  Another symptom is a black fungal growth, coating the undersides of the leaves.  The damage to the tree is usually not serious and the brooms can be pruned off.  No chemical controls are suggested. &lt;/p&gt;&lt;p align="left"&gt;

Leaf blight can cause leaf drop when a severe infection occurs.  The disease causes small purple spots on the leaves.  The spots enlarge and turn brown, later a small black dot will be seen in the center of the spot.  Large numbers of spots cause infected leaves to drop. &lt;/p&gt;&lt;p align="left"&gt;

Fire blight is characterized by the sudden wilting and death of branch tips.  The blossoms wilt, blacken and hang on the twig.  The bark is shriveled and has small bumps or blisters on it.  Sometimes gum oozes out of the infected area and a crack forms between the diseased and healthy bark.  Control with chemicals is difficult.  Diseased branches should be pruned out.  Make the cut at least four inches beyond the diseased area.  Disinfect pruning tools with bleach between cuts.  Fertilizing heavily with nitrogen increases susceptibility to fire blight. &lt;/p&gt;&lt;p align="left"&gt;

Powdery mildews of several types cause white powdery growth on the leaves of amelanchier.  Late in the season no controls may be needed. &lt;/p&gt;&lt;p align="left"&gt;

Fruit rot be a problem in wet weather.  The fruits are often eaten by birds so may not be around long enough to become diseased. &lt;/p&gt;&lt;p align="left"&gt;

Cedar rusts can be troublesome. &lt;/p&gt;</diseases>
  <planttype>tree</planttype>
  <size>
    <height>25 to 50 feet</height>
    <maturespread>15 to 20 feet</maturespread>
    <maintainableheight>not suitable for clipping</maintainableheight>
    <matureheight>25 to 35 feet</matureheight>
    <spread>15 to 25 feet</spread>
  </size>
  <use>street without sidewalk, deck or patio, specimen, tree lawn 3-4 feet wide, tree lawn 4-6 feet wide, tree lawn &gt; 6 ft wide, container or planter, recommended</use>
  <flower>
    <season>flowers in spring</season>
    <color>white/cream/gray</color>
    <fragrance>no</fragrance>
    <showiness>very showy</showiness>
  </flower>
  <other>
    <verticilliumwilt>resistant</verticilliumwilt>
    <outstandingtree>no</outstandingtree>
    <winterinterest>no</winterinterest>
    <invasivepotential>native to North America</invasivepotential>
    <surfacerooting>not a problem</surfacerooting>
    <availability>somewhat available</availability>
    <ozonesensitivity>unknown</ozonesensitivity>
  </other>
  <fruit>
    <composition>fleshy</composition>
    <attractiontowildlife>attracts birds</attractiontowildlife>
    <edible>yes</edible>
    <shape>round</shape>
    <showiness>showy</showiness>
    <length>less than .5 inch</length>
    <persistant>no</persistant>
    <litter>fruit/leaves not a litter problem</litter>
    <color>purple</color>
  </fruit>
  <factsheet>ST073</factsheet>
  <growthrate>slow</growthrate>
  <crowncanopy>
    <texture>fine</texture>
    <density>moderate</density>
    <shape>upright/erect, round, vase</shape>
    <uniformity>irregular</uniformity>
  </crowncanopy>
  <photographs>
    <spring>7815124</spring>
    <fall>7848684</fall>
    <fruit>4819898</fruit>
    <other>8606099</other>
    <foliage>11860706</foliage>
  </photographs>
  <name>
    <listingname>Downy Serviceberry, Juneberry, Serviceberry, Downy</listingname>
    <family>Rosaceae</family>
    <pronunciation>am-meh-LANG-kee-er  ar-BORE-ee-uh</pronunciation>
    <species>arborea</species>
    <genus>Amelanchier</genus>
    <commonname>Downy Serviceberry, Juneberry</commonname>
  </name>
  <trunkandbranches>
    <currentyeartwigcolor>gray, brown</currentyeartwigcolor>
    <numberoftrunks>typically multi-trunked, can be trained to one trunk</numberoftrunks>
    <pruningrequirement>needed for strong structure</pruningrequirement>
    <showiness>not showy</showiness>
    <currentyeartwigthickness>thin</currentyeartwigthickness>
    <trunkandbranchbreakage>resistant</trunkandbranchbreakage>
    <woodspecificgravity>unknown</woodspecificgravity>
    <branchdrooping>branches don't droop</branchdrooping>
    <crownshaft>not applicable</crownshaft>
    <barkthickness>thin bark</barkthickness>
    <thorns>no</thorns>
  </trunkandbranches>
  <rangemap>Range Map RM5A8B</rangemap>
  <descriptivetext>&lt;p align="center"&gt;&lt;b&gt;&lt;em&gt;Amelanchier arborea &lt;/em&gt;Downy Serviceberry, Juneberry &lt;/b&gt;&lt;/p&gt;&lt;p align="left"&gt;

Downy Serviceberry grows 25 to 40 feet tall and can spread to 20 feet.  This native large shrub or small tree has a moderate growth rate in most soils.  Multiple stems are upright and highly branched forming a dense shrub with many small-diameter branches or, if properly pruned, a small tree.  Trees can be trained to, and are offered by nurseries, with one trunk.  The main ornamental features are white flowers followed by purple fruit in late spring or early summer.  Fruits are produced before the leaves in spring and are quickly eaten by birds.  Serviceberry puts on a brilliant fall color display ranging from yellow and orange to dull red. This tree is suitable for naturalistic plantings and will attract birds.  The tree suckers from the base of the trunk, which can be a maintenance problem in urban plantings or in formal landscapes. &lt;/p&gt;&lt;p align="left"&gt;

Although native trees are often found growing along stream banks as an understory tree, they also tolerate drier, rockier soils, and grow well in urban areas.  They may lose some leaves in drought to avoid injury in dry weather.  They are well-suited for planting in shrub borders and in wet soils.  Their small stature and moderately-slow growth rate make it ideally suited for planting beneath power lines, if provided with some irrigation during drought. &lt;/p&gt;</descriptivetext>
  <pestresistance>resistant to pests/diseases</pestresistance>
  <foliage>
    <shape>obovate, oblong, elliptic (oval)</shape>
    <summercolor>green</summercolor>
    <spiny>no</spiny>
    <type>simple</type>
    <arrangement>alternate</arrangement>
    <bladelength>less than 2 inches, 2 to 4 inches</bladelength>
    <venation>pinnate</venation>
    <fallcharacteristics>showy</fallcharacteristics>
    <margin>serrate</margin>
    <fallcolor>yellow, orange, red</fallcolor>
    <persistence>deciduous</persistence>
  </foliage>
  <pests>&lt;p align="center"&gt;&lt;b&gt;&lt;u&gt;Pests&lt;/u&gt;&lt;/b&gt;&lt;/p&gt;&lt;p align="left"&gt;

Cambium miners cause concern when noticed but are not very damaging to the tree.  The mines can extend from a twig all the way down to the roots.  The mines form light-colored lines in the bark.  No controls are usually suggested. &lt;/p&gt;&lt;p align="left"&gt;

A leaf miner will mine leaves, particularly the lower half of the leaf.  The mines are irregular in shape. &lt;/p&gt;&lt;p align="left"&gt;

The leaves of amelanchier are skeletonized by at least two insects.  The first insect forms small cocoons on the undersides of leaves.  Skeletonized leaves look as though they have windows in them after the insects scrape tissue off the top and bottom of the leaves.  The second insect is the larva of the pear sawfly.  The larvae are black to greenish black and look slimy.  Adult sawflies lay eggs in early and late summer.  Heavily skeletonized leaves drop off. &lt;/p&gt;&lt;p align="left"&gt;

Several borers attack amelanchier.  Healthy trees are considered less susceptible so regular fertilization and watering during dry spells will help prevent borer attacks. &lt;/p&gt;&lt;p align="left"&gt;

Spider mites will feed on amelanchier. These insects are hard to detect as they are so small.  The main symptom of mite injury is the loss of green leaf coloration.  If the infestation is heavy, very fine webbing may be seen.  Horticultural oil sprays help control mite infestations. &lt;/p&gt;&lt;p align="left"&gt;

Aphids of several types suck juices from amelanchier.  Heavy infestations cause distortion of the foliage and new growth, and deposit large amounts of sticky honeydew on lower foliage.  Black sooty mold will grow on the honeydew. &lt;/p&gt;</pests>
  <usdahardinesszone>5A-8B</usdahardinesszone>
  <culturetolerances>
    <saltspraytolerance>moderate</saltspraytolerance>
    <soilphtolerance>acidic</soilphtolerance>
    <lightrequirements>partial sun or partial shade, full sun</lightrequirements>
    <soilsalttolerance>moderate</soilsalttolerance>
    <droughttolerance>moderate</droughttolerance>
    <soildrainagetolerance>occasionally wet, well-drained</soildrainagetolerance>
    <soiltexturetolerance>clay, sand, loam</soiltexturetolerance>
  </culturetolerances>
  <nativeorigin>
    <nativestate>Maine, Vermont, New Hampshire, Massachusetts, Rhode Island, Connecticut, New York, New Jersey, Pennsylvania, Delaware, Maryland, District of Columbia, Virginia, West Virginia, Kentucky, Ohio, Indiana, Michigan, Illinois, Wisconsin, Minnesota, Iowa, Missouri, Kansas, Oklahoma, Arkansas, Louisiana, Mississippi, Alabama, Florida, Georgia, South Carolina, North Carolina, Tennessee</nativestate>
    <nativetonorthamerica>yes</nativetonorthamerica>
    <recommendedfordryclimates>no</recommendedfordryclimates>
    <nativefloridacounty>Bay, Calhoun, Escambia, Holmes, Jackson, Leon, Liberty, Okaloosa, Santa Rosa, Walton, Washington</nativefloridacounty>
  </nativeorigin>
  <lifespan>25 to 50 years</lifespan>
</tree>