<?xml version="1.0" encoding="UTF-8" standalone="no"?><tree>
  <factsheet>ST076</factsheet>
  <descriptivetext>&lt;p align="center"&gt;&lt;b&gt;&lt;em&gt;Amelanchier laevis &lt;/em&gt; `Prince Charles' `Prince Charles' Allegheny Serviceberry &lt;/b&gt;&lt;/p&gt;&lt;p align="left"&gt;

The Allegheny Serviceberry grows in shade or partial shade as an understory tree.  The small tree probably grows 25 to 30 feet tall and spreads 15 to 20 feet.  Multiple stems are upright and highly branched forming a dense shrub, or if properly pruned a small tree.  The tree is short-lived, has a rapid growth rate, and can be used as a filler plant or to attract birds.  The main ornamental feature is the white flowers borne in drooping clusters in mid spring before leaf emergence.  The purplish-black edible berries are sweet and juicy but are soon eaten by birds.  The fall color is orange-red.  It is well-adapted for planting beneath power lines. &lt;/p&gt;</descriptivetext>
  <pests>&lt;p align="center"&gt;&lt;b&gt;&lt;u&gt;Pests&lt;/u&gt;&lt;/b&gt;&lt;/p&gt;&lt;p align="left"&gt;

Cambium miners cause concern when noticed but are not very damaging to the tree.  The mines can extend from a twig all the way down to the roots.  The mines form light-colored lines in the bark.  No controls are suggested. &lt;/p&gt;&lt;p align="left"&gt;

A leaf miner will mine leaves, particularly the lower half of the leaf.  The mines are irregular in shape. &lt;/p&gt;&lt;p align="left"&gt;

The leaves of amelanchier are skeletonized by at least two insects.  The first insect forms small cocoons on the undersides of leaves.  Skeletonized leaves look as though they have windows in them after the insects scrape tissue off the top and bottom of the leaves.  The second insect is the larva of the pear sawfly.  The larvae are black to greenish black and look slimy.  Adult sawflies lay eggs in May and June and again in August.  Heavily skeletonized leaves drop off. &lt;/p&gt;&lt;p align="left"&gt;

Several borers attack amelanchier.  Healthy trees are considered less susceptible so regular fertilization and watering during dry spells will help prevent borer attacks. &lt;/p&gt;&lt;p align="left"&gt;

Spider mites will feed on amelanchier.  These insects are hard to detect as they are so small.  The main symptom of mite injury is the loss of green leaf coloration.  If the infestation is heavy, very fine webbing may be seen.  Horticultural oil sprays help control mite infestations. &lt;/p&gt;&lt;p align="left"&gt;

Aphids of several types suck juices from amelanchier.  Heavy infestations cause distortion of the foliage and new growth, and deposit large amounts of sticky honeydew on lower foliage.  Black sooty mold will grow on the honeydew. &lt;/p&gt;</pests>
  <culturetolerances>
    <saltspraytolerance>moderate</saltspraytolerance>
    <soilphtolerance>acidic</soilphtolerance>
    <lightrequirements>shade tolerant, partial sun or partial shade</lightrequirements>
    <soilsalttolerance>moderate</soilsalttolerance>
    <droughttolerance>moderate</droughttolerance>
    <soildrainagetolerance>well-drained</soildrainagetolerance>
    <soiltexturetolerance>clay, sand, loam</soiltexturetolerance>
  </culturetolerances>
  <trunkandbranches>
    <currentyeartwigcolor>reddish, brown</currentyeartwigcolor>
    <numberoftrunks>typically multi-trunked, can be trained to one trunk</numberoftrunks>
    <pruningrequirement>little required</pruningrequirement>
    <showiness>not showy</showiness>
    <currentyeartwigthickness>thin</currentyeartwigthickness>
    <trunkandbranchbreakage>resistant</trunkandbranchbreakage>
    <woodspecificgravity>unknown</woodspecificgravity>
    <branchdrooping>branches don't droop</branchdrooping>
    <crownshaft>not applicable</crownshaft>
    <barkthickness>thin bark</barkthickness>
    <thorns>no</thorns>
  </trunkandbranches>
  <note>Photos are of Species</note>
  <name>
    <listingname>`Prince Charles' Allegheny Serviceberry, Serviceberry, `Prince Charles' Allegheny</listingname>
    <family>Rosaceae</family>
    <pronunciation>am-meh-LANG-kee-er  LEE-viss</pronunciation>
    <species>laevis</species>
    <genus>Amelanchier</genus>
    <cultivar>'Prince Charles'</cultivar>
    <commonname>'Prince Charles' Allegheny Serviceberry</commonname>
  </name>
  <usdahardinesszone>5A-8B</usdahardinesszone>
  <diseases>&lt;p align="center"&gt;&lt;b&gt;&lt;u&gt;Diseases&lt;/u&gt;&lt;/b&gt;&lt;/p&gt;&lt;p align="left"&gt;

Witches broom, also called black mildew, infects the growing point causing the formation of many stems.  The cluster of stems is called the witches broom.  Another symptom is a black fungal growth, coating the undersides of the leaves.  The damage to the tree is usually not serious and the brooms can be pruned off.  No chemical controls are suggested. &lt;/p&gt;&lt;p align="left"&gt;

Leaf blight can cause leaf drop when a severe infection occurs.  The disease causes small purple spots on the leaves.  The spots enlarge and turn brown, later a small black dot will be seen in the center of the spot.  Large numbers of spots cause infected leaves to drop. &lt;/p&gt;&lt;p align="left"&gt;

Fire blight is characterized by the sudden wilting and death of branch tips.  The blossoms wilt, blacken and hang on the twig.  The bark is shriveled and has small bumps or blisters on it.  Sometimes gum oozes out of the infected area and a crack forms between the diseased and healthy bark.  Control with chemicals is difficult.  Diseased branches should be pruned out.  Make the cut at least four inches beyond the diseased area.  Disinfect pruning tools with bleach between cuts.  Fertilizing heavily with nitrogen increases susceptibility to fire blight. &lt;/p&gt;&lt;p align="left"&gt;

Powdery mildews of several types cause white powdery growth on the leaves of amelanchier.  Late in the season no controls may be needed. &lt;/p&gt;&lt;p align="left"&gt;

Fruit rot be a problem in wet weather.  The fruits are often eaten by birds so may not be around long enough to become diseased. &lt;/p&gt;</diseases>
  <nativeorigin>
    <nativetonorthamerica>yes</nativetonorthamerica>
    <recommendedfordryclimates>no</recommendedfordryclimates>
    <nativefloridacounty>Not Native to Florida</nativefloridacounty>
  </nativeorigin>
  <use>deck or patio, specimen, container or planter, recommended</use>
  <growthrate>moderate</growthrate>
  <planttype>tree</planttype>
  <rangemap>Range Map RM5A8B</rangemap>
  <foliage>
    <shape>elliptic (oval), ovate, oblong</shape>
    <summercolor>green</summercolor>
    <spiny>no</spiny>
    <type>simple</type>
    <arrangement>alternate</arrangement>
    <bladelength>less than 2 inches, 2 to 4 inches</bladelength>
    <venation>pinnate, reticulate</venation>
    <fallcharacteristics>showy</fallcharacteristics>
    <margin>serrate</margin>
    <fallcolor>yellow, red</fallcolor>
    <persistence>deciduous</persistence>
  </foliage>
  <flower>
    <season>flowers in spring</season>
    <color>white/cream/gray</color>
    <fragrance>no</fragrance>
    <showiness>very showy</showiness>
  </flower>
  <pestresistance>sensitive to pests/diseases</pestresistance>
  <lifespan>25 to 50 years</lifespan>
  <fruit>
    <composition>fleshy</composition>
    <attractiontowildlife>attracts birds</attractiontowildlife>
    <edible>yes</edible>
    <shape>round</shape>
    <showiness>showy</showiness>
    <length>less than .5 inch</length>
    <persistant>no</persistant>
    <litter>fruit/leaves not a litter problem</litter>
    <color>purple, black</color>
  </fruit>
  <size>
    <height>25 to 50 feet</height>
    <maturespread>15 to 20 feet</maturespread>
    <maintainableheight>not suitable for clipping</maintainableheight>
    <matureheight>25 to 30 feet</matureheight>
    <spread>15 to 25 feet</spread>
  </size>
  <other>
    <verticilliumwilt>unknown</verticilliumwilt>
    <outstandingtree>no</outstandingtree>
    <winterinterest>no</winterinterest>
    <invasivepotential>native to North America</invasivepotential>
    <surfacerooting>not a problem</surfacerooting>
    <availability>somewhat available</availability>
    <ozonesensitivity>unknown</ozonesensitivity>
  </other>
  <crowncanopy>
    <texture>fine</texture>
    <density>moderate</density>
    <shape>upright/erect, vase</shape>
    <uniformity>irregular</uniformity>
  </crowncanopy>
  <photographs>
  </photographs>
</tree>