<?xml version="1.0" encoding="UTF-8" standalone="no"?><tree>
  <foliage>
    <shape>ovate</shape>
    <summercolor>green</summercolor>
    <spiny>no</spiny>
    <type>simple</type>
    <arrangement>alternate</arrangement>
    <bladelength>4 to 8 inches</bladelength>
    <venation>brachidodrome, pinnate</venation>
    <fallcharacteristics>not showy</fallcharacteristics>
    <margin>entire</margin>
    <fallcolor>no color change</fallcolor>
    <persistence>deciduous, semi-evergreen</persistence>
  </foliage>
  <rangemap>Range Map RM10A11</rangemap>
  <pestresistance>resistant to pests/diseases</pestresistance>
  <lifespan>25 to 50 years</lifespan>
  <culturetolerances>
    <saltspraytolerance>moderate</saltspraytolerance>
    <soilphtolerance>acidic, slightly alkaline</soilphtolerance>
    <lightrequirements>full sun, partial sun or partial shade</lightrequirements>
    <soilsalttolerance>unknown</soilsalttolerance>
    <droughttolerance>moderate</droughttolerance>
    <soildrainagetolerance>occasionally wet, well-drained</soildrainagetolerance>
    <soiltexturetolerance>sand, loam, clay</soiltexturetolerance>
  </culturetolerances>
  <flower>
    <season>flowers in spring</season>
    <color>white/cream/gray</color>
    <fragrance>no</fragrance>
    <showiness>not showy</showiness>
  </flower>
  <planttype>shrub, tree</planttype>
  <use>specimen, screen, attracts butterflies, recommended</use>
  <usdahardinesszone>10A-11</usdahardinesszone>
  <nativeorigin>
    <nativestate>Florida</nativestate>
    <nativetonorthamerica>yes</nativetonorthamerica>
    <recommendedfordryclimates>no</recommendedfordryclimates>
    <nativefloridacounty>Brevard, Broward, Collier, Glades, Hendry, Highlands, Indian River, Lee, Manatee, Martin, Miami-Dade, Monroe Mainland, Monroe Keys, Palm Beach, St. Lucie</nativefloridacounty>
  </nativeorigin>
  <size>
    <height>15 to 25 feet</height>
    <maturespread>15 to 20 feet</maturespread>
    <maintainableheight>6 to 12 feet, 12 or more feet</maintainableheight>
    <matureheight>15 to 25 feet</matureheight>
    <spread>15 to 25 feet</spread>
  </size>
  <pestsanddiseases>&lt;p align="center"&gt;&lt;b&gt;&lt;u&gt;Pests and Diseases&lt;/u&gt;&lt;/b&gt;&lt;/p&gt;&lt;p align="left"&gt;

No major problems affect this small tree. &lt;/p&gt;</pestsanddiseases>
  <trunkandbranches>
    <currentyeartwigcolor>green, reddish</currentyeartwigcolor>
    <numberoftrunks>typically one trunk</numberoftrunks>
    <pruningrequirement>little required</pruningrequirement>
    <showiness>not showy</showiness>
    <currentyeartwigthickness>medium</currentyeartwigthickness>
    <trunkandbranchbreakage>resistant</trunkandbranchbreakage>
    <woodspecificgravity>unknown</woodspecificgravity>
    <branchdrooping>branches droop</branchdrooping>
    <crownshaft>not applicable</crownshaft>
    <barkthickness>thick</barkthickness>
    <thorns>no</thorns>
  </trunkandbranches>
  <fruit>
    <composition>fleshy</composition>
    <attractiontowildlife>little</attractiontowildlife>
    <edible>no</edible>
    <shape>oval</shape>
    <showiness>showy</showiness>
    <length>3 to 6 inches</length>
    <persistant>yes</persistant>
    <litter>fruit/leaves a litter problem</litter>
    <color>yellow</color>
  </fruit>
  <name>
    <listingname>Pond Apple, Alligator Apple, Apple, Pond, Apple, Alligator</listingname>
    <family>Annonaceae</family>
    <pronunciation>an-NO-nuh  GLAY-bruh</pronunciation>
    <species>glabra</species>
    <genus>Annona</genus>
    <commonname>Pond Apple, Alligator Apple</commonname>
  </name>
  <photographs>
    <entireplant>14117877</entireplant>
    <foliage>2309035</foliage>
    <trunk>5076818</trunk>
  </photographs>
  <crowncanopy>
    <texture>coarse</texture>
    <density>dense</density>
    <shape>oval, pyramidal</shape>
    <uniformity>irregular</uniformity>
  </crowncanopy>
  <other>
    <verticilliumwilt>unknown</verticilliumwilt>
    <outstandingtree>no</outstandingtree>
    <winterinterest>no</winterinterest>
    <invasivepotential>native to North America</invasivepotential>
    <surfacerooting>not a problem</surfacerooting>
    <availability>somewhat available</availability>
    <ozonesensitivity>unknown</ozonesensitivity>
  </other>
  <descriptivetext>&lt;p align="center"&gt;&lt;b&gt;&lt;em&gt;Annona glabra &lt;/em&gt;Pond Apple, Corkwood, Custard Apple &lt;/b&gt;&lt;/p&gt;&lt;p align="left"&gt;

Pond Apple is a small tree found in wet, swampy areas in South Florida, the West Indies and the Bahamas.  It rarely grows to more than 15 or 20-feet high in the Florida.  It grows in a habitat similar to Baldcypress habitat.  Yellowish-white flowers are borne in the spring providing a show only if you stand close to the tree.  The fruit is nearly pear shaped, ripening to a dull yellow.  Although it is edible, the tree would not be planted as a fruit tree.  Leaves drop for a brief period in late spring, just before new leaves emerge. &lt;/p&gt;&lt;p align="left"&gt;

Pond Apple is best planted as a large shrub in wet areas where little else would thrive.  It makes a good screen in a sunny or partially shaded location.  A soil that is acidic or slightly alkaline is nicely suited for Pond Apple. &lt;/p&gt;</descriptivetext>
  <growthrate>moderate</growthrate>
</tree>