<?xml version="1.0" encoding="UTF-8" standalone="no"?><tree>
  <foliage>
    <shape>ovate, elliptic (oval)</shape>
    <summercolor>green</summercolor>
    <spiny>no</spiny>
    <type>bipinnately compound</type>
    <arrangement>alternate</arrangement>
    <bladelength>2 to 4 inches, 4 to 8 inches</bladelength>
    <venation>pinnate</venation>
    <fallcharacteristics>not showy</fallcharacteristics>
    <margin>serrate</margin>
    <fallcolor>yellow, red, purple</fallcolor>
    <persistence>deciduous</persistence>
  </foliage>
  <pestresistance>resistant to pests/diseases</pestresistance>
  <lifespan>unknown</lifespan>
  <culturetolerances>
    <saltspraytolerance>unknown</saltspraytolerance>
    <soilphtolerance>acidic</soilphtolerance>
    <lightrequirements>full sun, partial sun or partial shade</lightrequirements>
    <soilsalttolerance>unknown</soilsalttolerance>
    <droughttolerance>moderate</droughttolerance>
    <soildrainagetolerance>well-drained, occasionally wet</soildrainagetolerance>
    <soiltexturetolerance>sand</soiltexturetolerance>
  </culturetolerances>
  <flower>
    <season>flowers in summer</season>
    <color>white/cream/gray</color>
    <fragrance>no</fragrance>
    <showiness>showy</showiness>
  </flower>
  <diseases/>
  <planttype>tree, shrub</planttype>
  <use>specimen</use>
  <usdahardinesszone>3B-9A</usdahardinesszone>
  <nativeorigin>
    <nativestate>New Jersey</nativestate>
    <nativetonorthamerica>no</nativetonorthamerica>
    <recommendedfordryclimates>yes</recommendedfordryclimates>
    <nativefloridacounty>Not Native to Florida</nativefloridacounty>
  </nativeorigin>
  <size>
    <height>25 to 50 feet</height>
    <maturespread>15 to 25 feet</maturespread>
    <maintainableheight>not suitable for clipping</maintainableheight>
    <matureheight>30 to 50 feet</matureheight>
    <spread>15 to 25 feet</spread>
  </size>
  <factsheet/>
  <trunkandbranches>
    <currentyeartwigcolor>unknown</currentyeartwigcolor>
    <numberoftrunks>typically multi-trunked</numberoftrunks>
    <pruningrequirement>little required</pruningrequirement>
    <showiness>not showy</showiness>
    <currentyeartwigthickness>medium</currentyeartwigthickness>
    <trunkandbranchbreakage>resistant</trunkandbranchbreakage>
    <woodspecificgravity>unknown</woodspecificgravity>
    <branchdrooping>branches don't droop</branchdrooping>
    <crownshaft>not applicable</crownshaft>
    <barkthickness>thick</barkthickness>
    <thorns>yes</thorns>
  </trunkandbranches>
  <pests/>
  <fruit>
    <composition>fleshy</composition>
    <attractiontowildlife>attracts birds</attractiontowildlife>
    <edible>unknown</edible>
    <shape>round</shape>
    <showiness>not showy</showiness>
    <length>12 inches or more</length>
    <persistant>yes</persistant>
    <litter>unknown</litter>
    <color>black, purple</color>
  </fruit>
  <name>
    <listingname>Japanes Angelica Tree</listingname>
    <family>Aralaceae</family>
    <pronunciation>ah-RAY-lee-uh ee-LAY-tuh</pronunciation>
    <species>elata</species>
    <genus>Aralia</genus>
    <cultivar/>
    <commonname>Japanese Angelica Tree</commonname>
  </name>
  <photographs>
    <other>14299689</other>
    <foliage>6332211</foliage>
  </photographs>
  <crowncanopy>
    <texture>medium, coarse</texture>
    <density>dense</density>
    <shape>spreading</shape>
    <uniformity>irregular</uniformity>
  </crowncanopy>
  <other>
    <verticilliumwilt>unknown</verticilliumwilt>
    <outstandingtree>no</outstandingtree>
    <winterinterest>no</winterinterest>
    <invasivepotential>not assessed or incomplete data</invasivepotential>
    <surfacerooting>unknown</surfacerooting>
    <availability>rarely available</availability>
    <ozonesensitivity>unknown</ozonesensitivity>
  </other>
  <descriptivetext>&lt;p align="left"&gt;

This plant is quite easy to grow and literally thrives on neglect.  Plants should be grown in full sun or partial shade on any almost any kind of soil, acid or alkaline, moist or dry, as long as it is well-drained.  It grows rapidly and usually spreads by sprouts produced from its base. While the temptation would be to use this plant as a barrier planting, the effect of the thorny, naked trunks during wintertime is quite harsh and perhaps unattractive to some people. The flowers terminate the current seasons growth. Pollen can cause some allergy problems for some people.&lt;/p&gt;&lt;p align="left"&gt;

&lt;/p&gt;&lt;p align="left"&gt;

 A short section of the flowering twigs dies behind the inflorescence each year; this is normal. These dead tips can be removed if you wish.&lt;/p&gt;&lt;p align="left"&gt;

&lt;/p&gt;&lt;p align="left"&gt;

The plant can be trained into a small, single or multi-stemmed tree and used in a shrubbery border to add height and interest. It can be transplanted during winter and used as a specimen to accent an area. The variegated foliage on `Variegata' makes quite a nice statement in the landscape and is sure to capture the curiosity of many visitors, particularly when it is in flower. There may be a thornless form offered.&lt;/p&gt;</descriptivetext>
  <growthrate>fast</growthrate>
</tree>