<?xml version="1.0" encoding="UTF-8" standalone="no"?><tree>
  <foliage>
    <shape>ovate, lanceolate</shape>
    <summercolor>green</summercolor>
    <spiny>no</spiny>
    <type>simple</type>
    <arrangement>spiral</arrangement>
    <bladelength>less than 2 inches</bladelength>
    <venation>parallel</venation>
    <fallcharacteristics>not showy</fallcharacteristics>
    <margin>entire</margin>
    <fallcolor>no color change</fallcolor>
    <persistence>evergreen, needled evergreen</persistence>
  </foliage>
  <rangemap>Range Map RM7B11</rangemap>
  <pestresistance>resistant to pests/diseases</pestresistance>
  <lifespan>more than 50 years</lifespan>
  <culturetolerances>
    <saltspraytolerance>unknown</saltspraytolerance>
    <soilphtolerance>acidic, alkaline</soilphtolerance>
    <lightrequirements>full sun</lightrequirements>
    <soilsalttolerance>unknown</soilsalttolerance>
    <droughttolerance>moderate</droughttolerance>
    <soildrainagetolerance>well-drained</soildrainagetolerance>
    <soiltexturetolerance>clay, sand, loam</soiltexturetolerance>
  </culturetolerances>
  <flower>
    <season>unknown</season>
    <color>unknown</color>
    <fragrance>no</fragrance>
    <showiness>not showy</showiness>
  </flower>
  <planttype>tree</planttype>
  <factsheet>ST081</factsheet>
  <use>indoors, specimen, recommended</use>
  <usdahardinesszone>7B-11</usdahardinesszone>
  <nativeorigin>
    <nativetonorthamerica>no</nativetonorthamerica>
    <recommendedfordryclimates>no</recommendedfordryclimates>
    <nativefloridacounty>Not Native to Florida</nativefloridacounty>
  </nativeorigin>
  <size>
    <height>50 to 75 feet</height>
    <maturespread>30 to 35 feet</maturespread>
    <maintainableheight>not suitable for clipping</maintainableheight>
    <matureheight>60 to 70 feet</matureheight>
    <spread>25 to 35 feet</spread>
  </size>
  <pestsanddiseases>&lt;p align="center"&gt;&lt;b&gt;&lt;u&gt;Pests and Diseases&lt;/u&gt;&lt;/b&gt;&lt;/p&gt;&lt;p align="left"&gt;

No pests or diseases are of major concern.  Scales, sooty mold, leaf spots. &lt;/p&gt;</pestsanddiseases>
  <trunkandbranches>
    <currentyeartwigcolor>green, brown</currentyeartwigcolor>
    <numberoftrunks>typically one trunk</numberoftrunks>
    <pruningrequirement>little required</pruningrequirement>
    <showiness>not showy</showiness>
    <currentyeartwigthickness>medium, thick</currentyeartwigthickness>
    <trunkandbranchbreakage>resistant</trunkandbranchbreakage>
    <woodspecificgravity>unknown</woodspecificgravity>
    <branchdrooping>branches droop</branchdrooping>
    <crownshaft>not applicable</crownshaft>
    <barkthickness>thick</barkthickness>
    <thorns>no</thorns>
  </trunkandbranches>
  <fruit>
    <composition>dry or hard</composition>
    <attractiontowildlife>little</attractiontowildlife>
    <edible>no</edible>
    <shape>oval, cone</shape>
    <showiness>not showy</showiness>
    <length>3 to 6 inches, 6 to 12 inches</length>
    <persistant>no</persistant>
    <litter>fruit/leaves not a litter problem</litter>
    <color>brown, tan</color>
  </fruit>
  <name>
    <listingname>Monkey-Puzzletree</listingname>
    <family>Araucariaceae</family>
    <pronunciation>air-ah-KAIR-ee-uh  air-ah-KAY-nuh</pronunciation>
    <species>araucana</species>
    <genus>Araucaria</genus>
    <commonname>Monkey-Puzzletree</commonname>
  </name>
  <photographs>
    <entireplant>6799803</entireplant>
    <fruit>5589121</fruit>
    <other>16771880</other>
    <foliage>6899106</foliage>
    <trunk>2811303</trunk>
  </photographs>
  <crowncanopy>
    <texture>coarse</texture>
    <density>open</density>
    <shape>pyramidal</shape>
    <uniformity>irregular</uniformity>
  </crowncanopy>
  <other>
    <verticilliumwilt>unknown</verticilliumwilt>
    <outstandingtree>no</outstandingtree>
    <winterinterest>no</winterinterest>
    <invasivepotential>not assessed or incomplete data</invasivepotential>
    <surfacerooting>can form large surface roots</surfacerooting>
    <availability>rarely available</availability>
    <ozonesensitivity>unknown</ozonesensitivity>
  </other>
  <descriptivetext>&lt;p align="center"&gt;&lt;b&gt;&lt;em&gt;Araucaria araucana &lt;/em&gt;( &lt;em&gt;Araucaria imbricata &lt;/em&gt;)Monkey-Puzzletree &lt;/b&gt;&lt;/p&gt;&lt;p align="left"&gt;

Monkey-Puzzletree is a large, bizarre evergreen, 60 to 70 feet tall and 30 to 35 feet wide, which forms a loose, see-through, pyramidal shape with a straight trunk.  The tree is so open in habit you could almost look at it and not see it.  The leaves are dark green, stiff, with sharp needles densely arranged on horizontal, irregular, upwardly-sweeping branches.  Monkey-Puzzletree makes an attractive, novelty specimen for a large, open yard or commercial landscape.  It is normally planted only as an oddity someplace in the rear of a landscape out of view from most passers-by but could be the specimen feature in a large oriental landscape. &lt;/p&gt;&lt;p align="left"&gt;

Monkey-Puzzletree should be grown in full sun on well-drained soil and receive regular waterings.  It tolerates some drought and will grow well in clay soil. &lt;/p&gt;</descriptivetext>
  <growthrate>moderate</growthrate>
</tree>