<?xml version="1.0" encoding="UTF-8" standalone="no"?><tree>
  <diseases>&lt;p align="center"&gt;&lt;b&gt;&lt;u&gt;Diseases&lt;/u&gt;&lt;/b&gt;&lt;/p&gt;&lt;p align="left"&gt;

No diseases are of major concern. Leaf spots are a minor problem. &lt;/p&gt;</diseases>
  <planttype>tree</planttype>
  <size>
    <height>over 75 feet</height>
    <maturespread>15 to 25 feet</maturespread>
    <maintainableheight>not suitable for clipping</maintainableheight>
    <matureheight>60 to 80 feet</matureheight>
    <spread>15 to 25 feet</spread>
  </size>
  <use>indoors, specimen, recommended</use>
  <flower>
    <season>unknown</season>
    <color>unknown</color>
    <fragrance>no</fragrance>
    <showiness>not showy</showiness>
  </flower>
  <other>
    <verticilliumwilt>unknown</verticilliumwilt>
    <outstandingtree>no</outstandingtree>
    <winterinterest>no</winterinterest>
    <invasivepotential>not assessed or incomplete data</invasivepotential>
    <surfacerooting>can form large surface roots</surfacerooting>
    <availability>generally available</availability>
    <ozonesensitivity>unknown</ozonesensitivity>
  </other>
  <fruit>
    <composition>dry or hard</composition>
    <attractiontowildlife>little</attractiontowildlife>
    <edible>no</edible>
    <shape>oval, cone</shape>
    <showiness>showy</showiness>
    <length>3 to 6 inches, 6 to 12 inches</length>
    <persistant>no</persistant>
    <litter>fruit/leaves a litter problem</litter>
    <color>brown</color>
  </fruit>
  <factsheet>ST082</factsheet>
  <growthrate>moderate</growthrate>
  <crowncanopy>
    <texture>fine</texture>
    <density>moderate</density>
    <shape>pyramidal, columnar</shape>
    <uniformity>symmetrical</uniformity>
  </crowncanopy>
  <photographs>
    <entireplant>1803626</entireplant>
    <flower>15099019</flower>
    <other>10819547</other>
    <foliage>6431112</foliage>
    <trunk>7624041</trunk>
  </photographs>
  <name>
    <listingname>False Monkey-Puzzletree, Monkey-Puzzletree, False</listingname>
    <family>Araucariaceae</family>
    <pronunciation>air-ah-KAIR-ee-uh  bid-WILL-ee-eye</pronunciation>
    <species>bidwillii</species>
    <genus>Araucaria</genus>
    <commonname>False Monkey-Puzzletree</commonname>
  </name>
  <trunkandbranches>
    <currentyeartwigcolor>brown</currentyeartwigcolor>
    <numberoftrunks>typically one trunk</numberoftrunks>
    <pruningrequirement>little required</pruningrequirement>
    <showiness>not showy</showiness>
    <currentyeartwigthickness>medium</currentyeartwigthickness>
    <trunkandbranchbreakage>resistant</trunkandbranchbreakage>
    <woodspecificgravity>unknown</woodspecificgravity>
    <branchdrooping>branches droop</branchdrooping>
    <crownshaft>not applicable</crownshaft>
    <barkthickness>thick</barkthickness>
    <thorns>no</thorns>
  </trunkandbranches>
  <rangemap>Range Map RM9A11</rangemap>
  <descriptivetext>&lt;p align="center"&gt;&lt;b&gt;&lt;em&gt;Araucaria bidwillii &lt;/em&gt;False Monkey-Puzzle &lt;/b&gt;&lt;/p&gt;&lt;p align="left"&gt;

This large evergreen has a single upright trunk, tiered branching habit, and a pyramidal or columnar shape.  Eventually reaching a height of about 80 feet, False Monkey Puzzle possesses a moderate growth rate.  The tree would grow taller, but lightning frequently limits height growth in the eastern U.S.  The dark green, two-inch-long, individual leaves are lanceolate when young becoming 1/2-inch ovals at maturity.  Both leaf types appear on the tree at the same time.  The large, spiny, 10 to 15-pound cones are rare in cultivation. &lt;/p&gt;&lt;p align="left"&gt;

Although they provide some shade, they are not suitable for patios or terraces because they are too large and large surface roots are common.   In addition, the columnar-formed trees generally cast limited shade due to the narrow crown.  Many people forget how tall these trees grow.  They often have an attractive pyramidal form (like a fir or spruce tree) when they are small, but they quickly grow too tall for most residential sites.  This tree is best saved for large-scale landscapes like parks and municipal buildings. &lt;/p&gt;&lt;p align="left"&gt;

Growing best in full sun locations, this tree thrives on a variety of soils and is moderately salt tolerant.  Young plants should be watered well, especially during periods of drought.  Be sure to prune out multiple trunks or leaders as they should be grown with one central leader. &lt;/p&gt;&lt;p align="left"&gt;

Propagation is by seeds or cuttings of erect shoot tips only. &lt;/p&gt;</descriptivetext>
  <pestresistance>resistant to pests/diseases</pestresistance>
  <foliage>
    <shape>linear, needle-like (filiform), lanceolate</shape>
    <summercolor>green</summercolor>
    <spiny>no</spiny>
    <type>simple</type>
    <arrangement>spiral</arrangement>
    <bladelength>less than 2 inches</bladelength>
    <venation>parallel</venation>
    <fallcharacteristics>not showy</fallcharacteristics>
    <margin>entire</margin>
    <fallcolor>no color change</fallcolor>
    <persistence>evergreen, needled evergreen</persistence>
  </foliage>
  <pests>&lt;p align="center"&gt;&lt;b&gt;&lt;u&gt;Pests&lt;/u&gt;&lt;/b&gt;&lt;/p&gt;&lt;p align="left"&gt;

Scale and sooty mold are minor problems. &lt;/p&gt;</pests>
  <usdahardinesszone>9A-11</usdahardinesszone>
  <culturetolerances>
    <saltspraytolerance>moderate</saltspraytolerance>
    <soilphtolerance>alkaline, acidic</soilphtolerance>
    <lightrequirements>full sun</lightrequirements>
    <soilsalttolerance>unknown</soilsalttolerance>
    <droughttolerance>high</droughttolerance>
    <soildrainagetolerance>well-drained</soildrainagetolerance>
    <soiltexturetolerance>clay, sand, loam</soiltexturetolerance>
  </culturetolerances>
  <nativeorigin>
    <nativetonorthamerica>no</nativetonorthamerica>
    <recommendedfordryclimates>no</recommendedfordryclimates>
    <nativefloridacounty>Not Native to Florida</nativefloridacounty>
  </nativeorigin>
  <lifespan>more than 50 years</lifespan>
</tree>