<?xml version="1.0" encoding="UTF-8" standalone="no"?><tree>
  <foliage>
    <shape>obovate, oblanceolate</shape>
    <summercolor>green</summercolor>
    <spiny>no</spiny>
    <type>simple</type>
    <arrangement>alternate</arrangement>
    <bladelength>2 to 4 inches</bladelength>
    <venation>pinnate</venation>
    <fallcharacteristics>not showy</fallcharacteristics>
    <margin>serrate</margin>
    <fallcolor>no color change</fallcolor>
    <persistence>evergreen, broadleaf evergreen</persistence>
  </foliage>
  <rangemap>Range Map RM8B11</rangemap>
  <pestresistance>free of serious pests and diseases</pestresistance>
  <lifespan>25 to 50 years</lifespan>
  <culturetolerances>
    <saltspraytolerance>unknown</saltspraytolerance>
    <soilphtolerance>acidic, alkaline</soilphtolerance>
    <lightrequirements>full sun, partial sun or partial shade</lightrequirements>
    <soilsalttolerance>unknown</soilsalttolerance>
    <droughttolerance>moderate</droughttolerance>
    <soildrainagetolerance>well-drained</soildrainagetolerance>
    <soiltexturetolerance>clay, sand, loam</soiltexturetolerance>
  </culturetolerances>
  <flower>
    <season>flowers in fall, flowers in winter</season>
    <color>white/cream/gray, pink</color>
    <fragrance>no</fragrance>
    <showiness>showy</showiness>
  </flower>
  <planttype>shrub, tree</planttype>
  <factsheet>ST085</factsheet>
  <use>tree lawn 3-4 feet wide, tree lawn 4-6 feet wide, tree lawn &gt; 6 ft wide, street without sidewalk, parking lot island 100-200 sq ft, parking lot island &gt; 200 sq ft, specimen, screen, hedge, deck or patio, container or planter, highway median, recommended</use>
  <usdahardinesszone>8B-11</usdahardinesszone>
  <nativeorigin>
    <nativetonorthamerica>no</nativetonorthamerica>
    <recommendedfordryclimates>no</recommendedfordryclimates>
    <nativefloridacounty>Not Native to Florida</nativefloridacounty>
  </nativeorigin>
  <size>
    <height>15 to 25 feet</height>
    <maturespread>8 to 20 feet</maturespread>
    <maintainableheight>6 to 12 feet, 12 or more feet</maintainableheight>
    <matureheight>8 to 18 feet</matureheight>
    <spread>15 to 25 feet</spread>
  </size>
  <pestsanddiseases>&lt;p align="center"&gt;&lt;b&gt;&lt;u&gt;Pests and Diseases&lt;/u&gt;&lt;/b&gt;&lt;/p&gt;&lt;p align="left"&gt;

No pests or diseases are of major concern. &lt;/p&gt;</pestsanddiseases>
  <trunkandbranches>
    <currentyeartwigcolor>green, reddish</currentyeartwigcolor>
    <numberoftrunks>typically multi-trunked, can be trained to one trunk</numberoftrunks>
    <pruningrequirement>needed for strong structure</pruningrequirement>
    <showiness>showy</showiness>
    <currentyeartwigthickness>medium</currentyeartwigthickness>
    <trunkandbranchbreakage>resistant</trunkandbranchbreakage>
    <woodspecificgravity>unknown</woodspecificgravity>
    <branchdrooping>branches droop</branchdrooping>
    <crownshaft>not applicable</crownshaft>
    <barkthickness>thick</barkthickness>
    <thorns>no</thorns>
  </trunkandbranches>
  <fruit>
    <composition>fleshy</composition>
    <attractiontowildlife>attracts birds</attractiontowildlife>
    <edible>yes</edible>
    <shape>round</shape>
    <showiness>showy</showiness>
    <length>.5 to 1 inch</length>
    <persistant>yes</persistant>
    <litter>fruit/leaves a litter problem</litter>
    <color>red, yellow</color>
  </fruit>
  <name>
    <listingname>Strawberry-Tree</listingname>
    <family>Ericaceae</family>
    <pronunciation>ar-BEW-tus  YOO-nee-doe</pronunciation>
    <species>unedo</species>
    <genus>Arbutus</genus>
    <commonname>Strawberry-Tree</commonname>
  </name>
  <photographs>
    <entireplant>12487721</entireplant>
    <flower>14458550</flower>
    <fruit>6381558</fruit>
    <other>328648</other>
    <foliage>4651147</foliage>
  </photographs>
  <crowncanopy>
    <texture>fine</texture>
    <density>dense</density>
    <shape>round</shape>
    <uniformity>symmetrical</uniformity>
  </crowncanopy>
  <other>
    <verticilliumwilt>unknown</verticilliumwilt>
    <outstandingtree>yes</outstandingtree>
    <winterinterest>yes</winterinterest>
    <invasivepotential>not assessed or incomplete data</invasivepotential>
    <surfacerooting>not a problem</surfacerooting>
    <availability>rarely available</availability>
    <ozonesensitivity>unknown</ozonesensitivity>
  </other>
  <descriptivetext>&lt;p align="center"&gt;&lt;b&gt;&lt;em&gt;Arbutus unedo &lt;/em&gt;Strawberry-Tree &lt;/b&gt;&lt;/p&gt;&lt;p align="left"&gt;

Most often seen as a multi-stemmed, rounded, evergreen shrub or small tree reaching 8 to 15 feet in height with an equal spread, Strawberry-Tree is capable of reaching 20 to 25 feet in height, and makes a very attractive specimen tree when pruned to a short, single trunk.  The trees take on a picturesque, somewhat twisted appearance over time, and exhibit dark, red/brown, flaking and shreddy bark accompanied by the lush, dark green, leathery, red-stemmed leaves.  Growth rate is slow so trees over 20 feet tall are rare. &lt;/p&gt;&lt;p align="left"&gt;

In fall and winter, the small, white or pink blooms in two-inch-long panicles appear at the same time the previous-year's fruit are ripening.  These unusual fruits have a rough, pebbled outer surface which ripen from yellow to red and persist on the tree throughout the winter, adding much to the tree's overall attractiveness.  Although the fruits look appealing, their bland taste seems to be popular only with birds.   &lt;/p&gt;&lt;p align="left"&gt;

Strawberry-Tree spreads quite wide as it grows taller and produces dense shade, making it ideal for use as a small shade, screen, hedge, or patio tree.  The appearance of both fruits and flowers during the winter months also makes this plant very popular for specimen plantings.  It is one of the most attractive small trees available for residential use but unfortunately is not normally available in the east.  It should be grown and tried in the Deep South. &lt;/p&gt;&lt;p align="left"&gt;

Strawberry-Tree will grow at a slow pace when planted in either full sun or partial shade on well-drained, acid soil.  Plants are tolerant of wind and some drought once established and grow in well-drained clay. &lt;/p&gt;&lt;p align="left"&gt;

The cultivar `Compacta' is a smaller shrub, six to ten feet tall and wide; `Elfin King' has a contorted, dwarf form, flowers and fruits year-round; `Rubra' has deep pink flowers. &lt;/p&gt;&lt;p align="left"&gt;

Propagation is by seed or layering. &lt;/p&gt;</descriptivetext>
  <growthrate>slow</growthrate>
</tree>