<?xml version="1.0" encoding="UTF-8" standalone="no"?><tree>
  <foliage>
    <shape>ovate, oblong</shape>
    <summercolor>green</summercolor>
    <spiny>no</spiny>
    <type>simple</type>
    <arrangement>alternate</arrangement>
    <bladelength>2 to 4 inches</bladelength>
    <venation>pinnate</venation>
    <fallcharacteristics>not showy</fallcharacteristics>
    <margin>entire, crenate</margin>
    <fallcolor>no color change</fallcolor>
    <persistence>evergreen, broadleaf evergreen</persistence>
  </foliage>
  <rangemap>Range Map RM7A8B</rangemap>
  <pestresistance>resistant to pests/diseases</pestresistance>
  <lifespan>more than 50 years</lifespan>
  <culturetolerances>
    <saltspraytolerance>unknown</saltspraytolerance>
    <soilphtolerance>alkaline</soilphtolerance>
    <lightrequirements>full sun</lightrequirements>
    <soilsalttolerance>unknown</soilsalttolerance>
    <droughttolerance>high</droughttolerance>
    <soildrainagetolerance>well-drained</soildrainagetolerance>
    <soiltexturetolerance>sand, loam</soiltexturetolerance>
  </culturetolerances>
  <flower>
    <season>flowers in spring</season>
    <color>white/cream/gray</color>
    <fragrance>no</fragrance>
    <showiness>showy</showiness>
  </flower>
  <planttype>tree</planttype>
  <factsheet>ST084</factsheet>
  <use>tree lawn 3-4 feet wide, tree lawn 4-6 feet wide, tree lawn &gt; 6 ft wide, deck or patio, street without sidewalk, shade, specimen, parking lot island &lt; 100 sq ft, parking lot island 100-200 sq ft, parking lot island &gt; 200 sq ft, highway median, container or planter, recommended</use>
  <usdahardinesszone>7A-8B</usdahardinesszone>
  <nativeorigin>
    <nativestate>Texas, New Mexico</nativestate>
    <nativetonorthamerica>yes</nativetonorthamerica>
    <recommendedfordryclimates>yes</recommendedfordryclimates>
    <nativefloridacounty>Not Native to Florida</nativefloridacounty>
  </nativeorigin>
  <size>
    <height>25 to 50 feet</height>
    <maturespread>15 to 25 feet</maturespread>
    <maintainableheight>not suitable for clipping</maintainableheight>
    <matureheight>25 to 40 feet</matureheight>
    <spread>15 to 25 feet</spread>
  </size>
  <pestsanddiseases>&lt;p align="center"&gt;&lt;b&gt;&lt;u&gt;Pests and Diseases&lt;/u&gt;&lt;/b&gt;&lt;/p&gt;&lt;p align="left"&gt;

No pests or diseases are of major concern. &lt;/p&gt;</pestsanddiseases>
  <trunkandbranches>
    <currentyeartwigcolor>gray, green</currentyeartwigcolor>
    <numberoftrunks>typically multi-trunked</numberoftrunks>
    <pruningrequirement>little required</pruningrequirement>
    <showiness>showy</showiness>
    <currentyeartwigthickness>medium</currentyeartwigthickness>
    <trunkandbranchbreakage>resistant</trunkandbranchbreakage>
    <woodspecificgravity>unknown</woodspecificgravity>
    <branchdrooping>branches don't droop</branchdrooping>
    <crownshaft>not applicable</crownshaft>
    <barkthickness>thin bark</barkthickness>
    <thorns>no</thorns>
  </trunkandbranches>
  <fruit>
    <composition>fleshy</composition>
    <attractiontowildlife>little</attractiontowildlife>
    <edible>no</edible>
    <shape>round, oval</shape>
    <showiness>showy</showiness>
    <length>.5 to 1 inch</length>
    <persistant>no</persistant>
    <litter>fruit/leaves not a litter problem</litter>
    <color>orange, red</color>
  </fruit>
  <name>
    <listingname>Texas Madrone, Madrone, Texas</listingname>
    <family>Ericaceae</family>
    <pronunciation>ar-BEW-tus  teck-SAY-nuh</pronunciation>
    <species>texana</species>
    <genus>Arbutus</genus>
    <commonname>Texas Madrone</commonname>
  </name>
  <photographs>
    <entireplant>3908676</entireplant>
  </photographs>
  <crowncanopy>
    <texture>medium</texture>
    <density>moderate</density>
    <shape>vase, upright/erect</shape>
    <uniformity>irregular</uniformity>
  </crowncanopy>
  <other>
    <verticilliumwilt>unknown</verticilliumwilt>
    <outstandingtree>yes</outstandingtree>
    <winterinterest>yes</winterinterest>
    <invasivepotential>native to North America</invasivepotential>
    <surfacerooting>not a problem</surfacerooting>
    <availability>rarely available</availability>
    <ozonesensitivity>unknown</ozonesensitivity>
  </other>
  <descriptivetext>&lt;p align="center"&gt;&lt;b&gt;&lt;em&gt;Arbutus texana &lt;/em&gt;Texas Madrone &lt;/b&gt;&lt;/p&gt;&lt;p align="left"&gt;

This native North American evergreen tree has beautiful peeling bark and reaches a height of 40 feet but many trees are much smaller than this.  As the tree ages, the outer bark drops off to reveal the smooth, new bark which can range in color from white, apricot, tan, or dark red, and the mixture of colors between old and new bark is quite striking.  The dark green leaves, with paler undersides, are joined in springtime with small, white flowers which have an interesting shape, almost like small lanterns.  These blooms are followed by the production of orange or red berries which ripen in fall.  Berries are very brightly colored and will attract attention in any landscape. &lt;/p&gt;&lt;p align="left"&gt;

Multiple trunks arise from the ground much like those of crape myrtle.  Lower foliage and branches are often removed to show off this feature.  Plant this tree to display the trunks near a patio, deck, walk or other area where people come close to the tree.  A row of Texas Madrone planted on 15 to 20 foot centers can enlighten the entry way to an office park, condominium complex, or add character to a residential street. &lt;/p&gt;&lt;p align="left"&gt;

Texas Madrone grows in full sun on any well-drained soil, acid or alkaline.  It appears to be a very adaptable tree and should do well in a variety of landscape sites. &lt;/p&gt;&lt;p align="left"&gt;

Propagation is by seed or micropropagation.  Improved selections can probably be developed through micropropagation techniques. &lt;/p&gt;</descriptivetext>
  <growthrate>moderate</growthrate>
</tree>