<?xml version="1.0" encoding="UTF-8" standalone="no"?><tree>
  <foliage>
    <shape>elliptic (oval)</shape>
    <summercolor>green</summercolor>
    <spiny>no</spiny>
    <type>simple</type>
    <arrangement>alternate</arrangement>
    <bladelength>2 to 4 inches, 4 to 8 inches</bladelength>
    <venation>pinnate</venation>
    <fallcharacteristics>not showy</fallcharacteristics>
    <margin>entire</margin>
    <fallcolor>no color change</fallcolor>
    <persistence>evergreen</persistence>
  </foliage>
  <rangemap>Range Map RM10A11</rangemap>
  <pestresistance>free of serious pests and diseases</pestresistance>
  <lifespan>25 to 50 years</lifespan>
  <culturetolerances>
    <saltspraytolerance>high</saltspraytolerance>
    <soilphtolerance>acidic, alkaline</soilphtolerance>
    <lightrequirements>full sun, partial sun or partial shade</lightrequirements>
    <soilsalttolerance>unknown</soilsalttolerance>
    <droughttolerance>moderate</droughttolerance>
    <soildrainagetolerance>well-drained</soildrainagetolerance>
    <soiltexturetolerance>sand, loam</soiltexturetolerance>
  </culturetolerances>
  <flower>
    <season>unknown</season>
    <color>white/cream/gray</color>
    <fragrance>pleasant</fragrance>
    <showiness>showy</showiness>
  </flower>
  <planttype>shrub, tree</planttype>
  <use>reclamation, hedge, deck or patio, specimen, screen, attracts butterflies, recommended</use>
  <usdahardinesszone>10A-11</usdahardinesszone>
  <nativeorigin>
    <nativestate>Florida</nativestate>
    <nativetonorthamerica>yes</nativetonorthamerica>
    <recommendedfordryclimates>no</recommendedfordryclimates>
    <nativefloridacounty>Brevard, Broward, Collier, De Soto, Flagler, Highlands, Hillsborough, Indian River, Lee, Manatee, Martin, Miami-Dade, Monroe Mainland, Monroe Keys, Okeechobee, Palm Beach, Pasco, Pinellas, Polk, Sarasota, St. Lucie, Volusia</nativefloridacounty>
  </nativeorigin>
  <size>
    <height>10 to 15 feet</height>
    <maturespread>6 to 10 feet</maturespread>
    <maintainableheight>4 to 6 feet, 6 to 12 feet, 12 or more feet</maintainableheight>
    <matureheight>12 to 20 feet</matureheight>
    <spread>6 to 10 feet</spread>
  </size>
  <pestsanddiseases>&lt;p align="center"&gt;&lt;b&gt;&lt;u&gt;Pests and Diseases&lt;/u&gt;&lt;/b&gt;&lt;/p&gt;&lt;p align="left"&gt;

No pests or diseases are of major concern. &lt;/p&gt;</pestsanddiseases>
  <trunkandbranches>
    <currentyeartwigcolor>green</currentyeartwigcolor>
    <numberoftrunks>can be trained to one trunk, typically multi-trunked</numberoftrunks>
    <pruningrequirement>little required</pruningrequirement>
    <showiness>not showy</showiness>
    <currentyeartwigthickness>medium</currentyeartwigthickness>
    <trunkandbranchbreakage>resistant</trunkandbranchbreakage>
    <woodspecificgravity>unknown</woodspecificgravity>
    <branchdrooping>branches droop</branchdrooping>
    <crownshaft>not applicable</crownshaft>
    <barkthickness>thick</barkthickness>
    <thorns>no</thorns>
  </trunkandbranches>
  <fruit>
    <composition>fleshy</composition>
    <attractiontowildlife>attracts birds, attracts squirrels/mammals</attractiontowildlife>
    <edible>yes</edible>
    <shape>round</shape>
    <showiness>showy</showiness>
    <length>less than .5 inch</length>
    <persistant>no</persistant>
    <litter>fruit/leaves a litter problem</litter>
    <color>purple, red</color>
  </fruit>
  <name>
    <listingname>Marlberry, Marbleberry</listingname>
    <family>Myrsinaceae</family>
    <pronunciation>ar-DIZ-ee-uh  ESS-kal-lawn-ee-OY-deez</pronunciation>
    <species>escallonioides</species>
    <genus>Ardisia</genus>
    <commonname>Marlberry, Marbleberry</commonname>
  </name>
  <photographs>
    <flower>16573128</flower>
    <fruit>12456764</fruit>
    <foliage>2427863</foliage>
  </photographs>
  <crowncanopy>
    <texture>medium</texture>
    <density>dense</density>
    <shape>vase, oval</shape>
    <uniformity>symmetrical</uniformity>
  </crowncanopy>
  <other>
    <verticilliumwilt>unknown</verticilliumwilt>
    <outstandingtree>no</outstandingtree>
    <winterinterest>no</winterinterest>
    <invasivepotential>native to North America</invasivepotential>
    <surfacerooting>not a problem</surfacerooting>
    <availability>rarely available</availability>
    <ozonesensitivity>unknown</ozonesensitivity>
  </other>
  <descriptivetext>&lt;p align="center"&gt;&lt;b&gt;&lt;em&gt;Ardisia escallonioides &lt;/em&gt;Marlberry, Marbleberry &lt;/b&gt;&lt;/p&gt;&lt;p align="left"&gt;

Marlberry is a 12- to 15-foot-tall shrub native to Florida and the Caribbean region that has a very important place in planting design.  It often occurs naturally with Sabal Palms and Stoppers.  The dark green, semiglossy leaves of this shrub are 3 to 4 1/2 inches long.  The small, white, fragrant flowers occur in dense terminal panicles that are 5 inches in length.  Flowers are borne at intervals throughout the year but do not last very long.  In the late spring this plant bears its small purple fruit. &lt;/p&gt;&lt;p align="left"&gt;

Marlberry is great in mixed group and background plantings.  It can be trained into a small tree by removing lower foliage and branches to expose the interesting trunk pattern.  The multiple trunks become an interesting element in the landscape, and they look nice lighted at night.  Space them 15 feet apart along an entrance road or sidewalk to create a nice linear planting of multi-trunked small trees.  Since they will remain quite dense even in the partial shade, they make a great screen for residential landscapes.  &lt;/p&gt;&lt;p align="left"&gt;

This shrub prefers well-drained soils and a semi-shade to full sun location in the landscape.  It will grow in soils with a wide pH range from a sandy humus to calcareous shell and is fast growing. &lt;/p&gt;&lt;p align="left"&gt;

Marlberry is easily propagated from seed. &lt;/p&gt;</descriptivetext>
  <growthrate>moderate</growthrate>
</tree>