<?xml version="1.0" encoding="UTF-8" standalone="no"?><tree>
  <foliage>
    <shape>obovate, oblong</shape>
    <summercolor>green</summercolor>
    <spiny>no</spiny>
    <type>simple</type>
    <arrangement>alternate</arrangement>
    <bladelength>4 to 8 inches, 8 to 12 inches</bladelength>
    <venation>pinnate</venation>
    <fallcharacteristics>showy</fallcharacteristics>
    <margin>entire</margin>
    <fallcolor>yellow</fallcolor>
    <persistence>deciduous</persistence>
  </foliage>
  <rangemap>Range Map RM5A8B</rangemap>
  <pestresistance>free of serious pests and diseases</pestresistance>
  <lifespan>25 to 50 years</lifespan>
  <culturetolerances>
    <saltspraytolerance>unknown</saltspraytolerance>
    <soilphtolerance>acidic, slightly alkaline</soilphtolerance>
    <lightrequirements>full sun, partial sun or partial shade, shade tolerant</lightrequirements>
    <soilsalttolerance>unknown</soilsalttolerance>
    <droughttolerance>moderate</droughttolerance>
    <soildrainagetolerance>occasionally wet, well-drained</soildrainagetolerance>
    <soiltexturetolerance>clay, sand, loam</soiltexturetolerance>
  </culturetolerances>
  <flower>
    <season>flowers in spring</season>
    <color>purple</color>
    <fragrance>no</fragrance>
    <showiness>not showy</showiness>
  </flower>
  <planttype>tree</planttype>
  <factsheet>ST086</factsheet>
  <use>reclamation, specimen, fruit, recommended</use>
  <usdahardinesszone>5A-8B</usdahardinesszone>
  <nativeorigin>
    <nativestate>Pennsylvania, Maryland, Virginia, West Virginia, Kentucky, Ohio, Indiana, Michigan, Illinois, Iowa, Nebraska, Kansas, Missouri, Oklahoma, Arkansas, Texas, Louisiana, Mississippi, Alabama, Florida, Georgia, South Carolina, North Carolina, Tennessee</nativestate>
    <nativetonorthamerica>yes</nativetonorthamerica>
    <recommendedfordryclimates>no</recommendedfordryclimates>
    <nativefloridacounty>Gadsden, Jackson, Liberty, Washington</nativefloridacounty>
  </nativeorigin>
  <size>
    <height>15 to 25 feet</height>
    <maturespread>15 to 20 feet</maturespread>
    <maintainableheight>not suitable for clipping</maintainableheight>
    <matureheight>15 to 20 feet</matureheight>
    <spread>15 to 25 feet</spread>
  </size>
  <pestsanddiseases>&lt;p align="center"&gt;&lt;b&gt;&lt;u&gt;Pests and Diseases&lt;/u&gt;&lt;/b&gt;&lt;/p&gt;&lt;p align="left"&gt;

No pests or diseases are of major concern. &lt;/p&gt;</pestsanddiseases>
  <trunkandbranches>
    <currentyeartwigcolor>brown</currentyeartwigcolor>
    <numberoftrunks>typically multi-trunked</numberoftrunks>
    <pruningrequirement>needed for strong structure</pruningrequirement>
    <showiness>not showy</showiness>
    <currentyeartwigthickness>medium</currentyeartwigthickness>
    <trunkandbranchbreakage>resistant</trunkandbranchbreakage>
    <woodspecificgravity>unknown</woodspecificgravity>
    <branchdrooping>branches droop</branchdrooping>
    <crownshaft>not applicable</crownshaft>
    <barkthickness>thick</barkthickness>
    <thorns>no</thorns>
  </trunkandbranches>
  <fruit>
    <composition>fleshy</composition>
    <attractiontowildlife>attracts birds, attracts squirrels/mammals</attractiontowildlife>
    <edible>yes</edible>
    <shape>elongated</shape>
    <showiness>showy</showiness>
    <length>3 to 6 inches</length>
    <persistant>no</persistant>
    <litter>fruit/leaves a litter problem</litter>
    <color>brown, black</color>
  </fruit>
  <name>
    <listingname>Pawpaw</listingname>
    <family>Annonaceae</family>
    <pronunciation>uh-SIM-min-nuh  try-LOE-buh</pronunciation>
    <species>triloba</species>
    <genus>Asimina</genus>
    <commonname>Pawpaw</commonname>
  </name>
  <photographs>
    <foliage>5692202</foliage>
    <flower>15047086</flower>
    <spring>7213449</spring>
    <fruit>14060428</fruit>
    <fall>1327479</fall>
    <entireplant>2821015</entireplant>
  </photographs>
  <crowncanopy>
    <texture>coarse</texture>
    <density>moderate</density>
    <shape>upright/erect, round</shape>
    <uniformity>symmetrical</uniformity>
  </crowncanopy>
  <other>
    <verticilliumwilt>resistant</verticilliumwilt>
    <outstandingtree>yes</outstandingtree>
    <winterinterest>no</winterinterest>
    <invasivepotential>native to North America</invasivepotential>
    <surfacerooting>not a problem</surfacerooting>
    <availability>rarely available</availability>
    <ozonesensitivity>unknown</ozonesensitivity>
  </other>
  <descriptivetext>&lt;p align="center"&gt;&lt;b&gt;&lt;em&gt;Asimina triloba &lt;/em&gt;Pawpaw &lt;/b&gt;&lt;/p&gt;&lt;p align="left"&gt;

A native deciduous tree, the coarse-textured Pawpaw ultimately reaches 30 feet in height (more commonly 15 to 20 feet) with an equal spread, and creates an upright, wide pyramidal silhouette.  The large, dark green leaves, 6 to 12 inches in length and three to five inches wide, seem to droop from their weight at branch tips, giving the plant a distinctive, almost wilted appearance.  Leaves turn a sometimes-brilliant yellow before dropping in the fall.  The two-inch-wide purple flowers with the less-than-pleasant perfume appear before the leaves unfurl in springtime, and are followed by the production of unusual, fleshy, three to five-inch-long, round or oval fruits, green when young but ripening to a brown/black, wrinkled texture.  When fully ripe, the edible flesh becomes soft, almost custard-like, has a sweet, rich taste similar to bananas, and is surprisingly very nutritious.  The fruits are popular with man and wildlife, especially raccoons and birds. &lt;/p&gt;&lt;p align="left"&gt;

The Pawpaw tree will grow in full sun or dense shade but will have denser growth in the sun.  Branches arch and reach to the sun in shaded sites often creating an open, irregularly-shaped canopy.  The soil should be rich, moist and slightly acid, and the trees will even tolerate wet, soggy soils. It can be found in multi-stemmed thickets along stream banks and on flood plains in the wild.  The tree is probably best used in a natural area for stabilizing stream banks and to add yellow fall color to a landscape.  It also makes a great coarse-textured specimen. &lt;/p&gt;&lt;p align="left"&gt;

Propagation is by seeds, layerings, or root cuttings. &lt;/p&gt;</descriptivetext>
  <growthrate>moderate</growthrate>
</tree>