<?xml version="1.0" encoding="UTF-8" standalone="no"?><tree>
  <foliage>
    <shape>ovate</shape>
    <summercolor>green</summercolor>
    <spiny>no</spiny>
    <type>odd-pinnately compound</type>
    <arrangement>alternate</arrangement>
    <bladelength>less than 2 inches, 2 to 4 inches</bladelength>
    <venation>pinnate</venation>
    <fallcharacteristics>not showy</fallcharacteristics>
    <margin>entire</margin>
    <fallcolor>no color change</fallcolor>
    <persistence>evergreen</persistence>
  </foliage>
  <rangemap>Range Map RM10B11</rangemap>
  <pestresistance>resistant to pests/diseases</pestresistance>
  <lifespan>25 to 50 years</lifespan>
  <culturetolerances>
    <saltspraytolerance>low</saltspraytolerance>
    <soilphtolerance>acidic, slightly alkaline</soilphtolerance>
    <lightrequirements>full sun, partial sun or partial shade</lightrequirements>
    <soilsalttolerance>unknown</soilsalttolerance>
    <droughttolerance>moderate</droughttolerance>
    <soildrainagetolerance>well-drained</soildrainagetolerance>
    <soiltexturetolerance>sand, loam, clay</soiltexturetolerance>
  </culturetolerances>
  <flower>
    <season>flowers in fall, flowers in summer, flowers in spring</season>
    <color>pink</color>
    <fragrance>no</fragrance>
    <showiness>showy</showiness>
  </flower>
  <planttype>tree</planttype>
  <use>fruit, shade, specimen, recommended</use>
  <usdahardinesszone>10B-11</usdahardinesszone>
  <nativeorigin>
    <nativetonorthamerica>no</nativetonorthamerica>
    <recommendedfordryclimates>no</recommendedfordryclimates>
    <nativefloridacounty>Not Native to Florida</nativefloridacounty>
  </nativeorigin>
  <size>
    <height>25 to 50 feet</height>
    <maturespread>20 to 30 feet</maturespread>
    <maintainableheight>not suitable for clipping</maintainableheight>
    <matureheight>20 to 30 feet</matureheight>
    <spread>25 to 35 feet</spread>
  </size>
  <pestsanddiseases>&lt;p align="center"&gt;&lt;b&gt;&lt;u&gt;Pests and Diseases&lt;/u&gt;&lt;/b&gt;&lt;/p&gt;&lt;p align="left"&gt;

No pests or diseases are of major concern but occasionally bothered by caterpillars, mites, and scales. &lt;/p&gt;</pestsanddiseases>
  <trunkandbranches>
    <currentyeartwigcolor>green, brown</currentyeartwigcolor>
    <numberoftrunks>typically multi-trunked, can be trained to one trunk</numberoftrunks>
    <pruningrequirement>needed for strong structure</pruningrequirement>
    <showiness>not showy</showiness>
    <currentyeartwigthickness>thin</currentyeartwigthickness>
    <trunkandbranchbreakage>resistant</trunkandbranchbreakage>
    <woodspecificgravity>unknown</woodspecificgravity>
    <branchdrooping>branches don't droop</branchdrooping>
    <crownshaft>not applicable</crownshaft>
    <barkthickness>thin bark</barkthickness>
    <thorns>no</thorns>
  </trunkandbranches>
  <fruit>
    <composition>fleshy</composition>
    <attractiontowildlife>attracts birds, attracts squirrels/mammals</attractiontowildlife>
    <edible>no</edible>
    <shape>irregular, oval</shape>
    <showiness>showy</showiness>
    <length>1 to 3 inches</length>
    <persistant>no</persistant>
    <litter>fruit/leaves a litter problem</litter>
    <color>yellow, orange</color>
  </fruit>
  <name>
    <listingname>Carambola, Starfruit</listingname>
    <family>Oxalidaceae</family>
    <pronunciation>av-er-ROW-uh  kair-am-BOE-luh</pronunciation>
    <species>carambola</species>
    <genus>Averrhoa</genus>
    <commonname>Carambola, Starfruit</commonname>
  </name>
  <photographs>
    <entireplant>823886</entireplant>
    <flower>3612517</flower>
    <fruit>8764159</fruit>
    <foliage>9780482</foliage>
  </photographs>
  <crowncanopy>
    <texture>medium</texture>
    <density>dense</density>
    <shape>round</shape>
    <uniformity>symmetrical</uniformity>
  </crowncanopy>
  <other>
    <verticilliumwilt>unknown</verticilliumwilt>
    <outstandingtree>yes</outstandingtree>
    <winterinterest>yes</winterinterest>
    <invasivepotential>not a problem species</invasivepotential>
    <surfacerooting>not a problem</surfacerooting>
    <availability>generally available</availability>
    <ozonesensitivity>unknown</ozonesensitivity>
  </other>
  <descriptivetext>&lt;p align="center"&gt;&lt;b&gt;&lt;em&gt;Averrhoa carambola &lt;/em&gt;carambola &lt;/b&gt;&lt;/p&gt;&lt;p align="left"&gt;

A beautiful shade, specimen, or fruit tree, carambola is an evergreen, upright tree, reaching 30 feet in height with a dense, rounded canopy which creates dense shade below.  The compound leaves have 5 to 11 leaflets, and the fragrant, white with purple flowers are clustered inconspicuously in the leaf axils.  The beautiful golden-yellow fruits soon follow and are quite a curiosity, both for their appearance and their placement on the tree, almost seeming to sprout from the branches themselves.  The fruits are waxy, five inches long and have three to five deep longitudinal ribs which give the fruit a star-shaped appearance when sliced.  Flavor can vary considerably from plant to plant, from very sweet to sour, with the former being quite delicious and quite a treat when eaten either fresh or used for preserves.  The color and shape make the fruit very suitable for adding interest to any fruit salad. &lt;/p&gt;&lt;p align="left"&gt;

Carambola should be grown in full sun or shifting shade only in frost-free locations.  Soil should be well-drained and plants are not salt-tolerant. &lt;/p&gt;&lt;p align="left"&gt;

`Arkin' is a seedling selection which is most commonly used in production groves.  Others include the tart-flavored `Golden Star' and a new one from Hawaii called `Kari'. &lt;/p&gt;&lt;p align="left"&gt;

Propagation is by seed or grafting of superior types. &lt;/p&gt;</descriptivetext>
  <growthrate>moderate</growthrate>
</tree>