<?xml version="1.0" encoding="UTF-8" standalone="no"?><tree>
  <factsheet>ST092</factsheet>
  <descriptivetext>&lt;p align="left"&gt;

Orchid Tree should be grown in full sun on well-drained soil.  Trees are very drought-tolerant and actually flower best on dry soils.  Problems include a tendency to show nutritional deficiencies, especially potassium; the weak wood which is susceptible to breakage in storms; the abundant seedlings which may germinate in the landscape; and the litter problem created by the falling leaves, flowers, and seed pods. This plant is considered invasive in Florida.&lt;/p&gt;&lt;p align="left"&gt;

Orchid Tree may need occasional pruning to develop a uniform shape when it is young.  Branches tend to develop low on the trunk and droop toward the ground forming a large bush if left unpruned.  Occasional pruning during the life of the tree will help maintain a nice, neat appearance.  Main branches form included bark which make the tree susceptible to breakage.&lt;/p&gt;</descriptivetext>
  <pests>&lt;p align="center"&gt;&lt;b&gt;&lt;u&gt;Pests&lt;/u&gt;&lt;/b&gt;&lt;/p&gt;&lt;p align="left"&gt;

Caterpillars, mites, borers. &lt;/p&gt;</pests>
  <culturetolerances>
    <saltspraytolerance>moderate</saltspraytolerance>
    <soilphtolerance>acidic, slightly alkaline</soilphtolerance>
    <lightrequirements>full sun, partial sun or partial shade</lightrequirements>
    <soilsalttolerance>unknown</soilsalttolerance>
    <droughttolerance>high</droughttolerance>
    <soildrainagetolerance>well-drained</soildrainagetolerance>
    <soiltexturetolerance>clay, sand, loam</soiltexturetolerance>
  </culturetolerances>
  <trunkandbranches>
    <currentyeartwigcolor>brown</currentyeartwigcolor>
    <numberoftrunks>can be trained to one trunk, typically multi-trunked</numberoftrunks>
    <pruningrequirement>needed for strong structure</pruningrequirement>
    <showiness>not showy</showiness>
    <currentyeartwigthickness>thin, medium</currentyeartwigthickness>
    <trunkandbranchbreakage>susceptible to breakage</trunkandbranchbreakage>
    <woodspecificgravity>unknown</woodspecificgravity>
    <branchdrooping>branches droop</branchdrooping>
    <crownshaft>not applicable</crownshaft>
    <barkthickness>thick</barkthickness>
    <thorns>no</thorns>
  </trunkandbranches>
  <note>Photos are of Species</note>
  <name>
    <listingname>`Candida' Variegated Orchid-Tree, Orchid-Tree, `Candida' Variegated</listingname>
    <family>Leguminosae</family>
    <pronunciation>bah-HIN-ee-uh  vair-ee-eh-GAY-tuh</pronunciation>
    <species>variegata</species>
    <genus>Bauhinia</genus>
    <cultivar/>
    <commonname>'Candida' Variegated Orchid-Tree</commonname>
  </name>
  <usdahardinesszone>9B-11</usdahardinesszone>
  <diseases>&lt;p align="center"&gt;&lt;b&gt;&lt;u&gt;Diseases&lt;/u&gt;&lt;/b&gt;&lt;/p&gt;&lt;p align="left"&gt;

Leaf spot, leaf scorch, mushroom root rot diseases. &lt;/p&gt;</diseases>
  <nativeorigin>
    <nativetonorthamerica>no</nativetonorthamerica>
    <recommendedfordryclimates>no</recommendedfordryclimates>
    <nativefloridacounty>Not Native to Florida</nativefloridacounty>
  </nativeorigin>
  <use>reclamation, street without sidewalk, deck or patio, shade, parking lot island &lt; 100 sq ft, parking lot island 100-200 sq ft, parking lot island &gt; 200 sq ft, tree lawn 3-4 feet wide, tree lawn 4-6 feet wide, tree lawn &gt; 6 ft wide, highway median, specimen, not recommended</use>
  <growthrate>fast</growthrate>
  <planttype>tree</planttype>
  <rangemap>Range Map RM9B11</rangemap>
  <foliage>
    <shape>orbiculate</shape>
    <summercolor>green</summercolor>
    <spiny>no</spiny>
    <type>simple</type>
    <arrangement>alternate</arrangement>
    <bladelength>2 to 4 inches</bladelength>
    <venation>palmate</venation>
    <fallcharacteristics>not showy</fallcharacteristics>
    <margin>cleft, lobed</margin>
    <fallcolor>no color change</fallcolor>
    <persistence>semi-evergreen, deciduous</persistence>
  </foliage>
  <flower>
    <season>flowers in winter, flowers in spring</season>
    <color>lavender</color>
    <fragrance>no</fragrance>
    <showiness>very showy</showiness>
  </flower>
  <pestresistance>free of serious pests and diseases</pestresistance>
  <lifespan>25 to 50 years</lifespan>
  <fruit>
    <composition>dry or hard</composition>
    <attractiontowildlife>little</attractiontowildlife>
    <edible>no</edible>
    <shape>elongated, pod or pod-like</shape>
    <showiness>showy</showiness>
    <length>12 inches or more</length>
    <persistant>yes</persistant>
    <litter>fruit/leaves a litter problem</litter>
    <color>black</color>
  </fruit>
  <size>
    <height>25 to 50 feet</height>
    <maturespread>20 to 30 feet</maturespread>
    <maintainableheight>not suitable for clipping</maintainableheight>
    <matureheight>20 to 35 feet</matureheight>
    <spread>15 to 25 feet</spread>
  </size>
  <other>
    <verticilliumwilt>unknown</verticilliumwilt>
    <outstandingtree>no</outstandingtree>
    <winterinterest>yes</winterinterest>
    <invasivepotential>invasive: not recommended</invasivepotential>
    <surfacerooting>can form large surface roots</surfacerooting>
    <availability>generally available</availability>
    <ozonesensitivity>unknown</ozonesensitivity>
  </other>
  <crowncanopy>
    <texture>medium</texture>
    <density>moderate</density>
    <shape>vase</shape>
    <uniformity>irregular</uniformity>
  </crowncanopy>
  <photographs>
    <entireplant>246576</entireplant>
    <flower>2182468</flower>
    <foliage>11578076</foliage>
  </photographs>
</tree>