<?xml version="1.0" encoding="UTF-8" standalone="no"?><tree>
  <foliage>
    <shape>orbiculate</shape>
    <summercolor>green</summercolor>
    <spiny>no</spiny>
    <type>simple</type>
    <arrangement>alternate</arrangement>
    <bladelength>2 to 4 inches</bladelength>
    <venation>palmate</venation>
    <fallcharacteristics>not showy</fallcharacteristics>
    <margin>cleft, lobed</margin>
    <fallcolor>no color change</fallcolor>
    <persistence>broadleaf evergreen, evergreen</persistence>
  </foliage>
  <rangemap>Range Map RM10A11</rangemap>
  <pestresistance>resistant to pests/diseases</pestresistance>
  <lifespan>25 to 50 years</lifespan>
  <culturetolerances>
    <saltspraytolerance>moderate</saltspraytolerance>
    <soilphtolerance>acidic, slightly alkaline</soilphtolerance>
    <lightrequirements>full sun</lightrequirements>
    <soilsalttolerance>unknown</soilsalttolerance>
    <droughttolerance>high</droughttolerance>
    <soildrainagetolerance>well-drained</soildrainagetolerance>
    <soiltexturetolerance>clay, sand, loam</soiltexturetolerance>
  </culturetolerances>
  <flower>
    <season>flowers in summer</season>
    <color>white/cream/gray</color>
    <fragrance>no</fragrance>
    <showiness>very showy</showiness>
  </flower>
  <planttype>tree</planttype>
  <factsheet>ST089</factsheet>
  <use>deck or patio, specimen, highway median, shade, recommended</use>
  <usdahardinesszone>10A-11</usdahardinesszone>
  <nativeorigin>
    <nativetonorthamerica>no</nativetonorthamerica>
    <recommendedfordryclimates>no</recommendedfordryclimates>
    <nativefloridacounty>Not Native to Florida</nativefloridacounty>
  </nativeorigin>
  <size>
    <height>15 to 25 feet</height>
    <maturespread>25 to 35 feet</maturespread>
    <maintainableheight>not suitable for clipping</maintainableheight>
    <matureheight>25 to 30 feet</matureheight>
    <spread>25 to 35 feet</spread>
  </size>
  <pestsanddiseases>&lt;p align="center"&gt;&lt;b&gt;&lt;u&gt;Pests and Diseases&lt;/u&gt;&lt;/b&gt;&lt;/p&gt;&lt;p align="left"&gt;

No pests or diseases are of major concern.  Potassium, magnesium and micronutrient deficiencies are common.  Orchid tree seeds itself into the landscape.  &lt;/p&gt;</pestsanddiseases>
  <trunkandbranches>
    <currentyeartwigcolor>brown</currentyeartwigcolor>
    <numberoftrunks>typically multi-trunked, can be trained to one trunk</numberoftrunks>
    <pruningrequirement>needed for strong structure</pruningrequirement>
    <showiness>not showy</showiness>
    <currentyeartwigthickness>thin, medium</currentyeartwigthickness>
    <trunkandbranchbreakage>susceptible to breakage</trunkandbranchbreakage>
    <woodspecificgravity>unknown</woodspecificgravity>
    <branchdrooping>branches droop</branchdrooping>
    <crownshaft>not applicable</crownshaft>
    <barkthickness>thick</barkthickness>
    <thorns>yes</thorns>
  </trunkandbranches>
  <fruit>
    <composition>dry or hard</composition>
    <attractiontowildlife>little</attractiontowildlife>
    <edible>no</edible>
    <shape>elongated, pod or pod-like</shape>
    <showiness>showy</showiness>
    <length>6 to 12 inches</length>
    <persistant>yes</persistant>
    <litter>fruit/leaves a litter problem</litter>
    <color>brown</color>
  </fruit>
  <name>
    <listingname>Brazilian Orchid-Tree, Orchid-Tree, Brazilian</listingname>
    <family>Leguminosae</family>
    <pronunciation>bah-HIN-ee-uh  for-fih-KAY-tuh</pronunciation>
    <species>forficata</species>
    <genus>Bauhinia</genus>
    <commonname>Brazilian Orchid-Tree</commonname>
  </name>
  <photographs>
  </photographs>
  <crowncanopy>
    <texture>medium</texture>
    <density>dense</density>
    <shape>vase, round, spreading</shape>
    <uniformity>symmetrical</uniformity>
  </crowncanopy>
  <other>
    <verticilliumwilt>unknown</verticilliumwilt>
    <outstandingtree>yes</outstandingtree>
    <winterinterest>no</winterinterest>
    <invasivepotential>not assessed or incomplete data</invasivepotential>
    <surfacerooting>not a problem</surfacerooting>
    <availability>rarely available</availability>
    <ozonesensitivity>unknown</ozonesensitivity>
  </other>
  <descriptivetext>&lt;p align="center"&gt;&lt;b&gt;&lt;em&gt;Bauhinia forficata &lt;/em&gt;Brazilian Orchid-Tree &lt;/b&gt;&lt;/p&gt;&lt;p align="left"&gt;

One of the hardiest of the bauhinias, Brazilian Orchid-Tree is a deciduous to semi-evergreen tree reaching 25 to 30 feet in height with interesting twisted ascending branches which droop at the ends, an often-leaning trunk, and large, bilobed, dark green leaves.  The beautiful, white, three to four-inch-wide, orchid-like blooms appear in abundance from spring through summer and are followed by flat, dark brown seed pods.  Brazilian Orchid-Tree makes a spectacular vase-shaped specimen, shade, or patio tree, or fits well into a mixed shrubbery border.  The trees vary in form when young from one individual to the next so uniform plantings are difficult to achieve.  Trees become more uniform and symmetrical as they grow older.  Probably too messy and sensitive to alkaline soil for a residential or downtown street tree but would grow well and be suited for a median strip where the debris would be washed away and less noticeable. &lt;/p&gt;&lt;p align="left"&gt;

Orchid trees benefit from some pruning early in their life to increase branchiness and to produce a form which will be suited for most landscapes.  Left unpruned, many trees are beautiful, forming multiple trunks and branches close to the ground which is fine for specimen use in a lawn area or other open-space landscapes.  Purchase trees with one trunk for parking lot or other urban landscapes where vehicular clearance will be necessary.  Be sure to train branches so they will grow up before they spread out.  If this is not done, lower branches will droop toward the ground and they may have to be removed, disfiguring the tree.  Orchid trees drop fruit, small branches and leaves periodically so some people consider it a messy tree.  But regularly fertilized in an acid soil, orchid tree is a wonderful flowering tree. &lt;/p&gt;&lt;p align="left"&gt;

Growing in full sun or high, shifting pine shade, orchid tree thrives in any well-drained soil but in alkaline soils will show interveinal chlorosis (yellowing) on the leaves.  Potassium deficiency shows up as necrosis, magnesium deficiency as chlorosis.  Although tolerant of some drought, Brazilian Orchid-Tree should receive some afternoon shade, or irrigation, in hot, dry weather to prevent the blooms from shrivelling up.  The flowers are followed by many brown, woody, 12-inch-long seed pods which fill the tree and could be considered unattractive on the tree in the winter and a nuisance when they drop. &lt;/p&gt;&lt;p align="left"&gt;

Propagation is by seed, suckers, layerings, or cuttings. &lt;/p&gt;</descriptivetext>
  <growthrate>moderate</growthrate>
</tree>