<?xml version="1.0" encoding="UTF-8" standalone="no"?><tree>
  <diseases>&lt;p align="center"&gt;&lt;b&gt;&lt;u&gt;Diseases&lt;/u&gt;&lt;/b&gt;&lt;/p&gt;&lt;p align="left"&gt;

No diseases are of major concern.  Interveinal chlorosis occurs on high pH soil from micronutrient deficiency. &lt;/p&gt;</diseases>
  <planttype>tree</planttype>
  <size>
    <height>25 to 50 feet</height>
    <maturespread>25 to 35 feet</maturespread>
    <maintainableheight>not suitable for clipping</maintainableheight>
    <matureheight>25 to 30 feet</matureheight>
    <spread>25 to 35 feet</spread>
  </size>
  <use>deck or patio, shade, specimen, reclamation, street without sidewalk, parking lot island &lt; 100 sq ft, parking lot island 100-200 sq ft, parking lot island &gt; 200 sq ft, tree lawn 3-4 feet wide, tree lawn 4-6 feet wide, tree lawn &gt; 6 ft wide, highway median, recommended</use>
  <flower>
    <season>flowers year-round</season>
    <color>white/cream/gray, purple, red, pink, yellow</color>
    <fragrance>no</fragrance>
    <showiness>very showy</showiness>
  </flower>
  <other>
    <verticilliumwilt>unknown</verticilliumwilt>
    <outstandingtree>no</outstandingtree>
    <winterinterest>yes</winterinterest>
    <invasivepotential>not assessed or incomplete data</invasivepotential>
    <surfacerooting>not a problem</surfacerooting>
    <availability>generally available</availability>
    <ozonesensitivity>unknown</ozonesensitivity>
  </other>
  <fruit>
    <composition>dry or hard</composition>
    <attractiontowildlife>little</attractiontowildlife>
    <edible>no</edible>
    <shape>elongated, pod or pod-like</shape>
    <showiness>showy</showiness>
    <length>6 to 12 inches</length>
    <persistant>yes</persistant>
    <litter>fruit/leaves a litter problem</litter>
    <color>brown</color>
  </fruit>
  <factsheet>ST091</factsheet>
  <growthrate>fast</growthrate>
  <crowncanopy>
    <texture>coarse</texture>
    <density>moderate</density>
    <shape>vase, round</shape>
    <uniformity>irregular</uniformity>
  </crowncanopy>
  <photographs>
    <entireplant>8934617</entireplant>
    <flower>6624448</flower>
    <fruit>1094727</fruit>
    <other>7345894</other>
  </photographs>
  <name>
    <listingname>Orchid-Tree</listingname>
    <family>Leguminosae</family>
    <pronunciation>bah-HIN-ee-uh  species</pronunciation>
    <species>spp.</species>
    <genus>Bauhinia</genus>
    <commonname>Orchid-Tree</commonname>
  </name>
  <trunkandbranches>
    <currentyeartwigcolor>brown</currentyeartwigcolor>
    <numberoftrunks>typically multi-trunked, can be trained to one trunk</numberoftrunks>
    <pruningrequirement>needed for strong structure</pruningrequirement>
    <showiness>not showy</showiness>
    <currentyeartwigthickness>thin, medium</currentyeartwigthickness>
    <trunkandbranchbreakage>susceptible to breakage</trunkandbranchbreakage>
    <woodspecificgravity>unknown</woodspecificgravity>
    <branchdrooping>branches droop</branchdrooping>
    <crownshaft>not applicable</crownshaft>
    <barkthickness>thick</barkthickness>
    <thorns>no</thorns>
  </trunkandbranches>
  <rangemap>Range Map RM9B11</rangemap>
  <descriptivetext>&lt;p align="center"&gt;&lt;b&gt;&lt;em&gt;Bauhinia &lt;/em&gt; spp.Orchid-Tree &lt;/b&gt;&lt;/p&gt;&lt;p align="left"&gt;

This deciduous to semi-evergreen tree has a vase-shaped, open canopy with lower branches removed made up of large, bilobed, light green, papery leaves.  Unpruned trees form a rounded crown.  The orchid-like blooms, in shades of purple, red, pink, white, or yellow, are three to four inches across and produced in abundance at various times of the year, depending upon species.  Orchid tree makes a spectacular specimen or shade tree or fits well into mixed shrubbery borders. &lt;/p&gt;&lt;p align="left"&gt;

Growing best in full sun or high, shifting pine shade, orchid tree thrives in any well-drained soil but in alkaline soils will show interveinal chlorosis (yellowing) on the leaves.  The flowers are followed by many brown, woody, 12-inch-long seed pods which are unattractive on the tree and a nuisance when they drop.  The wood tends to be weak and sprouts are often seen growing from the base of the tree creating an unkempt appearance.  Some people consider the fallen leaves messy because they are large and decompose slowly. &lt;/p&gt;&lt;p align="left"&gt;

In flower, orchid tree makes a beautiful street tree affect with foliage and flowers arching over the road.  However, the drooping branches must be removed as they develop, to allow for vehicle clearance beneath.  Because sprouts will have to be removed regularly and the tree is bare for a month or two, this is considered by many to be a high-maintenance tree not suited for large-scale street tree planting.  But it is a tough tree growing in most soils with pH below 7.5.   &lt;/p&gt;&lt;p align="left"&gt;

Many species, cultivars, and varieties are available.   &lt;em&gt;Bauhinia blakeana &lt;/em&gt;, the Hong Kong Orchid-Tree, is seedless and would not present such a litter problem.  It is also the most spectacular and most wanted  &lt;em&gt;Bauhinia &lt;/em&gt; spp., bearing six-inch, orchid-like flowers of rich reddish or rose purple during the winter but is very tender to freezing temperatures.   &lt;em&gt;Bauhinia variegata &lt;/em&gt;, most popular, produces in winter and spring most nearly orchid-like blossoms of purplish casts or pure white in cultivar `Candida'.   &lt;em&gt;Bauhinia purpurea &lt;/em&gt;, most variable, produces narrow-petaled, red-purple to blue-purple flowers in late fall and early winter while leaves are on the trees.   &lt;em&gt;Bauhinia monandra &lt;/em&gt; produces pink, single-stamened flowers all summer.   &lt;em&gt;Bauhinia acuminata &lt;/em&gt; also blooms all summer but with white flowers.   &lt;em&gt;Bauhinia aculeata &lt;/em&gt;, with white flowers, is hardy as far north as hardiness USDA hardiness zone 8b but has a tendency to produce many root suckers. &lt;/p&gt;&lt;p align="left"&gt;

Propagation is by seeds, or cuttings for the rare types. &lt;/p&gt;</descriptivetext>
  <pestresistance>free of serious pests and diseases</pestresistance>
  <foliage>
    <shape>orbiculate</shape>
    <summercolor>green</summercolor>
    <spiny>no</spiny>
    <type>simple</type>
    <arrangement>alternate</arrangement>
    <bladelength>2 to 4 inches</bladelength>
    <venation>palmate</venation>
    <fallcharacteristics>not showy</fallcharacteristics>
    <margin>cleft, lobed</margin>
    <fallcolor>no color change</fallcolor>
    <persistence>deciduous, semi-evergreen, evergreen</persistence>
  </foliage>
  <pests>&lt;p align="center"&gt;&lt;b&gt;&lt;u&gt;Pests&lt;/u&gt;&lt;/b&gt;&lt;/p&gt;&lt;p align="left"&gt;

Chewing insects and borers may present a problem for Orchid-Tree. &lt;/p&gt;</pests>
  <usdahardinesszone>9B-11</usdahardinesszone>
  <culturetolerances>
    <saltspraytolerance>moderate</saltspraytolerance>
    <soilphtolerance>acidic, slightly alkaline</soilphtolerance>
    <lightrequirements>full sun, partial sun or partial shade</lightrequirements>
    <soilsalttolerance>unknown</soilsalttolerance>
    <droughttolerance>high</droughttolerance>
    <soildrainagetolerance>well-drained</soildrainagetolerance>
    <soiltexturetolerance>clay, sand, loam</soiltexturetolerance>
  </culturetolerances>
  <nativeorigin>
    <nativetonorthamerica>no</nativetonorthamerica>
    <recommendedfordryclimates>no</recommendedfordryclimates>
    <nativefloridacounty>Not Native to Florida</nativefloridacounty>
  </nativeorigin>
  <lifespan>25 to 50 years</lifespan>
</tree>