<?xml version="1.0" encoding="UTF-8" standalone="no"?><tree>
  <diseases>&lt;p align="center"&gt;&lt;b&gt;&lt;u&gt;Diseases&lt;/u&gt;&lt;/b&gt;&lt;/p&gt;&lt;p align="left"&gt;

Several fungi cause canker diseases on birch.  These diseases infect and kill sapwood causing sunken areas on the trunk and larger branches.  There is no chemical control for canker diseases.  Preventive measures include keeping the tree healthy and avoiding wounding.  Regular fertilization will keep birches vigorous and more resistant to cankers.  Water in dry weather to prevent water stress. &lt;/p&gt;&lt;p align="left"&gt;

Dieback is characterized by a slow death of the branches.  The tree crown accumulates dead branches.  Injury caused by bronze birch borer is similar but far more prevalent.  Prevent dieback by maintaining tree vigor with water and fertilizer.  When the disease does occur prune out dead branches and increase tree vigor. &lt;/p&gt;&lt;p align="left"&gt;

Several fungi also cause leaf spots which, when severe, can cause defoliation. &lt;/p&gt;</diseases>
  <planttype>tree</planttype>
  <size>
    <height>50 to 75 feet</height>
    <maturespread>20 to 35 feet</maturespread>
    <maintainableheight>not suitable for clipping</maintainableheight>
    <matureheight>45 to 60 feet</matureheight>
    <spread>25 to 35 feet</spread>
  </size>
  <use>specimen, recommended</use>
  <flower>
    <season>flowers in spring</season>
    <color>brown, green</color>
    <fragrance>no</fragrance>
    <showiness>showy</showiness>
  </flower>
  <other>
    <verticilliumwilt>resistant</verticilliumwilt>
    <outstandingtree>no</outstandingtree>
    <winterinterest>yes</winterinterest>
    <invasivepotential>native to North America</invasivepotential>
    <surfacerooting>not a problem</surfacerooting>
    <availability>somewhat available</availability>
    <ozonesensitivity>unknown</ozonesensitivity>
  </other>
  <fruit>
    <composition>dry or hard</composition>
    <attractiontowildlife>attracts birds</attractiontowildlife>
    <edible>no</edible>
    <shape>elongated</shape>
    <showiness>not showy</showiness>
    <length>1 to 3 inches</length>
    <persistant>no</persistant>
    <litter>fruit/leaves not a litter problem</litter>
    <color>brown</color>
  </fruit>
  <factsheet>ST096</factsheet>
  <growthrate>moderate</growthrate>
  <crowncanopy>
    <texture>fine</texture>
    <density>moderate</density>
    <shape>oval</shape>
    <uniformity>irregular</uniformity>
  </crowncanopy>
  <photographs>
    <entireplant>3311656</entireplant>
    <fall>10855736</fall>
    <other>7083158</other>
    <foliage>2063625</foliage>
    <trunk>14834134</trunk>
  </photographs>
  <name>
    <listingname>Paper Birch, Canoe Birch, Birch, Paper, Birch, Canoe</listingname>
    <family>Betulaceae</family>
    <pronunciation>BET-yoo-luh  pap-ih-RIFF-er-uh</pronunciation>
    <species>papyrifera</species>
    <genus>Betula</genus>
    <commonname>Paper Birch, Canoe Birch</commonname>
  </name>
  <trunkandbranches>
    <currentyeartwigcolor>reddish, brown</currentyeartwigcolor>
    <numberoftrunks>typically one trunk</numberoftrunks>
    <pruningrequirement>needed for strong structure</pruningrequirement>
    <showiness>very showy</showiness>
    <currentyeartwigthickness>thin</currentyeartwigthickness>
    <trunkandbranchbreakage>resistant</trunkandbranchbreakage>
    <woodspecificgravity>0.55</woodspecificgravity>
    <branchdrooping>branches don't droop</branchdrooping>
    <crownshaft>not applicable</crownshaft>
    <barkthickness>thick</barkthickness>
    <thorns>no</thorns>
  </trunkandbranches>
  <rangemap>Range Map RM3A6B</rangemap>
  <descriptivetext>&lt;p align="center"&gt;&lt;b&gt;&lt;em&gt;Betula papyrifera &lt;/em&gt;Paper Birch, Canoe Birch &lt;/b&gt;&lt;/p&gt;&lt;p align="left"&gt;

A native to northern areas that is grown for its beautiful white bark.  An additional ornamental trait is the yellow fall leaf color.  The tree is best adapted to wet and moist sites -- watch out for pests if grown in an unsuitable site.  The tree will grow to 50 feet or more and spread about half that amount.  Paper birch has excellent cold tolerance and will grow in USDA hardiness zone 2.  It is rarely successful in zones warmer than USDA hardiness zone six.  In landscapes it may be grown as a single stemmed tree or in a multi-stemmed clump. &lt;/p&gt;</descriptivetext>
  <pestresistance>sensitive to pests/diseases</pestresistance>
  <foliage>
    <shape>ovate</shape>
    <summercolor>green</summercolor>
    <spiny>no</spiny>
    <type>simple</type>
    <arrangement>alternate</arrangement>
    <bladelength>2 to 4 inches</bladelength>
    <venation>pinnate</venation>
    <fallcharacteristics>showy</fallcharacteristics>
    <margin>double serrate</margin>
    <fallcolor>yellow</fallcolor>
    <persistence>deciduous</persistence>
  </foliage>
  <pests>&lt;p align="center"&gt;&lt;b&gt;&lt;u&gt;Pests&lt;/u&gt;&lt;/b&gt;&lt;/p&gt;&lt;p align="left"&gt;

A light aphid infestation may not be serious but heavy infestations cause distorted and stunted growth and produce large amounts of honeydew.  The honeydew serves as a substrate for sooty mold. &lt;/p&gt;&lt;p align="left"&gt;

Birch skeletonizer feeding causes leaf browning.  The skeletonizer larva is yellowish-green and one quarter-inch-long. &lt;/p&gt;&lt;p align="left"&gt;

Birch leaf miner is a common insect pest of birch.  A small white worm eats out the middle of the leaf which turns brown.  Severe attacks of birch leaf miner predispose trees to bronze birch borer infestation.  The insect shows up in mid May but timing can vary from one year to the next, and will vary according to your location in the country.  The first of two generations per year is the most damaging. &lt;/p&gt;&lt;p align="left"&gt;

The most serious pest of landscape birches is bronze birch borer.  Stressed trees are most susceptible to borer attacks.  The insect bores in the sapwood, beginning in the top third of the tree, causing death of the tree crown.  The tunnels are slightly raised and faintly rust colored.  Emergence holes in the trunk are shaped like capital D's.  Keep the trees healthy by controlling other insects, fertilizing, and watering as needed.  Chemical control is applied to the trunk and main branches.  Timing of the first spray will vary from year to year depending on weather conditions.  A commercial sprayer may be needed to apply the spray adequately. &lt;/p&gt;</pests>
  <usdahardinesszone>3A-6B</usdahardinesszone>
  <culturetolerances>
    <saltspraytolerance>moderate</saltspraytolerance>
    <soilphtolerance>acidic, slightly alkaline</soilphtolerance>
    <lightrequirements>full sun, partial sun or partial shade</lightrequirements>
    <soilsalttolerance>good</soilsalttolerance>
    <droughttolerance>moderate</droughttolerance>
    <soildrainagetolerance>occasionally wet, well-drained</soildrainagetolerance>
    <soiltexturetolerance>clay, sand, loam</soiltexturetolerance>
  </culturetolerances>
  <nativeorigin>
    <nativestate>North Carolina, Alaska, Washington, Oregon, Idaho, Montana, Wyoming, Colorado, North Dakota, South Dakota, Nebraska, Minnesota, Wisconsin, Iowa, Illinois, Indiana, Michigan, Ohio, West Virginia, Virginia, North Carolina, Pennsylvania, New York, Maryland, Vermont, New Hampshire, Maine, Massachusetts, Rhode Island, Connecticut</nativestate>
    <nativetonorthamerica>yes</nativetonorthamerica>
    <recommendedfordryclimates>no</recommendedfordryclimates>
    <nativefloridacounty>Not Native to Florida</nativefloridacounty>
  </nativeorigin>
  <lifespan>less than 25 years</lifespan>
</tree>