<?xml version="1.0" encoding="UTF-8" standalone="no"?><tree>
  <other>
    <verticilliumwilt>resistant</verticilliumwilt>
    <outstandingtree>yes</outstandingtree>
    <winterinterest>yes</winterinterest>
    <invasivepotential>not a problem species</invasivepotential>
    <surfacerooting>not a problem</surfacerooting>
    <availability>generally available</availability>
    <ozonesensitivity>unknown</ozonesensitivity>
  </other>
  <fruit>
    <composition>dry or hard</composition>
    <attractiontowildlife>little</attractiontowildlife>
    <edible>no</edible>
    <shape>elongated</shape>
    <showiness>not showy</showiness>
    <length>1 to 3 inches</length>
    <persistant>no</persistant>
    <litter>fruit/leaves not a litter problem</litter>
    <color>brown</color>
  </fruit>
  <foliage>
    <shape>rhomboid, ovate</shape>
    <summercolor>green</summercolor>
    <spiny>no</spiny>
    <type>simple</type>
    <arrangement>alternate</arrangement>
    <bladelength>2 to 4 inches</bladelength>
    <venation>pinnate</venation>
    <fallcharacteristics>showy</fallcharacteristics>
    <margin>double serrate</margin>
    <fallcolor>yellow</fallcolor>
    <persistence>deciduous</persistence>
  </foliage>
  <crowncanopy>
    <texture>fine</texture>
    <density>dense</density>
    <shape>oval, pyramidal</shape>
    <uniformity>symmetrical</uniformity>
  </crowncanopy>
  <trunkandbranches>
    <currentyeartwigcolor>reddish, brown</currentyeartwigcolor>
    <numberoftrunks>typically one trunk</numberoftrunks>
    <pruningrequirement>little required</pruningrequirement>
    <showiness>very showy</showiness>
    <currentyeartwigthickness>thin</currentyeartwigthickness>
    <trunkandbranchbreakage>resistant</trunkandbranchbreakage>
    <woodspecificgravity>unknown</woodspecificgravity>
    <branchdrooping>branches droop</branchdrooping>
    <crownshaft>not applicable</crownshaft>
    <barkthickness>thick</barkthickness>
    <thorns>no</thorns>
  </trunkandbranches>
  <planttype>tree</planttype>
  <use>screen, shade, specimen, deck or patio, recommended</use>
  <lifespan>less than 25 years</lifespan>
  <size>
    <height>25 to 50 feet</height>
    <maturespread>20 to 30 feet</maturespread>
    <maintainableheight>not suitable for clipping</maintainableheight>
    <matureheight>30 to 40 feet</matureheight>
    <spread>15 to 25 feet</spread>
  </size>
  <culturetolerances>
    <saltspraytolerance>low</saltspraytolerance>
    <soilphtolerance>acidic</soilphtolerance>
    <lightrequirements>full sun, partial sun or partial shade</lightrequirements>
    <soilsalttolerance>moderate</soilsalttolerance>
    <droughttolerance>moderate</droughttolerance>
    <soildrainagetolerance>occasionally wet, well-drained</soildrainagetolerance>
    <soiltexturetolerance>clay, sand, loam</soiltexturetolerance>
  </culturetolerances>
  <usdahardinesszone>5B-7B</usdahardinesszone>
  <pestresistance>sensitive to pests/diseases</pestresistance>
  <growthrate>moderate</growthrate>
  <photographs>
    <entireplant>12374052</entireplant>
    <foliage>11339443</foliage>
    <trunk>6278461</trunk>
  </photographs>
  <flower>
    <season>flowers in winter, flowers in spring</season>
    <color>brown</color>
    <fragrance>no</fragrance>
    <showiness>not showy</showiness>
  </flower>
  <name>
    <listingname>Jacquemontii Birch, Whitebarked Himilayan Birch, Birch, Jacquemontii, Birch, Whitebarked Himilayan</listingname>
    <family>Betulaceae</family>
    <pronunciation>BET-yoo-luh  YOO-tih-liss  variety  jack-MAWN-tee-eye</pronunciation>
    <species>utilis var. jacquemontii</species>
    <genus>Betula</genus>
    <commonname>Jacquemontii Birch, Whitebarked Himilayan Birch</commonname>
  </name>
  <rangemap>Range Map RM5B7B</rangemap>
  <nativeorigin>
    <nativetonorthamerica>no</nativetonorthamerica>
    <recommendedfordryclimates>no</recommendedfordryclimates>
    <nativefloridacounty>Not Native to Florida</nativefloridacounty>
  </nativeorigin>
</tree>