<?xml version="1.0" encoding="UTF-8" standalone="no"?><tree>
  <foliage>
    <shape>ovate</shape>
    <summercolor>green</summercolor>
    <spiny>no</spiny>
    <type>simple</type>
    <arrangement>alternate</arrangement>
    <bladelength>2 to 4 inches</bladelength>
    <venation>pinnate</venation>
    <fallcharacteristics>showy</fallcharacteristics>
    <margin>double serrate</margin>
    <fallcolor>yellow</fallcolor>
    <persistence>deciduous</persistence>
  </foliage>
  <pestresistance>sensitive to pests/diseases</pestresistance>
  <lifespan>25 to 50 years</lifespan>
  <culturetolerances>
    <saltspraytolerance>unknown</saltspraytolerance>
    <soilphtolerance>acidic, slightly alkaline</soilphtolerance>
    <lightrequirements>partial sun or partial shade, full sun</lightrequirements>
    <soilsalttolerance>unknown</soilsalttolerance>
    <droughttolerance>moderate</droughttolerance>
    <soildrainagetolerance>well-drained, occasionally wet</soildrainagetolerance>
    <soiltexturetolerance>sand, loam, clay</soiltexturetolerance>
  </culturetolerances>
  <flower>
    <season>flowers in spring</season>
    <color>green, yellow</color>
    <fragrance>no</fragrance>
    <showiness>not showy</showiness>
  </flower>
  <diseases/>
  <planttype>tree</planttype>
  <use>specimen</use>
  <usdahardinesszone>3A-7B</usdahardinesszone>
  <nativeorigin>
    <nativestate>Connecticut, Georgia, Illinois, Kentucky, Massachusetts, Maine, Michigan, Minnesota, North Carolina, New Hampshire, New Jersey, New York, Ohio, Pennsylvania, Rhode Island, South Carolina, Tennessee, Virginia, Vermont, Wisconsin, West Virginia</nativestate>
    <nativetonorthamerica>yes</nativetonorthamerica>
    <recommendedfordryclimates>yes</recommendedfordryclimates>
    <nativefloridacounty>Not Native to Florida</nativefloridacounty>
  </nativeorigin>
  <size>
    <height>over 75 feet</height>
    <maturespread>35 to 50 feet</maturespread>
    <maintainableheight>not suitable for clipping</maintainableheight>
    <matureheight>60 to 90 feet</matureheight>
    <spread>35 to 50 feet</spread>
  </size>
  <factsheet/>
  <trunkandbranches>
    <currentyeartwigcolor>green</currentyeartwigcolor>
    <numberoftrunks>typically one trunk</numberoftrunks>
    <pruningrequirement>little required</pruningrequirement>
    <showiness>showy</showiness>
    <currentyeartwigthickness>medium</currentyeartwigthickness>
    <trunkandbranchbreakage>resistant</trunkandbranchbreakage>
    <woodspecificgravity>unknown</woodspecificgravity>
    <branchdrooping>branches don't droop</branchdrooping>
    <crownshaft>not applicable</crownshaft>
    <barkthickness>thin bark</barkthickness>
    <thorns>no</thorns>
  </trunkandbranches>
  <pests/>
  <fruit>
    <composition>dry or hard</composition>
    <attractiontowildlife>attracts birds</attractiontowildlife>
    <edible>no</edible>
    <shape>cone, oval</shape>
    <showiness>not showy</showiness>
    <length>unknown</length>
    <persistant>no</persistant>
    <litter>fruit/leaves not a litter problem</litter>
    <color>brown</color>
  </fruit>
  <name>
    <listingname>Swamp Birch, Yellow Birch</listingname>
    <family>Betulaceae</family>
    <pronunciation>BETCH-oo-luh ah-leh-GAY-nee-en-sus</pronunciation>
    <species>alleghaniensis</species>
    <genus>Betula</genus>
    <cultivar/>
    <commonname>Swamp Birch, Yellow Birch</commonname>
  </name>
  <photographs>
    <entireplant>6058714</entireplant>
    <foliage>8900382</foliage>
    <trunk>11594732</trunk>
  </photographs>
  <crowncanopy>
    <texture>medium</texture>
    <density>moderate</density>
    <shape>oval</shape>
    <uniformity>irregular</uniformity>
  </crowncanopy>
  <other>
    <verticilliumwilt>unknown</verticilliumwilt>
    <outstandingtree>yes</outstandingtree>
    <winterinterest>no</winterinterest>
    <invasivepotential>not a problem species</invasivepotential>
    <surfacerooting>unknown</surfacerooting>
    <availability>generally available</availability>
    <ozonesensitivity>unknown</ozonesensitivity>
  </other>
  <descriptivetext>&lt;p align="left"&gt;

Culture Notes&lt;/p&gt;&lt;p align="left"&gt;

A graceful but short lived tree.  Best growth is on well-drained fertile loams and sandy loams that retain some moisture. Grows fairly well in poorly drained soil only because other species are not as able to compete. Performs best on northeast slopes than southwest slopes. Prefers lower elevations.&lt;/p&gt;&lt;p align="left"&gt;

&lt;/p&gt;&lt;p align="left"&gt;

Valuable timber tree that is suited for the mountainous regions within its hardiness range.  Adapts to drought and and does not tolerate drought or flooding. Inner bark smells of wintergreen. Its pendant branches along with tolerance to wind and ice makes it suitable for the Northern climates.  Reports of damage from ice loads range from good to terrible. Trees provide good browse for deer and other wildlife. Birch pollen causes significant allergy in some people but pollen is produced for only a short period and in small amounts.&lt;/p&gt;</descriptivetext>
  <growthrate>slow</growthrate>
</tree>