<?xml version="1.0" encoding="UTF-8" standalone="no"?><tree>
  <diseases>&lt;p align="center"&gt;&lt;b&gt;&lt;u&gt;Diseases&lt;/u&gt;&lt;/b&gt;&lt;/p&gt;&lt;p align="left"&gt;

Several fungi cause canker diseases on birch.  These diseases infect and kill sapwood causing sunken areas on the trunk and larger branches.  There is no chemical control for canker diseases.  Preventive measures include keeping the tree healthy and avoiding wounding.  Regular fertilization will keep birches vigorous and more resistant to cankers.  Water in dry weather to prevent water stress. &lt;/p&gt;&lt;p align="left"&gt;

Dieback is characterized by a slow death of the branches.  The tree crown accumulates dead branches.  Injury caused by bronze birch borer is similar but far more prevalent.  Prevent dieback by maintaining tree vigor with water and fertilizer.  When the disease does occur prune out dead branches and increase tree vigor. &lt;/p&gt;&lt;p align="left"&gt;

Several fungi also cause leaf spots which, when severe, can cause defoliation. &lt;/p&gt;</diseases>
  <planttype>tree</planttype>
  <size>
    <height>15 to 25 feet</height>
    <maturespread>15 to 25 feet</maturespread>
    <maintainableheight>not suitable for clipping</maintainableheight>
    <matureheight>12 to 20 feet</matureheight>
    <spread>15 to 25 feet</spread>
  </size>
  <use>deck or patio, specimen, shade, recommended</use>
  <flower>
    <season>flowers in spring</season>
    <color>brown</color>
    <fragrance>no</fragrance>
    <showiness>showy</showiness>
  </flower>
  <other>
    <verticilliumwilt>resistant</verticilliumwilt>
    <outstandingtree>no</outstandingtree>
    <winterinterest>yes</winterinterest>
    <invasivepotential>not a problem species</invasivepotential>
    <surfacerooting>not a problem</surfacerooting>
    <availability>generally available</availability>
    <ozonesensitivity>unknown</ozonesensitivity>
  </other>
  <fruit>
    <composition>dry or hard</composition>
    <attractiontowildlife>attracts birds</attractiontowildlife>
    <edible>no</edible>
    <shape>elongated</shape>
    <showiness>not showy</showiness>
    <length>.5 to 1 inch, 1 to 3 inches</length>
    <persistant>no</persistant>
    <litter>fruit/leaves not a litter problem</litter>
    <color>brown</color>
  </fruit>
  <factsheet>ST098</factsheet>
  <growthrate>slow</growthrate>
  <crowncanopy>
    <texture>fine</texture>
    <density>moderate</density>
    <shape>weeping</shape>
    <uniformity>irregular</uniformity>
  </crowncanopy>
  <photographs>
    <entireplant>11875771</entireplant>
    <foliage>14361936</foliage>
    <trunk>3371031</trunk>
  </photographs>
  <name>
    <listingname>`Youngii' European Birch, Birch, `Youngii' European</listingname>
    <family>Betulaceae</family>
    <pronunciation>BET-yoo-luh  PEND-yoo-luh</pronunciation>
    <species>pendula</species>
    <genus>Betula</genus>
    <cultivar>'Youngii'</cultivar>
    <commonname>'Youngii' European Birch</commonname>
  </name>
  <trunkandbranches>
    <currentyeartwigcolor>brown</currentyeartwigcolor>
    <numberoftrunks>typically multi-trunked, can be trained to one trunk</numberoftrunks>
    <pruningrequirement>needed for strong structure</pruningrequirement>
    <showiness>not showy</showiness>
    <currentyeartwigthickness>thin</currentyeartwigthickness>
    <trunkandbranchbreakage>resistant</trunkandbranchbreakage>
    <woodspecificgravity>unknown</woodspecificgravity>
    <branchdrooping>branches droop</branchdrooping>
    <crownshaft>not applicable</crownshaft>
    <barkthickness>thick</barkthickness>
    <thorns>no</thorns>
  </trunkandbranches>
  <rangemap>Range Map RM3A6B</rangemap>
  <descriptivetext>&lt;p align="center"&gt;&lt;b&gt;&lt;em&gt;Betula pendula &lt;/em&gt; `Youngii' `Youngii' European Birch &lt;/b&gt;&lt;/p&gt;&lt;p align="left"&gt;

Youngs Weeping European Birch is graceful, weeping ornamental with wonderful yellow fall color but is susceptible to fatal attacks of bronze birch borer.  The leaves are often browned by birch leaf miner.  When grown, plan to provide the necessary insect control and provide the necessary cultural conditions for best growth.  It grows moderately with a variable height depending on how it was trained.  Some specimens appear sloppy, others more tailored.  Lawn grasses grow fairly well in its light shade.  A moist soil and a regular fertilization program plus watering in dry weather are suggested.  Although popular, the tree requires more care and spraying than other ornamental trees.  Not a low maintenance tree.  Maintaining a good mulch around the root zone is helpful for best growth. &lt;/p&gt;&lt;p align="left"&gt;

Several cultivars are listed but these too will have pest problems: `Dalecarlica' - deeply lobed leaves on pendulous branches; `Laciniata' - cut leaves; `Fastigiata'- upright growth habit; `Purple Splendor'(purpurea), `Scarlet Glory' - purple leaves; `Tristis' - weeping habit; `Youngii'- weeping habit. &lt;/p&gt;</descriptivetext>
  <pestresistance>sensitive to pests/diseases</pestresistance>
  <foliage>
    <shape>rhomboid, ovate</shape>
    <summercolor>green</summercolor>
    <spiny>no</spiny>
    <type>simple</type>
    <arrangement>alternate</arrangement>
    <bladelength>less than 2 inches, 2 to 4 inches</bladelength>
    <venation>pinnate</venation>
    <fallcharacteristics>showy</fallcharacteristics>
    <margin>double serrate</margin>
    <fallcolor>yellow</fallcolor>
    <persistence>deciduous</persistence>
  </foliage>
  <pests>&lt;p align="center"&gt;&lt;b&gt;&lt;u&gt;Pests&lt;/u&gt;&lt;/b&gt;&lt;/p&gt;&lt;p align="left"&gt;

A light aphid infestation may not be serious but heavy infestations cause distorted and stunted growth and produce large amounts of honeydew.  The honeydew serves as a substrate for sooty mold. &lt;/p&gt;&lt;p align="left"&gt;

Birch skeletonizer feeding causes leaf browning.  The skeletonizer larva is yellowish-green and one quarter-inch-long. &lt;/p&gt;&lt;p align="left"&gt;

Birch leaf miner is a common insect pest of birch.  A small white worm eats out the middle of the leaf which turns brown.  Severe attacks of birch leaf miner predispose trees to bronze birch borer infestation.  The insect shows up in mid May but timing can vary from one year to the next, and will vary according to your location in the country.  The first of two generations per year is the most damaging. &lt;/p&gt;&lt;p align="left"&gt;

The most serious pest of landscape white birches is bronze birch borer.  Stressed trees are most susceptible to borer attacks.  The insect bores in the sapwood, beginning in the top third of the tree, causing death of the tree crown.  The tunnels are slightly raised and faintly rust colored.  Emergence holes in the trunk are shaped like capital D's. Keep the trees healthy by controlling other insects, fertilizing, and watering as needed. Chemical control is applied to the trunk and main branches.  Timing of the first spray will vary from year to year depending on weather conditions.  A commercial sprayer may be needed to apply the spray adequately. &lt;/p&gt;</pests>
  <usdahardinesszone>3A-6B</usdahardinesszone>
  <culturetolerances>
    <saltspraytolerance>moderate</saltspraytolerance>
    <soilphtolerance>acidic</soilphtolerance>
    <lightrequirements>full sun</lightrequirements>
    <soilsalttolerance>moderate</soilsalttolerance>
    <droughttolerance>moderate</droughttolerance>
    <soildrainagetolerance>well-drained</soildrainagetolerance>
    <soiltexturetolerance>sand, loam, clay</soiltexturetolerance>
  </culturetolerances>
  <nativeorigin>
    <nativetonorthamerica>no</nativetonorthamerica>
    <recommendedfordryclimates>no</recommendedfordryclimates>
    <nativefloridacounty>Not Native to Florida</nativefloridacounty>
  </nativeorigin>
  <lifespan>less than 25 years</lifespan>
</tree>