<?xml version="1.0" encoding="UTF-8" standalone="no"?><tree>
  <diseases>&lt;p align="center"&gt;&lt;b&gt;&lt;u&gt;Diseases&lt;/u&gt;&lt;/b&gt;&lt;/p&gt;&lt;p align="left"&gt;

Leaf spots; chlorosis on soils with a high pH. &lt;/p&gt;</diseases>
  <planttype>tree</planttype>
  <size>
    <height>25 to 50 feet</height>
    <maturespread>25 to 35 feet</maturespread>
    <maintainableheight>not suitable for clipping</maintainableheight>
    <matureheight>40 to 50 feet</matureheight>
    <spread>25 to 35 feet</spread>
  </size>
  <use>hedge, street without sidewalk, screen, shade, specimen, deck or patio, recommended</use>
  <flower>
    <season>flowers in winter, flowers in spring</season>
    <color>brown</color>
    <fragrance>no</fragrance>
    <showiness>not showy</showiness>
  </flower>
  <other>
    <verticilliumwilt>resistant</verticilliumwilt>
    <outstandingtree>yes</outstandingtree>
    <winterinterest>yes</winterinterest>
    <invasivepotential>native to North America</invasivepotential>
    <surfacerooting>not a problem</surfacerooting>
    <availability>generally available</availability>
    <ozonesensitivity>tolerant</ozonesensitivity>
  </other>
  <fruit>
    <composition>dry or hard</composition>
    <attractiontowildlife>little</attractiontowildlife>
    <edible>no</edible>
    <shape>elongated</shape>
    <showiness>not showy</showiness>
    <length>1 to 3 inches</length>
    <persistant>no</persistant>
    <litter>fruit/leaves not a litter problem</litter>
    <color>brown</color>
  </fruit>
  <factsheet>ST094</factsheet>
  <growthrate>fast</growthrate>
  <crowncanopy>
    <texture>medium</texture>
    <density>dense</density>
    <shape>upright/erect, pyramidal, oval</shape>
    <uniformity>symmetrical</uniformity>
  </crowncanopy>
  <photographs>
    <entireplant>10380637</entireplant>
    <flower>2168978</flower>
    <foliage>9484618</foliage>
    <trunk>10276555</trunk>
  </photographs>
  <name>
    <listingname>'Dura Heat R' River Birch, Birch, River</listingname>
    <family>Betulaceae</family>
    <pronunciation>BET-yoo-luh  NYE-gruh</pronunciation>
    <species>nigra</species>
    <genus>Betula</genus>
    <cultivar>'Dura Heat R'</cultivar>
    <commonname>River Birch</commonname>
  </name>
  <trunkandbranches>
    <currentyeartwigcolor>reddish, brown</currentyeartwigcolor>
    <numberoftrunks>typically multi-trunked, can be trained to one trunk</numberoftrunks>
    <pruningrequirement>little required</pruningrequirement>
    <showiness>very showy</showiness>
    <currentyeartwigthickness>thin</currentyeartwigthickness>
    <trunkandbranchbreakage>resistant</trunkandbranchbreakage>
    <woodspecificgravity>unknown</woodspecificgravity>
    <branchdrooping>branches droop</branchdrooping>
    <crownshaft>not applicable</crownshaft>
    <barkthickness>thick</barkthickness>
    <thorns>no</thorns>
  </trunkandbranches>
  <rangemap>Range Map RM4A9A</rangemap>
  <descriptivetext>&lt;p align="center"&gt;&lt;b&gt;&lt;em&gt;Betula nigra &lt;/em&gt;River Birch &lt;/b&gt;&lt;/p&gt;&lt;p align="left"&gt;

River birch can grow 50 to 90 feet tall but is often seen 40 to 50 feet.  It normally grows with a central leader and small-diameter, dark-colored lateral branches.  It has a narrow, oval to pyramidal crown when young, spreading wider with age as several branches become dominant.  It lacks the white trunk bark associated with other birches but is distinguished by reddish, brown bark peeling off in film-like papery curls providing interest all year round.  River birch can be easily trained with one central leader or as a multi-stemmed tree.  Some nurseries plant two or three trees together to form a clump, but these trunks will not fuse into one strong trunk.  Should be grown more as a single-trunked specimen.  Branches droop particularly when they are wet, so regular pruning in the early years will be required to remove lower branches when they are located close to areas where clearance is needed for vehicular traffic. &lt;/p&gt;&lt;p align="left"&gt;

It is very well-suited for planting along steam banks where it is native and in other areas which are inundated for weeks.  River birch tolerates low soil oxygen, flooding, and clay soil but needs moist conditions.  The tree requires an acid soil, otherwise it becomes chlorotic.  River birch is hardy, grows rapidly, but tends to be short-lived (30 to 40 years) in many urban settings, possibly due to inadequate water supply.  Situate the tree so it receives adequate water.  Large trees are prone to trunk decay.  Not a tree to plant and forget due to irrigation requirement. &lt;/p&gt;&lt;p align="left"&gt;

The tree is not as susceptible to bronze birch borer as are other birches.  It is not particularly adapted to heat but can make a nice tree in USDA hardiness zone 8b, possibly 9a, if provided with irrigation and plenty of soil space.  Not for confined street tree pits or tree lawns in the south.  The yellow fall color display is of short duration. &lt;/p&gt;&lt;p align="left"&gt;

The cultivar `Heritage' grows 50 feet tall, has an oval shape, and scaly bark that is beige in color and is the closest to a paper white birch that will survive in hot areas; it grows from Minnesota to Florida.  It is also tolerant of poor drainage.  It is reportedly resistant to bronze birch borer and unlike most birches it is resistant to leaf spot.  It is more vigorous than the species. &lt;/p&gt;</descriptivetext>
  <pestresistance>resistant to pests/diseases</pestresistance>
  <foliage>
    <shape>rhomboid, ovate</shape>
    <summercolor>green</summercolor>
    <spiny>no</spiny>
    <type>simple</type>
    <arrangement>alternate</arrangement>
    <bladelength>2 to 4 inches</bladelength>
    <venation>pinnate</venation>
    <fallcharacteristics>showy</fallcharacteristics>
    <margin>double serrate</margin>
    <fallcolor>yellow</fallcolor>
    <persistence>deciduous</persistence>
  </foliage>
  <pests>&lt;p align="center"&gt;&lt;b&gt;&lt;u&gt;Pests&lt;/u&gt;&lt;/b&gt;&lt;/p&gt;&lt;p align="left"&gt;

No pests are of major concern.  Resistant to bronze birch borer. &lt;/p&gt;</pests>
  <usdahardinesszone>4A-9A</usdahardinesszone>
  <culturetolerances>
    <saltspraytolerance>low</saltspraytolerance>
    <soilphtolerance>acidic, slightly alkaline</soilphtolerance>
    <lightrequirements>full sun, partial sun or partial shade</lightrequirements>
    <soilsalttolerance>moderate</soilsalttolerance>
    <droughttolerance>moderate</droughttolerance>
    <soildrainagetolerance>extended flooding, well-drained</soildrainagetolerance>
    <soiltexturetolerance>clay, sand, loam</soiltexturetolerance>
  </culturetolerances>
  <nativeorigin>
    <nativestate>Native But State Unknown</nativestate>
    <nativetonorthamerica>yes</nativetonorthamerica>
    <recommendedfordryclimates>no</recommendedfordryclimates>
    <nativefloridacounty>Not Native to Florida</nativefloridacounty>
  </nativeorigin>
  <lifespan>25 to 50 years</lifespan>
</tree>