<?xml version="1.0" encoding="UTF-8" standalone="no"?><tree>
  <foliage>
    <shape>rhomboid, ovate</shape>
    <summercolor>green</summercolor>
    <spiny>no</spiny>
    <type>simple</type>
    <arrangement>alternate</arrangement>
    <bladelength>2 to 4 inches</bladelength>
    <venation>pinnate</venation>
    <fallcharacteristics>not showy</fallcharacteristics>
    <margin>double serrate</margin>
    <fallcolor>yellow</fallcolor>
    <persistence>deciduous</persistence>
  </foliage>
  <rangemap>Range Map RM4A9A</rangemap>
  <pestresistance>resistant to pests/diseases</pestresistance>
  <lifespan>25 to 50 years</lifespan>
  <culturetolerances>
    <saltspraytolerance>low</saltspraytolerance>
    <soilphtolerance>acidic</soilphtolerance>
    <lightrequirements>full sun, partial sun or partial shade</lightrequirements>
    <soilsalttolerance>moderate</soilsalttolerance>
    <droughttolerance>moderate</droughttolerance>
    <soildrainagetolerance>well-drained, extended flooding</soildrainagetolerance>
    <soiltexturetolerance>sand, loam, clay</soiltexturetolerance>
  </culturetolerances>
  <flower>
    <season>flowers in winter, flowers in spring</season>
    <color>brown</color>
    <fragrance>no</fragrance>
    <showiness>not showy</showiness>
  </flower>
  <planttype>tree</planttype>
  <factsheet>ST095</factsheet>
  <use>tree lawn 4-6 feet wide, tree lawn &gt; 6 ft wide, hedge, street without sidewalk, screen, shade, specimen, deck or patio, recommended</use>
  <usdahardinesszone>4A-9A</usdahardinesszone>
  <nativeorigin>
    <nativetonorthamerica>yes</nativetonorthamerica>
    <recommendedfordryclimates>no</recommendedfordryclimates>
    <nativefloridacounty>Not Native to Florida</nativefloridacounty>
  </nativeorigin>
  <size>
    <height>25 to 50 feet</height>
    <maturespread>25 to 35 feet</maturespread>
    <maintainableheight>not suitable for clipping</maintainableheight>
    <matureheight>40 to 50 feet</matureheight>
    <spread>25 to 35 feet</spread>
  </size>
  <pestsanddiseases>&lt;p align="center"&gt;&lt;b&gt;&lt;u&gt;Pests and Diseases&lt;/u&gt;&lt;/b&gt;&lt;/p&gt;&lt;p align="left"&gt;

No pests or diseases are  of major concern.  `Heritage' river birch is reportedly resistant to bronze birch borer.  Susceptible to leaf miner and scorch, and to leaf spots in wet climates.  Aphids and caterpillars infest foliage. &lt;/p&gt;</pestsanddiseases>
  <trunkandbranches>
    <currentyeartwigcolor>reddish, brown</currentyeartwigcolor>
    <numberoftrunks>typically multi-trunked, can be trained to one trunk</numberoftrunks>
    <pruningrequirement>little required</pruningrequirement>
    <showiness>very showy</showiness>
    <currentyeartwigthickness>thin</currentyeartwigthickness>
    <trunkandbranchbreakage>resistant</trunkandbranchbreakage>
    <woodspecificgravity>unknown</woodspecificgravity>
    <branchdrooping>branches droop</branchdrooping>
    <crownshaft>not applicable</crownshaft>
    <barkthickness>thick</barkthickness>
    <thorns>no</thorns>
  </trunkandbranches>
  <fruit>
    <composition>dry or hard</composition>
    <attractiontowildlife>little</attractiontowildlife>
    <edible>no</edible>
    <shape>elongated</shape>
    <showiness>not showy</showiness>
    <length>1 to 3 inches</length>
    <persistant>no</persistant>
    <litter>fruit/leaves not a litter problem</litter>
    <color>brown</color>
  </fruit>
  <name>
    <listingname>`Heritage' River Birch, Birch, `Heritage' River</listingname>
    <family>Betulaceae</family>
    <pronunciation>BET-yoo-luh  NYE-gruh</pronunciation>
    <species>nigra</species>
    <genus>Betula</genus>
    <cultivar>'Heritage'</cultivar>
    <commonname>'Heritage' River Birch</commonname>
  </name>
  <photographs>
    <entireplant>4467903</entireplant>
    <other>16233709</other>
    <foliage>13213330</foliage>
    <trunk>9189979</trunk>
  </photographs>
  <crowncanopy>
    <texture>medium</texture>
    <density>dense</density>
    <shape>oval, upright/erect, pyramidal</shape>
    <uniformity>symmetrical</uniformity>
  </crowncanopy>
  <other>
    <verticilliumwilt>resistant</verticilliumwilt>
    <outstandingtree>yes</outstandingtree>
    <winterinterest>yes</winterinterest>
    <invasivepotential>native to North America</invasivepotential>
    <surfacerooting>not a problem</surfacerooting>
    <availability>somewhat available</availability>
    <ozonesensitivity>unknown</ozonesensitivity>
  </other>
  <descriptivetext>&lt;p align="center"&gt;&lt;b&gt;&lt;em&gt;Betula nigra &lt;/em&gt; `Heritage' `Heritage' River Birch &lt;/b&gt;&lt;/p&gt;&lt;p align="left"&gt;

A North American native, `Heritage' river birch can grow 50 to 80 feet tall but is often seen at 40 to 50 feet.  It will grow about 30 inches or more each year in USDA hardiness zone 7, faster in the south.  It has a narrow, pyramidal to oval crown with many fine branches when young, spreading wider and becoming more oval with age with several branches eventually becoming dominant.  It has scaly, beige or creamy white bark, which remains an attractive pinkish-white for a longer period of time than the species.  The leaves are generally shaped like a triangle. &lt;/p&gt;&lt;p align="left"&gt;

`Heritage' river birch can be trained with one central leader or as a multi-stemmed tree.  Like the species, it branches low on the trunk which makes it well-suited for use as a specimen tree, but the trunk must be cleared up for street or other urban uses to allow for pedestrian and vehicular clearance.  Some nurseries plant two or three liners together to form a clump but these trunks will not fuse into one strong trunk.  In addition, one of the trunks usually outgrows and suppresses the others.  It should be grown more as a single-trunked specimen.  The branches droop when they are wet, so be careful locating them close to areas where clearance is needed for vehicular traffic. &lt;/p&gt;&lt;p align="left"&gt;

It is very well-suited for planting along steam banks and in other areas which are inundated with water for weeks at a time.  River birch is seen in the wild almost exclusively along stream banks.  `Heritage' river birch tolerates low soil oxygen, periodic flooding, clay, and prefers moist soil.  The tree requires an acid soil, otherwise it becomes chlorotic.  `Heritage' river birch is hardy, grows rapidly, but tends to be short-lived (30 to 40 years) in many urban settings including street tree plantings.  This might be due to inadequate water supply in dry soil or root rots in continually wet soil.  But like the callery pears, it will look great for about two decades or more and this is better than many other trees commonly planted in urban areas.  Although the tree tolerates heat well in the south, situate the tree so it receives adequate water since leaves may scorch in dry soil.  Not a tree to plant and forget due to irrigation requirement.  Not for confined street tree pits or tree lawns in the south unless provided with irrigation.  Although it is better adapted to heat than other birches, not a highly heat-tolerant tree. &lt;/p&gt;&lt;p align="left"&gt;

Propagation of `Heritage' river birch is by softwood cuttings but the plant is patented. &lt;/p&gt;</descriptivetext>
  <growthrate>fast</growthrate>
</tree>