<?xml version="1.0" encoding="UTF-8" standalone="no"?><tree>
  <other>
    <verticilliumwilt>resistant</verticilliumwilt>
    <outstandingtree>yes</outstandingtree>
    <winterinterest>yes</winterinterest>
    <invasivepotential>not a problem species</invasivepotential>
    <surfacerooting>not a problem</surfacerooting>
    <availability>generally available</availability>
    <ozonesensitivity>tolerant</ozonesensitivity>
  </other>
  <fruit>
    <composition>dry or hard</composition>
    <attractiontowildlife>little</attractiontowildlife>
    <edible>no</edible>
    <shape>elongated</shape>
    <showiness>not showy</showiness>
    <length>1 to 3 inches</length>
    <persistant>no</persistant>
    <litter>fruit/leaves not a litter problem</litter>
    <color>brown</color>
  </fruit>
  <foliage>
    <shape>rhomboid, ovate</shape>
    <summercolor>green</summercolor>
    <spiny>no</spiny>
    <type>simple</type>
    <arrangement>alternate</arrangement>
    <bladelength>2 to 4 inches</bladelength>
    <venation>pinnate</venation>
    <fallcharacteristics>showy</fallcharacteristics>
    <margin>double serrate</margin>
    <fallcolor>yellow</fallcolor>
    <persistence>deciduous</persistence>
  </foliage>
  <crowncanopy>
    <texture>medium</texture>
    <density>open</density>
    <shape>upright/erect, pyramidal, oval</shape>
    <uniformity>symmetrical</uniformity>
  </crowncanopy>
  <trunkandbranches>
    <currentyeartwigcolor>reddish, brown</currentyeartwigcolor>
    <numberoftrunks>typically one trunk</numberoftrunks>
    <pruningrequirement>little required</pruningrequirement>
    <showiness>very showy</showiness>
    <currentyeartwigthickness>thin</currentyeartwigthickness>
    <trunkandbranchbreakage>resistant</trunkandbranchbreakage>
    <woodspecificgravity>unknown</woodspecificgravity>
    <branchdrooping>branches droop</branchdrooping>
    <crownshaft>not applicable</crownshaft>
    <barkthickness>thick</barkthickness>
    <thorns>no</thorns>
  </trunkandbranches>
  <planttype>tree</planttype>
  <use>screen, shade, specimen, deck or patio, recommended</use>
  <lifespan>25 to 50 years</lifespan>
  <size>
    <height>25 to 50 feet</height>
    <maturespread>15 to 20 feet</maturespread>
    <maintainableheight>not suitable for clipping</maintainableheight>
    <matureheight>30 to 40 feet</matureheight>
    <spread>15 to 25 feet</spread>
  </size>
  <culturetolerances>
    <saltspraytolerance>low</saltspraytolerance>
    <soilphtolerance>acidic</soilphtolerance>
    <lightrequirements>full sun, partial sun or partial shade</lightrequirements>
    <soilsalttolerance>moderate</soilsalttolerance>
    <droughttolerance>moderate</droughttolerance>
    <soildrainagetolerance>well-drained</soildrainagetolerance>
    <soiltexturetolerance>clay, sand, loam</soiltexturetolerance>
  </culturetolerances>
  <usdahardinesszone>3B-7B</usdahardinesszone>
  <pestresistance>resistant to pests/diseases</pestresistance>
  <growthrate>fast</growthrate>
  <photographs>
    <entireplant>9862401</entireplant>
    <fall>1386014</fall>
    <foliage>4333077</foliage>
    <trunk>14885172</trunk>
  </photographs>
  <flower>
    <season>flowers in winter, flowers in spring</season>
    <color>brown</color>
    <fragrance>no</fragrance>
    <showiness>not showy</showiness>
  </flower>
  <name>
    <listingname>`Whitespire' Birch, Birch, `Whitespire'</listingname>
    <family>Betulaceae</family>
    <pronunciation>BET-yoo-luh  plat-ih-FILL-uh</pronunciation>
    <species>platyphylla</species>
    <genus>Betula</genus>
    <cultivar>'Whitespire'</cultivar>
    <commonname>'Whitespire' Birch</commonname>
  </name>
  <rangemap>Range Map RM3B7B</rangemap>
  <nativeorigin>
    <nativetonorthamerica>no</nativetonorthamerica>
    <recommendedfordryclimates>no</recommendedfordryclimates>
    <nativefloridacounty>Not Native to Florida</nativefloridacounty>
  </nativeorigin>
</tree>