<?xml version="1.0" encoding="UTF-8" standalone="no"?><tree>
  <diseases>&lt;p align="center"&gt;&lt;b&gt;&lt;u&gt;Diseases&lt;/u&gt;&lt;/b&gt;&lt;/p&gt;&lt;p align="left"&gt;

No diseases are of major concern, except root rot. &lt;/p&gt;</diseases>
  <planttype>tree</planttype>
  <size>
    <height>25 to 50 feet</height>
    <maturespread>25 to 35 feet</maturespread>
    <maintainableheight>not suitable for clipping</maintainableheight>
    <matureheight>30 to 50 feet</matureheight>
    <spread>25 to 35 feet</spread>
  </size>
  <use>not recommended</use>
  <flower>
    <season>flowers in spring</season>
    <color>green</color>
    <fragrance>no</fragrance>
    <showiness>not showy</showiness>
  </flower>
  <other>
    <verticilliumwilt>unknown</verticilliumwilt>
    <outstandingtree>no</outstandingtree>
    <winterinterest>no</winterinterest>
    <invasivepotential>not assessed or incomplete data</invasivepotential>
    <surfacerooting>can form large surface roots</surfacerooting>
    <availability>generally available</availability>
    <ozonesensitivity>unknown</ozonesensitivity>
  </other>
  <fruit>
    <composition>fleshy</composition>
    <attractiontowildlife>little</attractiontowildlife>
    <edible>no</edible>
    <shape>round</shape>
    <showiness>showy</showiness>
    <length>less than .5 inch</length>
    <persistant>yes</persistant>
    <litter>fruit/leaves a litter problem</litter>
    <color>red, black</color>
  </fruit>
  <factsheet>ST100</factsheet>
  <growthrate>fast</growthrate>
  <crowncanopy>
    <texture>medium</texture>
    <density>dense</density>
    <shape>round</shape>
    <uniformity>symmetrical</uniformity>
  </crowncanopy>
  <photographs>
    <entireplant>7743706</entireplant>
    <fruit>2835161</fruit>
    <other>5601894</other>
    <foliage>4082607</foliage>
    <trunk>15878131</trunk>
  </photographs>
  <name>
    <listingname>Toog Tree, Bischofia</listingname>
    <family>Euphorbiaceae</family>
    <pronunciation>biss-CHOFF-ee-uh  juh-VAN-ih-kuh</pronunciation>
    <species>javanica</species>
    <genus>Bischofia</genus>
    <commonname>Toog Tree, Bischofia</commonname>
  </name>
  <trunkandbranches>
    <currentyeartwigcolor>green</currentyeartwigcolor>
    <numberoftrunks>typically one trunk</numberoftrunks>
    <pruningrequirement>needed for strong structure</pruningrequirement>
    <showiness>not showy</showiness>
    <currentyeartwigthickness>medium</currentyeartwigthickness>
    <trunkandbranchbreakage>susceptible to breakage</trunkandbranchbreakage>
    <woodspecificgravity>unknown</woodspecificgravity>
    <branchdrooping>branches droop</branchdrooping>
    <crownshaft>not applicable</crownshaft>
    <barkthickness>thin bark</barkthickness>
    <thorns>no</thorns>
  </trunkandbranches>
  <rangemap>Range Map RM10A11</rangemap>
  <descriptivetext>&lt;p align="center"&gt;&lt;b&gt;&lt;em&gt;Bischofia javanica &lt;/em&gt;Toog Tree, Bischofia &lt;/b&gt;&lt;/p&gt;&lt;p align="left"&gt;

This rapidly growing evergreen or semievergreen tree can reach a height of 75 feet but usually is seen 40 to 50 feet tall in Florida, Puerto Rico and the Virgin Islands.  The dense rounded crown and thick trunk makes toog tree a popular shade tree.  However, enough light will not penetrate for a lawn to grow underneath toog trees but a groundcover will serve nicely, helping to cover the exposed tree roots.  Branching is typically coarse with several large-diameter laterals originating fairly close to the ground.  The shiny, bronze-toned, green trifoliate leaves are especially attractive when young and reach two to five inches in length.  The stem will exude a milky sap when wounded.  Small blue-black or reddish berries are produced in copious drooping clusters and drop to the ground creating a mess following the inconspicuous flowers on female trees.  Unfortunately, the sex of the tree cannot be determined on young plants. &lt;/p&gt;&lt;p align="left"&gt;

Growing in full sun on various soil types, toog tree is very easily grown and grows quickly.  It has only moderate salt tolerance.  It appears to grow well in confined urban soil spaces, however, the fruit is considered messy and stains walks when it drops to the ground and the seeds often germinate in the landscape and could become a nuisance.  Aggressive roots can lift sidewalks if they are planted within five or six feet of the walk.  If you plant this tree, locate it in a lawn area where regular mowing will kill the sprouting seedlings, not in a landscape bed.  The tree is not generally recommended for street tree planting and can be a nuisance in lawns as surface roots make mowing difficult close to the trunk.  Branches reportedly break from the tree on occasion.  There are too many other high quality trees available in USDA hardiness zones 10 and 11 to encourage planting this tree. &lt;/p&gt;&lt;p align="left"&gt;

Propagation is by seeds or cuttings. &lt;/p&gt;</descriptivetext>
  <pestresistance>sensitive to pests/diseases</pestresistance>
  <foliage>
    <shape>ovate, elliptic (oval)</shape>
    <summercolor>green</summercolor>
    <spiny>no</spiny>
    <type>trifoliate, odd-pinnately compound</type>
    <arrangement>alternate</arrangement>
    <bladelength>2 to 4 inches, 4 to 8 inches</bladelength>
    <venation>pinnate</venation>
    <fallcharacteristics>not showy</fallcharacteristics>
    <margin>serrulate</margin>
    <fallcolor>no color change</fallcolor>
    <persistence>evergreen</persistence>
  </foliage>
  <pests>&lt;p align="center"&gt;&lt;b&gt;&lt;u&gt;Pests&lt;/u&gt;&lt;/b&gt;&lt;/p&gt;&lt;p align="left"&gt;

Toog tree suffers from severe scale infestations, especially false Oleander scale which is followed by sooty mold. &lt;/p&gt;</pests>
  <usdahardinesszone>10A-11</usdahardinesszone>
  <culturetolerances>
    <saltspraytolerance>moderate</saltspraytolerance>
    <soilphtolerance>alkaline, acidic</soilphtolerance>
    <lightrequirements>full sun, partial sun or partial shade</lightrequirements>
    <soilsalttolerance>unknown</soilsalttolerance>
    <droughttolerance>moderate</droughttolerance>
    <soildrainagetolerance>extended flooding, well-drained</soildrainagetolerance>
    <soiltexturetolerance>clay, sand, loam</soiltexturetolerance>
  </culturetolerances>
  <nativeorigin>
    <nativetonorthamerica>no</nativetonorthamerica>
    <recommendedfordryclimates>no</recommendedfordryclimates>
    <nativefloridacounty>Not Native to Florida</nativefloridacounty>
  </nativeorigin>
  <lifespan>25 to 50 years</lifespan>
</tree>