<?xml version="1.0" encoding="UTF-8" standalone="no"?><tree>
  <other>
    <verticilliumwilt>unknown</verticilliumwilt>
    <outstandingtree>yes</outstandingtree>
    <winterinterest>no</winterinterest>
    <invasivepotential>not a problem species</invasivepotential>
    <surfacerooting>can form large surface roots</surfacerooting>
    <availability>rarely available</availability>
    <ozonesensitivity>unknown</ozonesensitivity>
  </other>
  <fruit>
    <composition>dry or hard</composition>
    <attractiontowildlife>little</attractiontowildlife>
    <edible>no</edible>
    <shape>elongated, pod or pod-like</shape>
    <showiness>showy</showiness>
    <length>3 to 6 inches</length>
    <persistant>yes</persistant>
    <litter>fruit/leaves a litter problem</litter>
    <color>brown</color>
  </fruit>
  <foliage>
    <shape>star-shaped</shape>
    <summercolor>green</summercolor>
    <spiny>no</spiny>
    <type>simple</type>
    <arrangement>alternate</arrangement>
    <bladelength>4 to 8 inches, 8 to 12 inches</bladelength>
    <venation>pinnate, brachidodrome, palmate</venation>
    <fallcharacteristics>not showy</fallcharacteristics>
    <margin>lobed</margin>
    <fallcolor>no color change</fallcolor>
    <persistence>deciduous</persistence>
  </foliage>
  <crowncanopy>
    <texture>coarse</texture>
    <density>dense</density>
    <shape>oval, round</shape>
    <uniformity>symmetrical</uniformity>
  </crowncanopy>
  <trunkandbranches>
    <currentyeartwigcolor>brown</currentyeartwigcolor>
    <numberoftrunks>typically one trunk</numberoftrunks>
    <pruningrequirement>little required</pruningrequirement>
    <showiness>showy</showiness>
    <currentyeartwigthickness>thick</currentyeartwigthickness>
    <trunkandbranchbreakage>resistant</trunkandbranchbreakage>
    <woodspecificgravity>unknown</woodspecificgravity>
    <branchdrooping>branches don't droop</branchdrooping>
    <crownshaft>not applicable</crownshaft>
    <barkthickness>thin bark</barkthickness>
    <thorns>no</thorns>
  </trunkandbranches>
  <planttype>tree</planttype>
  <use>street without sidewalk, shade, tree lawn 4-6 feet wide, tree lawn &gt; 6 ft wide, parking lot island 100-200 sq ft, parking lot island &gt; 200 sq ft, highway median, recommended</use>
  <lifespan>more than 50 years</lifespan>
  <size>
    <height>25 to 50 feet</height>
    <maturespread>25 to 30 feet</maturespread>
    <maintainableheight>not suitable for clipping</maintainableheight>
    <matureheight>35 to 50 feet</matureheight>
    <spread>25 to 35 feet</spread>
  </size>
  <culturetolerances>
    <saltspraytolerance>moderate</saltspraytolerance>
    <soilphtolerance>acidic, slightly alkaline</soilphtolerance>
    <lightrequirements>full sun</lightrequirements>
    <soilsalttolerance>unknown</soilsalttolerance>
    <droughttolerance>high</droughttolerance>
    <soildrainagetolerance>well-drained</soildrainagetolerance>
    <soiltexturetolerance>sand, clay, loam</soiltexturetolerance>
  </culturetolerances>
  <usdahardinesszone>10A-11</usdahardinesszone>
  <pestresistance>free of serious pests and diseases</pestresistance>
  <growthrate>fast</growthrate>
  <photographs>
    <entireplant>5268884</entireplant>
    <flower>296922</flower>
    <fruit>1034430</fruit>
    <other>5452269</other>
    <foliage>7963476</foliage>
  </photographs>
  <flower>
    <season>flowers in spring, flowers in summer</season>
    <color>pink, red</color>
    <fragrance>no</fragrance>
    <showiness>showy</showiness>
  </flower>
  <name>
    <listingname>Flame Bottle Tree, Bottle Tree, Flame</listingname>
    <family>Sterculiaceae</family>
    <pronunciation>brack-ih-KYE-tawn  ay-ser-ih-FOLE-ee-us</pronunciation>
    <species>acerifolius</species>
    <genus>Brachychiton</genus>
    <commonname>Flame Bottle Tree</commonname>
  </name>
  <rangemap>Range Map RM10A11</rangemap>
  <nativeorigin>
    <nativetonorthamerica>no</nativetonorthamerica>
    <recommendedfordryclimates>no</recommendedfordryclimates>
    <nativefloridacounty>Not Native to Florida</nativefloridacounty>
  </nativeorigin>
</tree>