<?xml version="1.0" encoding="UTF-8" standalone="no"?><tree>
  <foliage>
    <shape>obovate, oblanceolate</shape>
    <summercolor>green</summercolor>
    <spiny>no</spiny>
    <type>simple</type>
    <arrangement>alternate, whorled</arrangement>
    <bladelength>2 to 4 inches</bladelength>
    <venation>brachidodrome, pinnate</venation>
    <fallcharacteristics>not showy</fallcharacteristics>
    <margin>entire</margin>
    <fallcolor>no color change</fallcolor>
    <persistence>evergreen</persistence>
  </foliage>
  <rangemap>Range Map RM10B11</rangemap>
  <pestresistance>resistant to pests/diseases</pestresistance>
  <lifespan>more than 50 years</lifespan>
  <culturetolerances>
    <saltspraytolerance>high</saltspraytolerance>
    <soilphtolerance>acidic, alkaline</soilphtolerance>
    <lightrequirements>full sun, partial sun or partial shade</lightrequirements>
    <soilsalttolerance>moderate</soilsalttolerance>
    <droughttolerance>high</droughttolerance>
    <soildrainagetolerance>well-drained</soildrainagetolerance>
    <soiltexturetolerance>sand, loam, clay</soiltexturetolerance>
  </culturetolerances>
  <flower>
    <season>flowers in spring, flowers in summer</season>
    <color>yellow</color>
    <fragrance>no</fragrance>
    <showiness>not showy</showiness>
  </flower>
  <planttype>tree</planttype>
  <factsheet>ST102</factsheet>
  <use>hedge, reclamation, street without sidewalk, shade, specimen, tree lawn 4-6 feet wide, tree lawn &gt; 6 ft wide, urban tolerant, highway median, parking lot island 100-200 sq ft, parking lot island &gt; 200 sq ft, indoors, recommended</use>
  <usdahardinesszone>10B-11</usdahardinesszone>
  <nativeorigin>
    <nativetonorthamerica>no</nativetonorthamerica>
    <recommendedfordryclimates>no</recommendedfordryclimates>
    <nativefloridacounty>Not Native to Florida</nativefloridacounty>
  </nativeorigin>
  <size>
    <height>25 to 50 feet</height>
    <maturespread>35 to 45 feet</maturespread>
    <maintainableheight>not suitable for clipping</maintainableheight>
    <matureheight>35 to 45 feet</matureheight>
    <spread>35 to 50 feet</spread>
  </size>
  <pestsanddiseases>&lt;p align="center"&gt;&lt;b&gt;&lt;u&gt;Pests and Diseases&lt;/u&gt;&lt;/b&gt;&lt;/p&gt;&lt;p align="left"&gt;

No pests or diseases are of major concern but occasionally bothered by sooty mold and bark borer.  Eryphide mites cause galls but no control is needed. &lt;/p&gt;</pestsanddiseases>
  <trunkandbranches>
    <currentyeartwigcolor>gray</currentyeartwigcolor>
    <numberoftrunks>typically one trunk</numberoftrunks>
    <pruningrequirement>needed for strong structure</pruningrequirement>
    <showiness>not showy</showiness>
    <currentyeartwigthickness>thin, medium</currentyeartwigthickness>
    <trunkandbranchbreakage>resistant</trunkandbranchbreakage>
    <woodspecificgravity>unknown</woodspecificgravity>
    <branchdrooping>branches droop</branchdrooping>
    <crownshaft>not applicable</crownshaft>
    <barkthickness>thick</barkthickness>
    <thorns>yes</thorns>
  </trunkandbranches>
  <fruit>
    <composition>fleshy</composition>
    <attractiontowildlife>little</attractiontowildlife>
    <edible>no</edible>
    <shape>oval</shape>
    <showiness>showy</showiness>
    <length>less than .5 inch</length>
    <persistant>no</persistant>
    <litter>fruit/leaves a litter problem</litter>
    <color>black</color>
  </fruit>
  <name>
    <listingname>`Shady Lady' Black Olive, `Shady Lady' Oxhorn Bucida, Olive, `Shady Lady' Black, Bucida, `Shady Lady' Oxhorn</listingname>
    <family>Combretaceae</family>
    <pronunciation>bew-SYE-duh  bew-SER-azz</pronunciation>
    <species>buceras</species>
    <genus>Bucida</genus>
    <cultivar>'Shady Lady'</cultivar>
    <commonname>'Shady Lady' Black Olive, `Shady Lady' Oxhorn Bucida</commonname>
  </name>
  <photographs>
    <entireplant>1207878</entireplant>
    <other>16510952</other>
    <foliage>16185402</foliage>
  </photographs>
  <crowncanopy>
    <texture>fine</texture>
    <density>dense</density>
    <shape>oval, round</shape>
    <uniformity>irregular</uniformity>
  </crowncanopy>
  <other>
    <verticilliumwilt>unknown</verticilliumwilt>
    <outstandingtree>no</outstandingtree>
    <winterinterest>no</winterinterest>
    <invasivepotential>not a problem species</invasivepotential>
    <surfacerooting>not a problem</surfacerooting>
    <availability>generally available</availability>
    <ozonesensitivity>unknown</ozonesensitivity>
  </other>
  <descriptivetext>&lt;p align="center"&gt;&lt;b&gt;&lt;em&gt;Bucida buceras &lt;/em&gt;Black Olive, Oxhorn Bucida &lt;/b&gt;&lt;/p&gt;&lt;p align="left"&gt;

Though commonly called `black olive tree', this native of the upper Florida Keys (some consider it native, others do not) is not the edible olive we know and love, but does produce a small, black seed-capsule.  Black olive is a 40 to 50-foot-tall evergreen tree with a smooth trunk holding up strong, wind-resistant branches, forming a pyramidal shape when young but developing a very dense, full, oval to rounded crown with age.  Sometimes the top of the crown will flatten with age, and the tree grows horizontally.  The lush, dark bluish-green, leathery leaves are two to four inches long and clustered at branch tips, sometimes mixed with the 0.5 to 1.5-inch-long spines found along the branches.   &lt;/p&gt;&lt;p align="left"&gt;

The inconspicuous, small, greenish-yellow flowers are produced in four-inch-long spikes during spring and summer and eventually form the black fruits which, unfortunately, exude a staining tannic acid material which could damage patios, sidewalks, or vehicles parked below.  Besides this one drawback, black olive is beautifully suited as a street, shade, or specimen tree for frost-free areas, but is probably overplanted.  There are many native trees which could be used in its place, including satin leaf, gumbo-limbo and others. &lt;/p&gt;&lt;p align="left"&gt;

Black olive grows slowly and should be planted in full sun or partial shade on well-drained, moist soils.  Plants may be slightly damaged at 32-degrees F. but are killed at 25-degrees F.  Trees may show chlorosis on high pH soils. &lt;/p&gt;&lt;p align="left"&gt;

Propagation is by seeds (with difficulty) or layering. &lt;/p&gt;</descriptivetext>
  <growthrate>moderate</growthrate>
</tree>