<?xml version="1.0" encoding="UTF-8" standalone="no"?><tree>
  <foliage>
    <shape>ovate, elliptic (oval)</shape>
    <summercolor>green</summercolor>
    <spiny>no</spiny>
    <type>odd-pinnately compound</type>
    <arrangement>alternate</arrangement>
    <bladelength>less than 2 inches</bladelength>
    <venation>parallel</venation>
    <fallcharacteristics>not showy</fallcharacteristics>
    <margin>entire</margin>
    <fallcolor>no color change</fallcolor>
    <persistence>evergreen</persistence>
  </foliage>
  <rangemap>Range Map RM10A11</rangemap>
  <pestresistance>free of serious pests and diseases</pestresistance>
  <lifespan>25 to 50 years</lifespan>
  <culturetolerances>
    <saltspraytolerance>high</saltspraytolerance>
    <soilphtolerance>alkaline, acidic</soilphtolerance>
    <lightrequirements>full sun</lightrequirements>
    <soilsalttolerance>poor</soilsalttolerance>
    <droughttolerance>high</droughttolerance>
    <soildrainagetolerance>well-drained</soildrainagetolerance>
    <soiltexturetolerance>clay, loam, sand</soiltexturetolerance>
  </culturetolerances>
  <flower>
    <season>flowers in spring, flowers in summer</season>
    <color>yellow</color>
    <fragrance>no</fragrance>
    <showiness>very showy</showiness>
  </flower>
  <planttype>tree</planttype>
  <use>container or planter, deck or patio, specimen, highway median, parking lot island &lt; 100 sq ft, parking lot island 100-200 sq ft, parking lot island &gt; 200 sq ft, tree lawn 3-4 feet wide, tree lawn 4-6 feet wide, tree lawn &gt; 6 ft wide, street without sidewalk, recommended</use>
  <usdahardinesszone>10A-11</usdahardinesszone>
  <nativeorigin>
    <nativetonorthamerica>no</nativetonorthamerica>
    <recommendedfordryclimates>no</recommendedfordryclimates>
    <nativefloridacounty>Not Native to Florida</nativefloridacounty>
  </nativeorigin>
  <size>
    <height>25 to 50 feet</height>
    <maturespread>20 to 30 feet</maturespread>
    <maintainableheight>not suitable for clipping</maintainableheight>
    <matureheight>20 to 40 feet</matureheight>
    <spread>15 to 25 feet</spread>
  </size>
  <pestsanddiseases>&lt;p align="center"&gt;&lt;b&gt;&lt;u&gt;Pests and Diseases&lt;/u&gt;&lt;/b&gt;&lt;/p&gt;&lt;p align="left"&gt;

Bulnesia is usually pest and disease free. &lt;/p&gt;</pestsanddiseases>
  <trunkandbranches>
    <currentyeartwigcolor>brown, gray</currentyeartwigcolor>
    <numberoftrunks>typically multi-trunked, can be trained to one trunk</numberoftrunks>
    <pruningrequirement>needed for strong structure</pruningrequirement>
    <showiness>not showy</showiness>
    <currentyeartwigthickness>thin, medium</currentyeartwigthickness>
    <trunkandbranchbreakage>resistant</trunkandbranchbreakage>
    <woodspecificgravity>unknown</woodspecificgravity>
    <branchdrooping>branches droop</branchdrooping>
    <crownshaft>not applicable</crownshaft>
    <barkthickness>thin bark</barkthickness>
    <thorns>no</thorns>
  </trunkandbranches>
  <fruit>
    <composition>dry or hard</composition>
    <attractiontowildlife>little</attractiontowildlife>
    <edible>no</edible>
    <shape>irregular</shape>
    <showiness>showy</showiness>
    <length>1 to 3 inches</length>
    <persistant>no</persistant>
    <litter>fruit/leaves not a litter problem</litter>
    <color>green, tan</color>
  </fruit>
  <name>
    <listingname>Bulnesia</listingname>
    <family>Zygophyllaceae</family>
    <pronunciation>bul-NEE-zee-uh  ar-BORE-ee-uh</pronunciation>
    <species>arborea</species>
    <genus>Bulnesia</genus>
    <commonname>Bulnesia</commonname>
  </name>
  <photographs>
    <spring>15243000</spring>
    <entireplant>14054804</entireplant>
    <flower>12797541</flower>
    <foliage>1511615</foliage>
  </photographs>
  <crowncanopy>
    <texture>fine</texture>
    <density>dense</density>
    <shape>round, spreading</shape>
    <uniformity>symmetrical</uniformity>
  </crowncanopy>
  <other>
    <verticilliumwilt>unknown</verticilliumwilt>
    <outstandingtree>yes</outstandingtree>
    <winterinterest>no</winterinterest>
    <invasivepotential>not a problem species</invasivepotential>
    <surfacerooting>not a problem</surfacerooting>
    <availability>rarely available</availability>
    <ozonesensitivity>unknown</ozonesensitivity>
  </other>
  <descriptivetext>&lt;p align="center"&gt;&lt;b&gt;&lt;em&gt;Bulnesis arborea &lt;/em&gt;Bulnesia &lt;/b&gt;&lt;/p&gt;&lt;p align="left"&gt;

Bulnesia is an excellent, low-growing tree for small yards, patios and other small-scale landscapes.  It can be grown as a multi-stemmed clump or can be trained into a small tree with asingle trunk up to 6 to 10 feet tall.  The tree eventually grows about 20 to 30 feet tall and has an spreading, rounded, finely branched growth habit on several thick main branches whichcreates dense shade under the crown.  Trunks droop and spread as they grow older forming a canopy that is wider than tall.  Bulnesia can grow rapidly when it is young if it receives waterand fertilizer, but it is well-suited for planting close to power lines since it slows down and remains small at maturity. &lt;/p&gt;&lt;p align="left"&gt;

The main ornamental value of Bulnesia is the brilliant yellow flowers displayed for 2 or 3 months during the warm season.  It is a durable tree, tolerating poor soil.  Like any other tree itneeds irrigation during the establishment period, but then survives on rainfall alone in humid climates. &lt;/p&gt;&lt;p align="left"&gt;

Bulnesia can be planted along streets beneath power lines provided that it is set back from the road to allow for the spreading canopy.  Without early thinning and training, the multiple trunks droop considerably.  Main branches and trunks can be headed back several times when the tree is young to create amore upright form.  Remove lower branches early to force growth in the upper canopy for planting along streets and for other areas where clearance is needed beneath the canopy.  The treemakes a nice specimen or patio tree. &lt;/p&gt;</descriptivetext>
  <growthrate>moderate</growthrate>
</tree>