<?xml version="1.0" encoding="UTF-8" standalone="no"?><tree>
  <foliage>
    <shape>oblanceolate, spatulate</shape>
    <summercolor>green</summercolor>
    <spiny>no</spiny>
    <type>simple</type>
    <arrangement>alternate</arrangement>
    <bladelength>2 to 4 inches</bladelength>
    <venation>pinnate</venation>
    <fallcharacteristics>not showy</fallcharacteristics>
    <margin>entire</margin>
    <fallcolor>no color change</fallcolor>
    <persistence>semi-evergreen</persistence>
  </foliage>
  <rangemap>Range Map RM8A11</rangemap>
  <pestresistance>free of serious pests and diseases</pestresistance>
  <lifespan>more than 50 years</lifespan>
  <culturetolerances>
    <saltspraytolerance>none</saltspraytolerance>
    <soilphtolerance>alkaline, acidic</soilphtolerance>
    <lightrequirements>full sun</lightrequirements>
    <soilsalttolerance>good</soilsalttolerance>
    <droughttolerance>high</droughttolerance>
    <soildrainagetolerance>well-drained</soildrainagetolerance>
    <soiltexturetolerance>sand, loam</soiltexturetolerance>
  </culturetolerances>
  <flower>
    <season>unknown</season>
    <color>white/cream/gray</color>
    <fragrance>no</fragrance>
    <showiness>not showy</showiness>
  </flower>
  <planttype>shrub, tree</planttype>
  <use>shade, specimen, tree lawn 4-6 feet wide, tree lawn &gt; 6 ft wide, parking lot island &lt; 100 sq ft, parking lot island 100-200 sq ft, parking lot island &gt; 200 sq ft, highway median, recommended</use>
  <usdahardinesszone>8A-11</usdahardinesszone>
  <nativeorigin>
    <nativestate>Florida</nativestate>
    <nativetonorthamerica>yes</nativetonorthamerica>
    <recommendedfordryclimates>yes</recommendedfordryclimates>
    <nativefloridacounty>Not Native to Florida</nativefloridacounty>
  </nativeorigin>
  <size>
    <height>15 to 25 feet</height>
    <maturespread>20 to 40 feet</maturespread>
    <maintainableheight>6 to 12 feet, 12 or more feet</maintainableheight>
    <matureheight>15 to 40 feet</matureheight>
    <spread>25 to 35 feet</spread>
  </size>
  <pestsanddiseases>&lt;p align="center"&gt;&lt;b&gt;&lt;u&gt;Pests and Diseases&lt;/u&gt;&lt;/b&gt;&lt;/p&gt;&lt;p align="left"&gt;

No pests or diseases are of major concern. &lt;/p&gt;</pestsanddiseases>
  <trunkandbranches>
    <currentyeartwigcolor>brown, reddish</currentyeartwigcolor>
    <numberoftrunks>typically multi-trunked, can be trained to one trunk</numberoftrunks>
    <pruningrequirement>little required</pruningrequirement>
    <showiness>not showy</showiness>
    <currentyeartwigthickness>thick</currentyeartwigthickness>
    <trunkandbranchbreakage>resistant</trunkandbranchbreakage>
    <woodspecificgravity>unknown</woodspecificgravity>
    <branchdrooping>branches droop</branchdrooping>
    <crownshaft>not applicable</crownshaft>
    <barkthickness>thick</barkthickness>
    <thorns>yes</thorns>
  </trunkandbranches>
  <fruit>
    <composition>fleshy</composition>
    <attractiontowildlife>attracts birds, attracts squirrels/mammals</attractiontowildlife>
    <edible>no</edible>
    <shape>round, oval</shape>
    <showiness>showy</showiness>
    <length>less than .5 inch</length>
    <persistant>no</persistant>
    <litter>fruit/leaves not a litter problem</litter>
    <color>blue, black</color>
  </fruit>
  <name>
    <listingname>Tough Bumelia, Ironwood, Tough Buckthorn, Bumelia, Tough, Buckthorn, Tough</listingname>
    <family>Sapotaceae</family>
    <pronunciation>bew-MEEL-ee-uh  TEE-nacks</pronunciation>
    <species>tenax</species>
    <genus>Bumelia</genus>
    <commonname>Tough Bumelia, Ironwood, Tough Buckthorn</commonname>
  </name>
  <photographs>
    <entireplant>13319175</entireplant>
    <flower>6535614</flower>
    <fruit>16340457</fruit>
    <foliage>7512006</foliage>
  </photographs>
  <crowncanopy>
    <texture>medium</texture>
    <density>dense</density>
    <shape>round</shape>
    <uniformity>irregular</uniformity>
  </crowncanopy>
  <other>
    <verticilliumwilt>unknown</verticilliumwilt>
    <outstandingtree>no</outstandingtree>
    <winterinterest>no</winterinterest>
    <invasivepotential>native to North America</invasivepotential>
    <surfacerooting>not a problem</surfacerooting>
    <availability>rarely available</availability>
    <ozonesensitivity>unknown</ozonesensitivity>
  </other>
  <descriptivetext>&lt;p align="center"&gt;&lt;b&gt;&lt;em&gt;Bumelia tenax &lt;/em&gt;Tough Bumelia, Ironwood, Tough Buckhorn &lt;/b&gt;&lt;/p&gt;&lt;p align="left"&gt;

Tough Bumelia is a small to medium-sized tree in its native habitat but is commonly grown as a shrub in cultivation.  It is one of several native Bumelias in the United States.  This plant can attain a height of 15 to 40 feet and may spread 25 feet.  The young stems, petioles, and lower surfaces of the leaf blades are covered with a copper colored pubescence.  The branches of Bumelia are very thorny.  The 1- to 2-inch-long leaves of Bumelia are attractive, glossy, and deep green in color.  The small, white flowers are borne in axillary umbels and occur throughout the year; the flowers are inconspicuous.  The fruit of Tough Bumelia are small, black, ovoid berries that are a favored wildlife food.  They can create a mess on a sidewalk or patio under the canopy. &lt;/p&gt;&lt;p align="left"&gt;

This plant may be used in the landscape as a specimen or small shade tree.  It may also be useful in a small or medium-sized tree lawn along a street or can be used on tough sites such as reclamation sites and along highways and interstates.  It could be used as a small substitute for the over-planted Live Oak. &lt;/p&gt;&lt;p align="left"&gt;

Tough Bumelia needs to be placed in an area which receives full sun.  It also grows well in sandy soils and is very drought tolerant.  The tree has the capability of growing in soil with a high pH, and is therefore well suited for many urban south Florida landscapes. &lt;/p&gt;</descriptivetext>
  <growthrate>slow</growthrate>
</tree>