<?xml version="1.0" encoding="UTF-8" standalone="no"?><tree>
  <foliage>
    <shape>oblanceolate, oblong, obovate</shape>
    <summercolor>green</summercolor>
    <spiny>no</spiny>
    <type>simple</type>
    <arrangement>alternate</arrangement>
    <bladelength>less than 2 inches, 2 to 4 inches</bladelength>
    <venation>pinnate</venation>
    <fallcharacteristics>not showy</fallcharacteristics>
    <margin>entire</margin>
    <fallcolor>no color change</fallcolor>
    <persistence>deciduous</persistence>
  </foliage>
  <rangemap>Range Map RM5A9B</rangemap>
  <pestresistance>free of serious pests and diseases</pestresistance>
  <lifespan>more than 50 years</lifespan>
  <culturetolerances>
    <saltspraytolerance>unknown</saltspraytolerance>
    <soilphtolerance>acidic, alkaline</soilphtolerance>
    <lightrequirements>full sun</lightrequirements>
    <soilsalttolerance>unknown</soilsalttolerance>
    <droughttolerance>high</droughttolerance>
    <soildrainagetolerance>occasionally wet, well-drained</soildrainagetolerance>
    <soiltexturetolerance>clay, sand, loam</soiltexturetolerance>
  </culturetolerances>
  <flower>
    <season>flowers in spring, flowers in summer</season>
    <color>white/cream/gray</color>
    <fragrance>pleasant</fragrance>
    <showiness>not showy</showiness>
  </flower>
  <planttype>tree</planttype>
  <factsheet>ST103</factsheet>
  <use>reclamation, specimen, shade, highway median, street without sidewalk, recommended</use>
  <usdahardinesszone>5A-9B</usdahardinesszone>
  <nativeorigin>
    <nativestate>Kansas, Missouri, Oklahoma, Arkansas, Texas, Louisiana, Mississippi, Alabama, Florida, Georgia, North Carolina, Tennessee</nativestate>
    <nativetonorthamerica>yes</nativetonorthamerica>
    <recommendedfordryclimates>yes</recommendedfordryclimates>
    <nativefloridacounty>Not Native to Florida</nativefloridacounty>
  </nativeorigin>
  <size>
    <height>25 to 50 feet</height>
    <maturespread>25 to 35 feet</maturespread>
    <maintainableheight>not suitable for clipping</maintainableheight>
    <matureheight>40 to 50 feet</matureheight>
    <spread>25 to 35 feet</spread>
  </size>
  <pestsanddiseases>&lt;p align="center"&gt;&lt;b&gt;&lt;u&gt;Pests and Diseases&lt;/u&gt;&lt;/b&gt;&lt;/p&gt;&lt;p align="left"&gt;

It is pest free. &lt;/p&gt;</pestsanddiseases>
  <trunkandbranches>
    <currentyeartwigcolor>gray, brown</currentyeartwigcolor>
    <numberoftrunks>typically multi-trunked</numberoftrunks>
    <pruningrequirement>needed for strong structure</pruningrequirement>
    <showiness>not showy</showiness>
    <currentyeartwigthickness>thin</currentyeartwigthickness>
    <trunkandbranchbreakage>resistant</trunkandbranchbreakage>
    <woodspecificgravity>unknown</woodspecificgravity>
    <branchdrooping>branches droop</branchdrooping>
    <crownshaft>not applicable</crownshaft>
    <barkthickness>thick</barkthickness>
    <thorns>yes</thorns>
  </trunkandbranches>
  <fruit>
    <composition>fleshy</composition>
    <attractiontowildlife>attracts squirrels/mammals, attracts birds</attractiontowildlife>
    <edible>yes</edible>
    <shape>round</shape>
    <showiness>not showy</showiness>
    <length>less than .5 inch, .5 to 1 inch</length>
    <persistant>yes</persistant>
    <litter>fruit/leaves not a litter problem</litter>
    <color>blue, black</color>
  </fruit>
  <name>
    <listingname>Chittamwood, Gum Bumelia, Gum Elastic Buckthorn, Bumelia, Gum, Buckthorn, Gum Elastic</listingname>
    <family>Sapotaceae</family>
    <pronunciation>bew-MEEL-ee-uh  luh-noo-jih-NO-suh</pronunciation>
    <species>lanuginosa</species>
    <genus>Bumelia</genus>
    <commonname>Chittamwood, Gum Bumelia, Gum Elastic Buckthorn</commonname>
  </name>
  <photographs>
    <entireplant>15696104</entireplant>
    <flower>12708100</flower>
    <foliage>2304419</foliage>
    <trunk>12764429</trunk>
  </photographs>
  <crowncanopy>
    <texture>medium</texture>
    <density>moderate</density>
    <shape>spreading</shape>
    <uniformity>irregular</uniformity>
  </crowncanopy>
  <other>
    <verticilliumwilt>unknown</verticilliumwilt>
    <outstandingtree>no</outstandingtree>
    <winterinterest>no</winterinterest>
    <invasivepotential>native to North America</invasivepotential>
    <surfacerooting>not a problem</surfacerooting>
    <availability>rarely available</availability>
    <ozonesensitivity>unknown</ozonesensitivity>
  </other>
  <descriptivetext>&lt;p align="center"&gt;&lt;b&gt;&lt;em&gt;Bumelia lanuginosa &lt;/em&gt;Chittamwood, Gum Bumelia, Gum-Elastic Buckthorn &lt;/b&gt;&lt;/p&gt;&lt;p align="left"&gt;

This native North American deciduous tree grows 40 to 50 feet in height and has an open canopy.  Because there appear to be many forms of the plant in nature from shrubby to tree form, nursery operators could make superior selections.  The bark varies considerably from tree to tree making this a potential selection criteria for cultivar development.  The leathery, shiny green leaves are smooth on their upperside and a fuzzy, red/brown to gray beneath.  They drop in late fall without a show.  Small, fragrant white flowers appear from June to July and are followed in fall by large, shiny, blue/black, fleshy fruits which are extremely popular with birds and other wildlife.  While the fruits are edible to man, they have been known to produce unpleasant side-effects if eaten in quantity. &lt;/p&gt;&lt;p align="left"&gt;

Young trees require training to display a tree-like form since a shrubby, rounded ball of foliage often develops without pruning.  It is well suited for a reclamation site due to the adaptability to a wide range of soil types.  It could be planted in urban and suburban landscapes, especially in areas that receive minimum maintenance. &lt;/p&gt;&lt;p align="left"&gt;

The common names of Gum Bumelia and Gum-Elastic are derived from the sap which quickly oozes from cuts or cracks to the bark.  Youngsters in pioneer days were known to chew this sap as a gum. &lt;/p&gt;&lt;p align="left"&gt;

Chittamwood should be grown in full sun or partial shade on well-drained soils.  Trees found on poor soils in the wild grow slowly and are stunted, but with normal care they will grow well in a variety of landscapes. &lt;/p&gt;&lt;p align="left"&gt;

Propagation is by seed or cuttings. &lt;/p&gt;</descriptivetext>
  <growthrate>moderate</growthrate>
</tree>