<?xml version="1.0" encoding="UTF-8" standalone="no"?><tree>
  <foliage>
    <shape>ovate, elliptic (oval)</shape>
    <summercolor>green</summercolor>
    <spiny>no</spiny>
    <type>odd-pinnately compound</type>
    <arrangement>alternate</arrangement>
    <bladelength>2 to 4 inches</bladelength>
    <venation>brachidodrome, pinnate</venation>
    <fallcharacteristics>not showy</fallcharacteristics>
    <margin>entire</margin>
    <fallcolor>no color change</fallcolor>
    <persistence>semi-evergreen</persistence>
  </foliage>
  <rangemap>Range Map RM10B11</rangemap>
  <pestresistance>free of serious pests and diseases</pestresistance>
  <lifespan>more than 50 years</lifespan>
  <culturetolerances>
    <saltspraytolerance>high</saltspraytolerance>
    <soilphtolerance>acidic, alkaline</soilphtolerance>
    <lightrequirements>full sun, partial sun or partial shade</lightrequirements>
    <soilsalttolerance>unknown</soilsalttolerance>
    <droughttolerance>high</droughttolerance>
    <soildrainagetolerance>well-drained</soildrainagetolerance>
    <soiltexturetolerance>clay, sand, loam</soiltexturetolerance>
  </culturetolerances>
  <flower>
    <season>flowers in spring</season>
    <color>green</color>
    <fragrance>no</fragrance>
    <showiness>not showy</showiness>
  </flower>
  <planttype>tree</planttype>
  <factsheet>ST104</factsheet>
  <use>deck or patio, shade, specimen, street without sidewalk, parking lot island 100-200 sq ft, parking lot island &gt; 200 sq ft, tree lawn 4-6 feet wide, tree lawn &gt; 6 ft wide, urban tolerant, highway median, recommended</use>
  <usdahardinesszone>10B-11</usdahardinesszone>
  <nativeorigin>
    <nativestate>Florida</nativestate>
    <nativetonorthamerica>yes</nativetonorthamerica>
    <recommendedfordryclimates>no</recommendedfordryclimates>
    <nativefloridacounty>Brevard, Broward, Collier, Hendry, Hillsborough, Indian River, Lee, Manatee, Martin, Miami-Dade, Monroe Mainland, Monroe Keys, Palm Beach, Pinellas, St. Lucie</nativefloridacounty>
  </nativeorigin>
  <size>
    <height>25 to 50 feet</height>
    <maturespread>25 to 40 feet</maturespread>
    <maintainableheight>not suitable for clipping</maintainableheight>
    <matureheight>25 to 40 feet</matureheight>
    <spread>35 to 50 feet</spread>
  </size>
  <pestsanddiseases>&lt;p align="center"&gt;&lt;b&gt;&lt;u&gt;Pests and Diseases&lt;/u&gt;&lt;/b&gt;&lt;/p&gt;&lt;p align="left"&gt;

No pests or diseases are of major concern.  Occasionally caterpillars will chew the leaves, but rarely damage enough to warrant control. &lt;/p&gt;</pestsanddiseases>
  <trunkandbranches>
    <currentyeartwigcolor>green, brown, reddish</currentyeartwigcolor>
    <numberoftrunks>typically multi-trunked, can be trained to one trunk</numberoftrunks>
    <pruningrequirement>little required</pruningrequirement>
    <showiness>very showy</showiness>
    <currentyeartwigthickness>medium, thick</currentyeartwigthickness>
    <trunkandbranchbreakage>resistant</trunkandbranchbreakage>
    <woodspecificgravity>unknown</woodspecificgravity>
    <branchdrooping>branches droop</branchdrooping>
    <crownshaft>not applicable</crownshaft>
    <barkthickness>thin bark</barkthickness>
    <thorns>no</thorns>
  </trunkandbranches>
  <fruit>
    <composition>fleshy</composition>
    <attractiontowildlife>little</attractiontowildlife>
    <edible>no</edible>
    <shape>oval</shape>
    <showiness>not showy</showiness>
    <length>.5 to 1 inch</length>
    <persistant>no</persistant>
    <litter>fruit/leaves not a litter problem</litter>
    <color>red</color>
  </fruit>
  <name>
    <listingname>Gumbo-Limbo</listingname>
    <family>Burseraceae</family>
    <pronunciation>ber-SER-uh  sim-uh-ROO-buh</pronunciation>
    <species>simaruba</species>
    <genus>Bursera</genus>
    <commonname>Gumbo-Limbo</commonname>
  </name>
  <photographs>
    <entireplant>13660660</entireplant>
    <other>8751498</other>
    <foliage>14225128</foliage>
    <trunk>14773778</trunk>
  </photographs>
  <crowncanopy>
    <texture>medium</texture>
    <density>open</density>
    <shape>round</shape>
    <uniformity>irregular</uniformity>
  </crowncanopy>
  <other>
    <verticilliumwilt>unknown</verticilliumwilt>
    <outstandingtree>yes</outstandingtree>
    <winterinterest>yes</winterinterest>
    <invasivepotential>native to North America</invasivepotential>
    <surfacerooting>can form large surface roots</surfacerooting>
    <availability>generally available</availability>
    <ozonesensitivity>unknown</ozonesensitivity>
  </other>
  <descriptivetext>&lt;p align="center"&gt;&lt;b&gt;&lt;em&gt;Bursera simaruba &lt;/em&gt;Gumbo-Limbo &lt;/b&gt;&lt;/p&gt;&lt;p align="left"&gt;

This large semievergreen tree, with an open, irregular to rounded crown, may reach 60 feet in height with an equal or wider spread but is usually seen smaller (25 to 40 feet tall and 25 to 30 feet wide) in landscape plantings.  The trunk and branches are thick and are covered with resinous, smooth, peeling coppery bark with an attractive, shiny, freshly-varnished appearance.  The tree typically develops from two to four, large-diameter limbs originating close to the ground.  A native of south Florida and the tropical offshore islands, the soft, light-weight and easily carved wood of gumbo-limbo was used for making carousel horses before the advent of molded plastics. &lt;/p&gt;&lt;p align="left"&gt;

Although growth rate is rapid and wood is soft, gumbo-limbo trees have great resistance to strong winds, drought, and neglect.  Drought avoidance is accomplished by leaf drop and growth is often best in drier locations not receiving irrigation.  The inconspicuous flowers are followed by red, three-sided berries which split into three sections at maturity to reveal a 1/4-inch triangular red seed.  The fruit takes a year to ripen and matures in early summer. &lt;/p&gt;&lt;p align="left"&gt;

Gumbo-limbo grows in full sun or partial shade on a wide range of well-drained soils.  Tolerant of moderate amounts of salt spray, gumbo-limbo adapts to alkaline or poor, deep white sands but will also grow quickly on more fertile soil.  Once established, gumbo-limbo requires little attention other than occasional pruning to remove lower branches which may droop close to the ground. &lt;/p&gt;&lt;p align="left"&gt;

Gumbo-limbo is ideal for a freestanding specimen on a large property or as a street tree but does need room to grow.  Lower branches will grow close to the ground, so street trees will have to be trained early for proper development.  Locate the lowest permanent branch about 15 feet off the ground to provide enough clearance for a street tree planting.  Specimen trees are often grown with branches beginning much closer to the ground, providing a beautiful specimen plant with wonderful bark. &lt;/p&gt;&lt;p align="left"&gt;

Propagation is by seed which germinates readily if fresh but, most often, gumbo-limbo is propagated by cuttings of any size twig or branch.  Huge truncheons (up to 12 inches in diameter) are planted in the ground where they sprout and grow into a tree.  Be sure to properly prune and train a tree grown in this fashion, since many sprouts often develop along the trunk after planting.  A tree left to grow in this manner usually develops weak branches which may fall from the tree as it grows older.  Space major branches out along the main trunk to create a strong tree.  It is probably best to plant seed-grown trees or those propagated from smaller, more traditionally-sized cuttings. &lt;/p&gt;</descriptivetext>
  <growthrate>moderate</growthrate>
</tree>