<?xml version="1.0" encoding="UTF-8" standalone="no"?><tree>
  <diseases>&lt;p align="center"&gt;&lt;b&gt;&lt;u&gt;Diseases&lt;/u&gt;&lt;/b&gt;&lt;/p&gt;&lt;p align="left"&gt;

Dwarf Poinciana is susceptible to mushroom root rot, especially in poorly-drained soil. &lt;/p&gt;</diseases>
  <planttype>shrub, tree</planttype>
  <size>
    <height>10 to 15 feet</height>
    <maturespread>10 to 12 feet</maturespread>
    <maintainableheight>6 to 12 feet</maintainableheight>
    <matureheight>8 to 12 feet</matureheight>
    <spread>10 to 15 feet</spread>
  </size>
  <use>reclamation, specimen, recommended</use>
  <flower>
    <season>flowers year-round</season>
    <color>red, yellow, orange</color>
    <fragrance>no</fragrance>
    <showiness>very showy</showiness>
  </flower>
  <other>
    <verticilliumwilt>unknown</verticilliumwilt>
    <outstandingtree>no</outstandingtree>
    <winterinterest>yes</winterinterest>
    <invasivepotential>not assessed or incomplete data</invasivepotential>
    <surfacerooting>not a problem</surfacerooting>
    <availability>somewhat available</availability>
    <ozonesensitivity>unknown</ozonesensitivity>
  </other>
  <fruit>
    <composition>dry or hard</composition>
    <attractiontowildlife>little</attractiontowildlife>
    <edible>no</edible>
    <shape>pod or pod-like</shape>
    <showiness>not showy</showiness>
    <length>3 to 6 inches</length>
    <persistant>no</persistant>
    <litter>fruit/leaves not a litter problem</litter>
    <color>brown</color>
  </fruit>
  <factsheet>ST107</factsheet>
  <growthrate>fast</growthrate>
  <crowncanopy>
    <texture>fine</texture>
    <density>moderate</density>
    <shape>round</shape>
    <uniformity>irregular</uniformity>
  </crowncanopy>
  <photographs>
    <spring>8846827</spring>
    <entireplant>1043135</entireplant>
    <flower>799890</flower>
    <foliage>14192144</foliage>
    <trunk>6471541</trunk>
  </photographs>
  <name>
    <listingname>Dwarf Poinciana, Barbados Flowerfence, Poinciana, Dwarf, Flowerfence, Barbados</listingname>
    <family>Leguminosae</family>
    <pronunciation>sez-al-PIN-ee-uh  pul-KAIR-ih-muh</pronunciation>
    <species>pulcherrima</species>
    <genus>Caesalpinia</genus>
    <commonname>Dwarf Poinciana, Barbados Flowerfence</commonname>
  </name>
  <trunkandbranches>
    <currentyeartwigcolor>green, brown</currentyeartwigcolor>
    <numberoftrunks>typically multi-trunked, can be trained to one trunk</numberoftrunks>
    <pruningrequirement>needed for strong structure</pruningrequirement>
    <showiness>not showy</showiness>
    <currentyeartwigthickness>thick</currentyeartwigthickness>
    <trunkandbranchbreakage>susceptible to breakage</trunkandbranchbreakage>
    <woodspecificgravity>unknown</woodspecificgravity>
    <branchdrooping>branches droop</branchdrooping>
    <crownshaft>not applicable</crownshaft>
    <barkthickness>thick</barkthickness>
    <thorns>yes</thorns>
  </trunkandbranches>
  <rangemap>Range Map RM9B11</rangemap>
  <descriptivetext>&lt;p align="center"&gt;&lt;b&gt;&lt;em&gt;Caesalpinia pulcherrima &lt;/em&gt;Dwarf Poinciana, Barbados Flowerfence &lt;/b&gt;&lt;/p&gt;&lt;p align="left"&gt;

Brilliant scarlet and yellow flowers, feathery foliage, and quick growth make Dwarf Poinciana a popular evergreen shrub.  It is hard to find a more attractive flower.  Also known as Barbados Flower-Fence, this open-branched, fine-textured shrub will tolerate hot, dry areas, and forms an effective thorny barrier.  It flowers year-round with peak displays in spring and fall. &lt;/p&gt;&lt;p align="left"&gt;

Full sun is preferred for best flowering but some shade is tolerated.  Any soil is suitable as long as it is well-drained.  Dwarf Poinciana is perfectly suited to informal plantings.  This is a beautiful, refreshing addition to any garden or yard as a specimen or as an accent toward the middle or back of a shrub border.  Tipping the branches during the growing season creates a fuller shrub and more flowers.  With some training and pruning, you can create a small, 12 to 15-foot-tall multistemmed tree, but the natural form is a low branched, full, widespreading shrub about 10 feet tall and wide.  Allow plenty of room for this plant to develop as a shrub. &lt;/p&gt;&lt;p align="left"&gt;

Propagation is by seed which germinate faster if scarified or soaked in hot water. &lt;/p&gt;</descriptivetext>
  <pestresistance>resistant to pests/diseases</pestresistance>
  <foliage>
    <shape>oblong, elliptic (oval)</shape>
    <summercolor>green</summercolor>
    <spiny>no</spiny>
    <type>bipinnately compound, even-pinnately compound</type>
    <arrangement>opposite/subopposite</arrangement>
    <bladelength>less than 2 inches</bladelength>
    <venation>reticulate, pinnate</venation>
    <fallcharacteristics>not showy</fallcharacteristics>
    <margin>entire</margin>
    <fallcolor>no color change</fallcolor>
    <persistence>evergreen</persistence>
  </foliage>
  <pests>&lt;p align="center"&gt;&lt;b&gt;&lt;u&gt;Pests&lt;/u&gt;&lt;/b&gt;&lt;/p&gt;&lt;p align="left"&gt;

Scale will present an occasional problem. &lt;/p&gt;</pests>
  <usdahardinesszone>9B-11</usdahardinesszone>
  <culturetolerances>
    <saltspraytolerance>moderate</saltspraytolerance>
    <soilphtolerance>acidic, alkaline</soilphtolerance>
    <lightrequirements>full sun, partial sun or partial shade</lightrequirements>
    <soilsalttolerance>unknown</soilsalttolerance>
    <droughttolerance>high</droughttolerance>
    <soildrainagetolerance>well-drained</soildrainagetolerance>
    <soiltexturetolerance>clay, sand, loam</soiltexturetolerance>
  </culturetolerances>
  <nativeorigin>
    <nativetonorthamerica>no</nativetonorthamerica>
    <recommendedfordryclimates>no</recommendedfordryclimates>
    <nativefloridacounty>Not Native to Florida</nativefloridacounty>
  </nativeorigin>
  <lifespan>less than 25 years</lifespan>
</tree>