<?xml version="1.0" encoding="UTF-8" standalone="no"?><tree>
  <foliage>
    <shape>oblong, elliptic (oval)</shape>
    <summercolor>green</summercolor>
    <spiny>no</spiny>
    <type>bipinnately compound</type>
    <arrangement>opposite/subopposite</arrangement>
    <bladelength>less than 2 inches</bladelength>
    <venation>reticulate, pinnate</venation>
    <fallcharacteristics>not showy</fallcharacteristics>
    <margin>entire</margin>
    <fallcolor>no color change</fallcolor>
    <persistence>evergreen</persistence>
  </foliage>
  <rangemap>Range Map RM10B11</rangemap>
  <pestresistance>resistant to pests/diseases</pestresistance>
  <lifespan>25 to 50 years</lifespan>
  <culturetolerances>
    <saltspraytolerance>low</saltspraytolerance>
    <soilphtolerance>acidic, alkaline</soilphtolerance>
    <lightrequirements>full sun, partial sun or partial shade</lightrequirements>
    <soilsalttolerance>unknown</soilsalttolerance>
    <droughttolerance>moderate</droughttolerance>
    <soildrainagetolerance>well-drained</soildrainagetolerance>
    <soiltexturetolerance>clay, sand, loam</soiltexturetolerance>
  </culturetolerances>
  <flower>
    <season>flowers in summer</season>
    <color>yellow</color>
    <fragrance>no</fragrance>
    <showiness>very showy</showiness>
  </flower>
  <planttype>tree</planttype>
  <use>reclamation, specimen, deck or patio, container or planter, recommended</use>
  <usdahardinesszone>10B-11</usdahardinesszone>
  <nativeorigin>
    <nativetonorthamerica>no</nativetonorthamerica>
    <recommendedfordryclimates>no</recommendedfordryclimates>
    <nativefloridacounty>Not Native to Florida</nativefloridacounty>
  </nativeorigin>
  <size>
    <height>15 to 25 feet</height>
    <maturespread>12 to 18 feet</maturespread>
    <maintainableheight>not suitable for clipping</maintainableheight>
    <matureheight>15 to 25 feet</matureheight>
    <spread>10 to 15 feet</spread>
  </size>
  <pestsanddiseases>&lt;p align="center"&gt;&lt;b&gt;&lt;u&gt;Pests and Diseases&lt;/u&gt;&lt;/b&gt;&lt;/p&gt;&lt;p align="left"&gt;

Leaf chewing insects occasionally eat some foliage.  The plant has not been widely grown so its pest problems are not well known. &lt;/p&gt;</pestsanddiseases>
  <trunkandbranches>
    <currentyeartwigcolor>green, brown</currentyeartwigcolor>
    <numberoftrunks>typically multi-trunked, can be trained to one trunk</numberoftrunks>
    <pruningrequirement>needed for strong structure</pruningrequirement>
    <showiness>not showy</showiness>
    <currentyeartwigthickness>medium</currentyeartwigthickness>
    <trunkandbranchbreakage>resistant</trunkandbranchbreakage>
    <woodspecificgravity>unknown</woodspecificgravity>
    <branchdrooping>branches droop</branchdrooping>
    <crownshaft>not applicable</crownshaft>
    <barkthickness>thick</barkthickness>
    <thorns>no</thorns>
  </trunkandbranches>
  <fruit>
    <composition>dry or hard</composition>
    <attractiontowildlife>little</attractiontowildlife>
    <edible>no</edible>
    <shape>pod or pod-like</shape>
    <showiness>not showy</showiness>
    <length>3 to 6 inches</length>
    <persistant>no</persistant>
    <litter>fruit/leaves not a litter problem</litter>
    <color>brown</color>
  </fruit>
  <name>
    <listingname>Mexican Caesalpinia, Caesalpinia, Mexican</listingname>
    <family>Leguminosae</family>
    <pronunciation>sez-al-PIN-ee-uh  meck-sih-KAY-nuh</pronunciation>
    <species>mexicana</species>
    <genus>Caesalpinia</genus>
    <commonname>Mexican Caesalpinia</commonname>
  </name>
  <photographs>
    <foliage>8671140</foliage>
    <entireplant>15182069</entireplant>
  </photographs>
  <crowncanopy>
    <texture>fine</texture>
    <density>moderate</density>
    <shape>round</shape>
    <uniformity>irregular</uniformity>
  </crowncanopy>
  <other>
    <verticilliumwilt>unknown</verticilliumwilt>
    <outstandingtree>no</outstandingtree>
    <winterinterest>no</winterinterest>
    <invasivepotential>not assessed or incomplete data</invasivepotential>
    <surfacerooting>not a problem</surfacerooting>
    <availability>somewhat available</availability>
    <ozonesensitivity>unknown</ozonesensitivity>
  </other>
  <descriptivetext>&lt;p align="center"&gt;&lt;b&gt;&lt;em&gt;Caesalpinia mexicana &lt;/em&gt;Mexican Poinciana &lt;/b&gt;&lt;/p&gt;&lt;p align="left"&gt;

Fine textured foliage and bright yellow flowers borne on the new growth combine to make this a wonderful small tree or large shrub for any garden or landscape.  Flowers cover the canopy for several months during the warm season.  Soft flowers and pinnately compoundfoliage contrast with the small, inconspicuous thorns present along the stems.  The pods are slightly curled and seeds germinate only locally in the landscape.  They do not appear to spread to other landscapes. &lt;/p&gt;&lt;p align="left"&gt;

Locate Mexican Poinciana in full sun in any spot in the landscape including near a patio or deck, or in a shrub border to add color and texture.  Train the plant into a small tree by removing lower foliage and branches, or let the rounded form develop with branches drooping to the ground if there is enough room for it to spread.  The outstanding flower display and small size makes it well suited for planting in a container, even in a hot, dry location.  Good drought tolerance makes it well adapted for planting in parking lot buffers strips and in other tough sights. &lt;/p&gt;</descriptivetext>
  <growthrate>moderate</growthrate>
</tree>