<?xml version="1.0" encoding="UTF-8" standalone="no"?><tree>
  <foliage>
    <shape>obovate</shape>
    <summercolor>green</summercolor>
    <spiny>no</spiny>
    <type>bipinnately compound</type>
    <arrangement>alternate</arrangement>
    <bladelength>less than 2 inches</bladelength>
    <venation>pinnate</venation>
    <fallcharacteristics>not showy</fallcharacteristics>
    <margin>entire</margin>
    <fallcolor>no color change</fallcolor>
    <persistence>evergreen</persistence>
  </foliage>
  <rangemap>Range Map RM10B11</rangemap>
  <pestresistance>free of serious pests and diseases</pestresistance>
  <lifespan>more than 50 years</lifespan>
  <culturetolerances>
    <saltspraytolerance>low</saltspraytolerance>
    <soilphtolerance>alkaline, acidic</soilphtolerance>
    <lightrequirements>full sun</lightrequirements>
    <soilsalttolerance>unknown</soilsalttolerance>
    <droughttolerance>moderate</droughttolerance>
    <soildrainagetolerance>well-drained</soildrainagetolerance>
    <soiltexturetolerance>clay, sand, loam</soiltexturetolerance>
  </culturetolerances>
  <flower>
    <season>flowers in summer, flowers in fall</season>
    <color>yellow</color>
    <fragrance>no</fragrance>
    <showiness>showy</showiness>
  </flower>
  <planttype>tree</planttype>
  <factsheet>ST106</factsheet>
  <use>sidewalk cutout (tree pit), specimen, street without sidewalk, parking lot island &lt; 100 sq ft, parking lot island 100-200 sq ft, parking lot island &gt; 200 sq ft, tree lawn 3-4 feet wide, tree lawn 4-6 feet wide, tree lawn &gt; 6 ft wide, shade, bonsai, highway median, container or planter, trained as a standard, recommended</use>
  <usdahardinesszone>10B-11</usdahardinesszone>
  <nativeorigin>
    <nativetonorthamerica>no</nativetonorthamerica>
    <recommendedfordryclimates>no</recommendedfordryclimates>
    <nativefloridacounty>Not Native to Florida</nativefloridacounty>
  </nativeorigin>
  <size>
    <height>25 to 50 feet</height>
    <maturespread>25 to 35 feet</maturespread>
    <maintainableheight>not suitable for clipping</maintainableheight>
    <matureheight>30 to 35 feet</matureheight>
    <spread>25 to 35 feet</spread>
  </size>
  <pestsanddiseases>&lt;p align="center"&gt;&lt;b&gt;&lt;u&gt;Pests and Diseases&lt;/u&gt;&lt;/b&gt;&lt;/p&gt;&lt;p align="left"&gt;

No pests or diseases are of major concern. &lt;/p&gt;</pestsanddiseases>
  <trunkandbranches>
    <currentyeartwigcolor>green</currentyeartwigcolor>
    <numberoftrunks>typically multi-trunked, can be trained to one trunk</numberoftrunks>
    <pruningrequirement>needed for strong structure</pruningrequirement>
    <showiness>very showy</showiness>
    <currentyeartwigthickness>thin</currentyeartwigthickness>
    <trunkandbranchbreakage>resistant</trunkandbranchbreakage>
    <woodspecificgravity>unknown</woodspecificgravity>
    <branchdrooping>branches don't droop</branchdrooping>
    <crownshaft>not applicable</crownshaft>
    <barkthickness>thin bark</barkthickness>
    <thorns>no</thorns>
  </trunkandbranches>
  <fruit>
    <composition>dry or hard</composition>
    <attractiontowildlife>little</attractiontowildlife>
    <edible>no</edible>
    <shape>pod or pod-like</shape>
    <showiness>not showy</showiness>
    <length>unknown</length>
    <persistant>no</persistant>
    <litter>fruit/leaves not a litter problem</litter>
    <color>unknown</color>
  </fruit>
  <name>
    <listingname>Bridalveil Tree</listingname>
    <family>Leguminosae</family>
    <pronunciation>sez-al-PIN-ee-uh  gran-uh-DILL-oh</pronunciation>
    <species>granadillo</species>
    <genus>Caesalpinia</genus>
    <commonname>Bridalveil Tree</commonname>
  </name>
  <photographs>
    <entireplant>14136605</entireplant>
    <other>14559737</other>
    <foliage>5135171</foliage>
    <trunk>10251015</trunk>
  </photographs>
  <crowncanopy>
    <texture>fine</texture>
    <density>moderate</density>
    <shape>vase</shape>
    <uniformity>irregular</uniformity>
  </crowncanopy>
  <other>
    <verticilliumwilt>unknown</verticilliumwilt>
    <outstandingtree>yes</outstandingtree>
    <winterinterest>yes</winterinterest>
    <invasivepotential>not assessed or incomplete data</invasivepotential>
    <surfacerooting>not a problem</surfacerooting>
    <availability>rarely available</availability>
    <ozonesensitivity>unknown</ozonesensitivity>
  </other>
  <descriptivetext>&lt;p align="center"&gt;&lt;b&gt;&lt;em&gt;Caesalpinia granadillo &lt;/em&gt;Bridalveil Tree &lt;/b&gt;&lt;/p&gt;&lt;p align="left"&gt;

Bridalveil Tree makes a wonderful shade tree, the 35-foot-high tree clothed with finely textured, pinnately compound, evergreen leaves.  In summer and fall, Bridalveil Tree is decorated with showy yellow blossoms.  The bark is also quite striking, peeling off in thin strips showing an unusual green and grey mottling.  The tree is usually found growing with several trunks originating from the lower four feet of the tree.  This feature, along with the unusual bark traits, make this a highly desirable tree for planting in almost any landscape. &lt;/p&gt;&lt;p align="left"&gt;

Not commonly available in nurseries, Bridalveil Tree may increase in popularity once people discover its outstanding characteristics.  The fine-textured foliage combines with an upright-vase shape to form a canopy tree with few equals.  It is well suited for a residence, staying small enough to keep it from overtaking a property.  It can be planted on 25 foot centers along a road, or placed in a parking lot buffer strip to create a nice canopy of soft foliage. &lt;/p&gt;&lt;p align="left"&gt;

Bridalveil Tree should be grown in full sun on well-drained soil.  The tree is moderately drought-tolerant.  Early pruning is needed to prevent bark from pinching or becoming embedded in the crotches. &lt;/p&gt;&lt;p align="left"&gt;

Propagation is by seed. &lt;/p&gt;</descriptivetext>
  <growthrate>moderate</growthrate>
</tree>