<?xml version="1.0" encoding="UTF-8" standalone="no"?><tree>
  <diseases>&lt;p align="center"&gt;&lt;b&gt;&lt;u&gt;Diseases&lt;/u&gt;&lt;/b&gt;&lt;/p&gt;&lt;p align="left"&gt;

Root rot in wet soil, and canker.  A twig gall, formed in response to a fungus ( &lt;em&gt;Sphaeropsis tumefacens &lt;/em&gt;), can disfigure the tree.  The tree is often short-lived due to disease. &lt;/p&gt;</diseases>
  <planttype>tree</planttype>
  <size>
    <height>15 to 25 feet</height>
    <maturespread>15 to 20 feet</maturespread>
    <maintainableheight>not suitable for clipping</maintainableheight>
    <matureheight>15 to 20 feet</matureheight>
    <spread>15 to 25 feet</spread>
  </size>
  <use>hedge, deck or patio, specimen, screen, container or planter, street without sidewalk, parking lot island &lt; 100 sq ft, parking lot island 100-200 sq ft, parking lot island &gt; 200 sq ft, tree lawn 3-4 feet wide, tree lawn 4-6 feet wide, tree lawn &gt; 6 ft wide, highway median, recommended</use>
  <flower>
    <season>flowers in spring, flowers in summer</season>
    <color>red</color>
    <fragrance>no</fragrance>
    <showiness>very showy</showiness>
  </flower>
  <other>
    <verticilliumwilt>resistant</verticilliumwilt>
    <outstandingtree>no</outstandingtree>
    <winterinterest>no</winterinterest>
    <invasivepotential>not assessed or incomplete data</invasivepotential>
    <surfacerooting>not a problem</surfacerooting>
    <availability>generally available</availability>
    <ozonesensitivity>unknown</ozonesensitivity>
  </other>
  <fruit>
    <composition>dry or hard</composition>
    <attractiontowildlife>little</attractiontowildlife>
    <edible>no</edible>
    <shape>round</shape>
    <showiness>not showy</showiness>
    <length>less than .5 inch</length>
    <persistant>yes</persistant>
    <litter>fruit/leaves not a litter problem</litter>
    <color>brown</color>
  </fruit>
  <factsheet>ST111</factsheet>
  <growthrate>moderate</growthrate>
  <crowncanopy>
    <texture>fine</texture>
    <density>open</density>
    <shape>weeping, round</shape>
    <uniformity>irregular</uniformity>
  </crowncanopy>
  <photographs>
    <spring>15549854</spring>
    <entireplant>4909834</entireplant>
    <flower>8632712</flower>
    <foliage>13987023</foliage>
    <trunk>5315005</trunk>
  </photographs>
  <name>
    <listingname>Weeping Bottlebrush, Bottlebrush, Weeping</listingname>
    <family>Myrtaceae</family>
    <pronunciation>kal-liss-STEE-mawn  vim-min-NAY-liss</pronunciation>
    <species>viminalis</species>
    <genus>Callistemon</genus>
    <commonname>Weeping Bottlebrush</commonname>
  </name>
  <trunkandbranches>
    <currentyeartwigcolor>gray</currentyeartwigcolor>
    <numberoftrunks>typically multi-trunked, can be trained to one trunk</numberoftrunks>
    <pruningrequirement>needed for strong structure</pruningrequirement>
    <showiness>not showy</showiness>
    <currentyeartwigthickness>medium</currentyeartwigthickness>
    <trunkandbranchbreakage>resistant</trunkandbranchbreakage>
    <woodspecificgravity>unknown</woodspecificgravity>
    <branchdrooping>branches droop</branchdrooping>
    <crownshaft>not applicable</crownshaft>
    <barkthickness>thick</barkthickness>
    <thorns>no</thorns>
  </trunkandbranches>
  <rangemap>Range Map RM9B11</rangemap>
  <descriptivetext>&lt;p align="center"&gt;&lt;b&gt;&lt;em&gt;Callistemon viminalis &lt;/em&gt;Weeping Bottlebrush &lt;/b&gt;&lt;/p&gt;&lt;p align="left"&gt;

This popular evergreen tree has a dense, multitrunked, low-branching, pendulous growth habit and a moderate growth rate.  Mature specimens can reach 25 to 30 feet tall in 30-years but most trees are seen 15 to 20 feet high and wide.  The narrow, light green, three to four-inch-long leaves tend to grow only at the ends of the long, hanging branches, creating a weeping effect.  The cylindrical, bright scarlet blooms, three to five inches long and one-inch wide, are composed of multiple, long, bristlelike stamens.  These blooms appear in great abundance March through July, less so throughout the year.  The flowers are followed by persistent woody capsules which are not noticed unless you are close to the tree. &lt;/p&gt;&lt;p align="left"&gt;

Weeping Bottlebrushes should be grown in full sun, preferably on moist, well-drained soil.  Although they can tolerate some drought, best flowering and growth is obtained with ample moisture and regular fertilization.  Be sure the soil drains well as roots often rot in wet soil.  The brittle wood of Weeping Bottlebrush may make it unsuitable for windy areas but this is usually not a problem in most locations.  They are not suitable for street tree planting due to the weeping growth habit, but will make nice plantings along streets in wide medians.  Lower branches can be removed so cars can fit beneath in parking lots where they grow well in the restricted soil space.  Occasional pruning of pendulous branches will be required for vehicle clearance.  One of the best uses is for lawn specimens, or screens on large properties, with a regular maintenance program. &lt;/p&gt;&lt;p align="left"&gt;

The cultivar `Red Cascade' has large red flowers in spring and fall.   &lt;em&gt;Callistemon citrinis &lt;/em&gt; and  &lt;em&gt;Callistemon rigidus &lt;/em&gt; are hardy in the southern part of USDA hardiness zone 8b. &lt;/p&gt;&lt;p align="left"&gt;

Propagation is by seeds or cuttings. &lt;/p&gt;</descriptivetext>
  <pestresistance>resistant to pests/diseases</pestresistance>
  <foliage>
    <shape>lanceolate, linear</shape>
    <summercolor>green</summercolor>
    <spiny>no</spiny>
    <type>simple</type>
    <arrangement>alternate</arrangement>
    <bladelength>less than 2 inches, 2 to 4 inches</bladelength>
    <venation>parallel</venation>
    <fallcharacteristics>not showy</fallcharacteristics>
    <margin>entire</margin>
    <fallcolor>no color change</fallcolor>
    <persistence>evergreen</persistence>
  </foliage>
  <pests>&lt;p align="center"&gt;&lt;b&gt;&lt;u&gt;Pests&lt;/u&gt;&lt;/b&gt;&lt;/p&gt;&lt;p align="left"&gt;

Mites and witches broom can be troublesome. &lt;/p&gt;</pests>
  <usdahardinesszone>9B-11</usdahardinesszone>
  <culturetolerances>
    <saltspraytolerance>moderate</saltspraytolerance>
    <soilphtolerance>slightly alkaline, acidic</soilphtolerance>
    <lightrequirements>full sun</lightrequirements>
    <soilsalttolerance>unknown</soilsalttolerance>
    <droughttolerance>high</droughttolerance>
    <soildrainagetolerance>well-drained</soildrainagetolerance>
    <soiltexturetolerance>clay, sand, loam</soiltexturetolerance>
  </culturetolerances>
  <nativeorigin>
    <nativetonorthamerica>no</nativetonorthamerica>
    <recommendedfordryclimates>no</recommendedfordryclimates>
    <nativefloridacounty>Not Native to Florida</nativefloridacounty>
  </nativeorigin>
  <lifespan>25 to 50 years</lifespan>
</tree>