<?xml version="1.0" encoding="UTF-8" standalone="no"?><tree>
  <diseases>&lt;p align="center"&gt;&lt;b&gt;&lt;u&gt;Diseases&lt;/u&gt;&lt;/b&gt;&lt;/p&gt;&lt;p align="left"&gt;

If the soil is too moist, root and crown-attacking fungus diseases can be a problem.  Prevention is your best hope--keep the plant on the dry side with low fertility and good air circulation. &lt;/p&gt;&lt;p align="left"&gt;

A twig gall, formed in response to a fungus ( &lt;em&gt;Sphaeropsis tumefacens &lt;/em&gt;), can disfigure the tree. &lt;/p&gt;&lt;p align="left"&gt;

Chlorosis, a systemic condition which causes new leaves to turn yellow, can be corrected with treatment of the soil using iron sulfate or iron chelate. &lt;/p&gt;</diseases>
  <planttype>shrub, tree</planttype>
  <size>
    <height>10 to 15 feet</height>
    <maturespread>10 to 15 feet</maturespread>
    <maintainableheight>6 to 12 feet, 12 or more feet</maintainableheight>
    <matureheight>10 to 15 feet</matureheight>
    <spread>10 to 15 feet</spread>
  </size>
  <use>hedge, parking lot island &lt; 100 sq ft, parking lot island 100-200 sq ft, parking lot island &gt; 200 sq ft, tree lawn 3-4 feet wide, tree lawn 4-6 feet wide, tree lawn &gt; 6 ft wide, street without sidewalk, espalier, screen, specimen, container or planter, deck or patio, highway median, recommended</use>
  <flower>
    <season>flowers in spring, flowers in summer</season>
    <color>red</color>
    <fragrance>no</fragrance>
    <showiness>very showy</showiness>
  </flower>
  <other>
    <verticilliumwilt>resistant</verticilliumwilt>
    <outstandingtree>no</outstandingtree>
    <winterinterest>no</winterinterest>
    <invasivepotential>not a problem species</invasivepotential>
    <surfacerooting>not a problem</surfacerooting>
    <availability>somewhat available</availability>
    <ozonesensitivity>unknown</ozonesensitivity>
  </other>
  <fruit>
    <composition>dry or hard</composition>
    <attractiontowildlife>little</attractiontowildlife>
    <edible>no</edible>
    <shape>round</shape>
    <showiness>showy</showiness>
    <length>less than .5 inch</length>
    <persistant>yes</persistant>
    <litter>fruit/leaves not a litter problem</litter>
    <color>brown</color>
  </fruit>
  <factsheet>ST110</factsheet>
  <growthrate>moderate</growthrate>
  <crowncanopy>
    <texture>fine</texture>
    <density>moderate</density>
    <shape>upright/erect, round</shape>
    <uniformity>symmetrical</uniformity>
  </crowncanopy>
  <photographs>
    <entireplant>145716</entireplant>
    <flower>5120081</flower>
    <foliage>10046843</foliage>
  </photographs>
  <name>
    <listingname>Red Bottlebrush, Lemon Bottlebrush, Bottlebrush, Red, Bottlebrush, Lemon</listingname>
    <family>Myrtaceae</family>
    <pronunciation>kal-liss-STEE-mawn  sih-TRY-nus</pronunciation>
    <species>citrinus</species>
    <genus>Callistemon</genus>
    <commonname>Red Bottlebrush, Lemon Bottlebrush</commonname>
  </name>
  <trunkandbranches>
    <currentyeartwigcolor>gray</currentyeartwigcolor>
    <numberoftrunks>typically multi-trunked</numberoftrunks>
    <pruningrequirement>little required</pruningrequirement>
    <showiness>not showy</showiness>
    <currentyeartwigthickness>medium</currentyeartwigthickness>
    <trunkandbranchbreakage>resistant</trunkandbranchbreakage>
    <woodspecificgravity>unknown</woodspecificgravity>
    <branchdrooping>branches droop</branchdrooping>
    <crownshaft>not applicable</crownshaft>
    <barkthickness>thick</barkthickness>
    <thorns>no</thorns>
  </trunkandbranches>
  <rangemap>Range Map RM9A11</rangemap>
  <descriptivetext>&lt;p align="center"&gt;&lt;b&gt;&lt;em&gt;Callistemon citrinus &lt;/em&gt;Red Bottlebrush, Lemon Bottlebrush &lt;/b&gt;&lt;/p&gt;&lt;p align="left"&gt;

The common name, "bottlebrush", perfectly describes this evergreen plant's bright red flower spikes.  Hummingbirds love the flowers, and the plant is hardier than most Bottlebrushes.  The flowers are followed by small, woody capsules that look like bead bracelets on the bark, and which last for years.  Offered as a shrub, Bottlebrush can be trained as a tree to 15 feet or espaliered as a quick wall cover.  It makes a nice screen or tall unclipped hedge.  Pruning to develop several trunks and removing some lower branches can create a fine small specimen tree. &lt;/p&gt;&lt;p align="left"&gt;

A good choice for a spot offering full sun, it will adapt to a variety of soils.  Very drought-tolerant once established, Bottlebrush tolerates any soil except very poor, alkaline, or poorly-drained.  Fertilize regularly to maintain good flower color and dark green foliage.  Suckers from the trunk need to be removed periodically to maintain tree form. &lt;/p&gt;&lt;p align="left"&gt;

Propagation is usually from cuttings as it is variable when grown from seed. &lt;/p&gt;</descriptivetext>
  <pestresistance>resistant to pests/diseases</pestresistance>
  <foliage>
    <shape>lanceolate, linear</shape>
    <summercolor>green</summercolor>
    <spiny>no</spiny>
    <type>simple</type>
    <arrangement>alternate</arrangement>
    <bladelength>less than 2 inches, 2 to 4 inches</bladelength>
    <venation>pinnate</venation>
    <fallcharacteristics>not showy</fallcharacteristics>
    <margin>entire</margin>
    <fallcolor>no color change</fallcolor>
    <persistence>evergreen</persistence>
  </foliage>
  <pests>&lt;p align="center"&gt;&lt;b&gt;&lt;u&gt;Pests&lt;/u&gt;&lt;/b&gt;&lt;/p&gt;&lt;p align="left"&gt;

No particular insect pests are listed for Callistemon. &lt;/p&gt;</pests>
  <usdahardinesszone>9A-11</usdahardinesszone>
  <culturetolerances>
    <saltspraytolerance>moderate</saltspraytolerance>
    <soilphtolerance>acidic</soilphtolerance>
    <lightrequirements>full sun</lightrequirements>
    <soilsalttolerance>unknown</soilsalttolerance>
    <droughttolerance>high</droughttolerance>
    <soildrainagetolerance>well-drained</soildrainagetolerance>
    <soiltexturetolerance>clay, sand, loam</soiltexturetolerance>
  </culturetolerances>
  <nativeorigin>
    <nativetonorthamerica>no</nativetonorthamerica>
    <recommendedfordryclimates>yes</recommendedfordryclimates>
    <nativefloridacounty>Not Native to Florida</nativefloridacounty>
  </nativeorigin>
  <lifespan>less than 25 years</lifespan>
</tree>