<?xml version="1.0" encoding="UTF-8" standalone="no"?><tree>
  <diseases>&lt;p align="center"&gt;&lt;b&gt;&lt;u&gt;Diseases&lt;/u&gt;&lt;/b&gt;&lt;/p&gt;&lt;p align="left"&gt;

No diseases are of major concern. &lt;/p&gt;</diseases>
  <planttype>shrub, tree</planttype>
  <size>
    <height>10 to 15 feet</height>
    <maturespread>10 to 15 feet</maturespread>
    <maintainableheight>6 to 12 feet, 12 or more feet</maintainableheight>
    <matureheight>12 to 15 feet</matureheight>
    <spread>10 to 15 feet</spread>
  </size>
  <use>hedge, specimen, deck or patio, container or planter, trained as a standard, espalier, highway median, recommended</use>
  <flower>
    <season>flowers year-round</season>
    <color>pink</color>
    <fragrance>pleasant</fragrance>
    <showiness>showy</showiness>
  </flower>
  <other>
    <verticilliumwilt>unknown</verticilliumwilt>
    <outstandingtree>no</outstandingtree>
    <winterinterest>yes</winterinterest>
    <invasivepotential>not assessed or incomplete data</invasivepotential>
    <surfacerooting>not a problem</surfacerooting>
    <availability>rarely available</availability>
    <ozonesensitivity>unknown</ozonesensitivity>
  </other>
  <fruit>
    <composition>dry or hard</composition>
    <attractiontowildlife>little</attractiontowildlife>
    <edible>no</edible>
    <shape>pod or pod-like</shape>
    <showiness>not showy</showiness>
    <length>3 to 6 inches</length>
    <persistant>no</persistant>
    <litter>fruit/leaves not a litter problem</litter>
    <color>brown</color>
  </fruit>
  <factsheet>ST109</factsheet>
  <growthrate>fast</growthrate>
  <crowncanopy>
    <texture>fine</texture>
    <density>open</density>
    <shape>vase, round</shape>
    <uniformity>irregular</uniformity>
  </crowncanopy>
  <photographs>
  </photographs>
  <name>
    <listingname>Pink Powderpuff, Powderpuff, Pink</listingname>
    <family>Leguminosae</family>
    <pronunciation>kal-ee-AN-druh  ser-ih-nuh-MEN-sis</pronunciation>
    <species>surinamensis</species>
    <genus>Calliandra</genus>
    <commonname>Pink Powderpuff</commonname>
  </name>
  <trunkandbranches>
    <currentyeartwigcolor>green, gray, brown</currentyeartwigcolor>
    <numberoftrunks>typically multi-trunked</numberoftrunks>
    <pruningrequirement>needed for strong structure</pruningrequirement>
    <showiness>not showy</showiness>
    <currentyeartwigthickness>thin, medium</currentyeartwigthickness>
    <trunkandbranchbreakage>resistant</trunkandbranchbreakage>
    <woodspecificgravity>unknown</woodspecificgravity>
    <branchdrooping>branches droop</branchdrooping>
    <crownshaft>not applicable</crownshaft>
    <barkthickness>thin bark</barkthickness>
    <thorns>no</thorns>
  </trunkandbranches>
  <rangemap>Range Map RM9B11</rangemap>
  <descriptivetext>&lt;p align="center"&gt;&lt;b&gt;&lt;em&gt;Calliandra surinamensis &lt;/em&gt;Pink Powderpuff &lt;/b&gt;&lt;/p&gt;&lt;p align="left"&gt;

This large, multiple trunked, low-branching, evergreen shrub has silky leaflets which are glossy copper when new, turning to a dark metallic green.  The profuse, fragrant bloom is the main reason for its popularity, with big puffs, two to three inches across, of watermelon pink and white silky stamens, produced during warm months. &lt;/p&gt;&lt;p align="left"&gt;

With rapid growth in sandy soils and full sun, Powderpuff bush will respond favorably to regular watering while young but should require no special care once established except an occasional pruning to keep it within bounds.  Pinching new growth increases the number of branches and enhances flower display.  Powderpuff bush may be used as a tall (five to six-foot) flowering hedge and is often seen as a small, flowering specimen tree with the lower branches pruned off.  Powderpuff can grow to about 15 feet tall when pruned into a small tree.  The long, arching branches form an attractive canopy suitable for patio or container plantings. &lt;/p&gt;&lt;p align="left"&gt;

Although plants are damaged by freezing temperatures, they grow back from the base in the spring in USDA hardiness zone 9. &lt;/p&gt;&lt;p align="left"&gt;

Propagation is by seed or cuttings. &lt;/p&gt;</descriptivetext>
  <pestresistance>resistant to pests/diseases</pestresistance>
  <foliage>
    <shape>oblong</shape>
    <summercolor>green</summercolor>
    <spiny>no</spiny>
    <type>bipinnately compound, even-pinnately compound</type>
    <arrangement>alternate</arrangement>
    <bladelength>less than 2 inches, 2 to 4 inches</bladelength>
    <venation>parallel, bowed, pinnate</venation>
    <fallcharacteristics>not showy</fallcharacteristics>
    <margin>entire</margin>
    <fallcolor>no color change</fallcolor>
    <persistence>evergreen</persistence>
  </foliage>
  <pests>&lt;p align="center"&gt;&lt;b&gt;&lt;u&gt;Pests&lt;/u&gt;&lt;/b&gt;&lt;/p&gt;&lt;p align="left"&gt;

While usually pest-free, Powderpuff bush can be occasionally infested by mites, caterpillars, or other chewing insects. &lt;/p&gt;</pests>
  <usdahardinesszone>9B-11</usdahardinesszone>
  <culturetolerances>
    <saltspraytolerance>unknown</saltspraytolerance>
    <soilphtolerance>acidic, slightly alkaline</soilphtolerance>
    <lightrequirements>full sun, partial sun or partial shade</lightrequirements>
    <soilsalttolerance>unknown</soilsalttolerance>
    <droughttolerance>high</droughttolerance>
    <soildrainagetolerance>well-drained</soildrainagetolerance>
    <soiltexturetolerance>clay, sand, loam</soiltexturetolerance>
  </culturetolerances>
  <nativeorigin>
    <nativetonorthamerica>no</nativetonorthamerica>
    <recommendedfordryclimates>no</recommendedfordryclimates>
    <nativefloridacounty>Not Native to Florida</nativefloridacounty>
  </nativeorigin>
  <lifespan>less than 25 years</lifespan>
</tree>