<?xml version="1.0" encoding="UTF-8" standalone="no"?><tree>
  <foliage>
    <shape>oblong, elliptic (oval)</shape>
    <summercolor>green</summercolor>
    <spiny>no</spiny>
    <type>simple</type>
    <arrangement>opposite/subopposite</arrangement>
    <bladelength>2 to 4 inches</bladelength>
    <venation>pinnate</venation>
    <fallcharacteristics>not showy</fallcharacteristics>
    <margin>entire</margin>
    <fallcolor>no color change</fallcolor>
    <persistence>evergreen, broadleaf evergreen</persistence>
  </foliage>
  <rangemap>Range Map RM10B11</rangemap>
  <pestresistance>free of serious pests and diseases</pestresistance>
  <lifespan>more than 50 years</lifespan>
  <culturetolerances>
    <saltspraytolerance>high</saltspraytolerance>
    <soilphtolerance>alkaline, acidic</soilphtolerance>
    <lightrequirements>full sun, partial sun or partial shade</lightrequirements>
    <soilsalttolerance>unknown</soilsalttolerance>
    <droughttolerance>high</droughttolerance>
    <soildrainagetolerance>well-drained</soildrainagetolerance>
    <soiltexturetolerance>clay, sand, loam</soiltexturetolerance>
  </culturetolerances>
  <flower>
    <season>flowers in summer</season>
    <color>white/cream/gray</color>
    <fragrance>pleasant</fragrance>
    <showiness>showy</showiness>
  </flower>
  <planttype>tree</planttype>
  <factsheet>ST114</factsheet>
  <use>sidewalk cutout (tree pit), reclamation, specimen, street without sidewalk, deck or patio, screen, shade, hedge, espalier, parking lot island 100-200 sq ft, parking lot island &gt; 200 sq ft, tree lawn 4-6 feet wide, tree lawn &gt; 6 ft wide, urban tolerant, highway median, container or planter, recommended</use>
  <usdahardinesszone>10B-11</usdahardinesszone>
  <nativeorigin>
    <nativetonorthamerica>no</nativetonorthamerica>
    <recommendedfordryclimates>no</recommendedfordryclimates>
    <nativefloridacounty>Not Native to Florida</nativefloridacounty>
  </nativeorigin>
  <size>
    <height>25 to 50 feet</height>
    <maturespread>40 to 50 feet</maturespread>
    <maintainableheight>not suitable for clipping</maintainableheight>
    <matureheight>30 to 40 feet</matureheight>
    <spread>35 to 50 feet</spread>
  </size>
  <pestsanddiseases>&lt;p align="center"&gt;&lt;b&gt;&lt;u&gt;Pests and Diseases&lt;/u&gt;&lt;/b&gt;&lt;/p&gt;&lt;p align="left"&gt;

No pests or diseases are of major concern. &lt;/p&gt;</pestsanddiseases>
  <trunkandbranches>
    <currentyeartwigcolor>green</currentyeartwigcolor>
    <numberoftrunks>typically one trunk</numberoftrunks>
    <pruningrequirement>little required</pruningrequirement>
    <showiness>showy</showiness>
    <currentyeartwigthickness>thick</currentyeartwigthickness>
    <trunkandbranchbreakage>resistant</trunkandbranchbreakage>
    <woodspecificgravity>unknown</woodspecificgravity>
    <branchdrooping>branches droop</branchdrooping>
    <crownshaft>not applicable</crownshaft>
    <barkthickness>thick</barkthickness>
    <thorns>no</thorns>
  </trunkandbranches>
  <fruit>
    <composition>dry or hard</composition>
    <attractiontowildlife>little</attractiontowildlife>
    <edible>no</edible>
    <shape>round</shape>
    <showiness>showy</showiness>
    <length>1 to 3 inches</length>
    <persistant>no</persistant>
    <litter>fruit/leaves a litter problem</litter>
    <color>green</color>
  </fruit>
  <name>
    <listingname>Santa Maria</listingname>
    <family>Clusiaceae</family>
    <pronunciation>kal-oh-FILL-um  bruh-sill-ee-EN-see</pronunciation>
    <species>brasiliense</species>
    <genus>Calophyllum</genus>
    <commonname>Santa Maria</commonname>
  </name>
  <photographs>
    <foliage>447525</foliage>
    <trunk>9962822</trunk>
    <flower>10825081</flower>
    <fruit>5049939</fruit>
    <other>785953</other>
    <entireplant>16265564</entireplant>
  </photographs>
  <crowncanopy>
    <texture>coarse</texture>
    <density>dense</density>
    <shape>oval, round, pyramidal</shape>
    <uniformity>irregular</uniformity>
  </crowncanopy>
  <other>
    <verticilliumwilt>unknown</verticilliumwilt>
    <outstandingtree>yes</outstandingtree>
    <winterinterest>no</winterinterest>
    <invasivepotential>not assessed or incomplete data</invasivepotential>
    <surfacerooting>not a problem</surfacerooting>
    <availability>somewhat available</availability>
    <ozonesensitivity>unknown</ozonesensitivity>
  </other>
  <descriptivetext>&lt;p align="center"&gt;&lt;b&gt;&lt;em&gt;Calophyllum brasiliense &lt;/em&gt;Santa Maria &lt;/b&gt;&lt;/p&gt;&lt;p align="left"&gt;

This upright, bushy, medium to coarse-textured evergreen tree is densely foliated with four-inch-long, leathery leaves.  Although able to reach 50 feet in height in the forest, Santa Maria tends to be a slow-growing, moderately-sized tree about 30 to 40 feet tall with a 40 to 50-foot spread.  It is well-suited for planting beneath power lines 40 feet high.  Small, white, fragrant flowers appear on one to two-inch-long racemes among the four to six-inch-long, glossy leaves.  Well-suited as a street, parking lot, patio or small shade tree, especially for coastal areas, Santa Maria can also be used as a screen, and can be maintained as a shrub.  The stems bleed a yellow latex when injured and the wood of the Santa Maria tree is valuable for ship building and cabinet work.  The bark is almost black and is longitudinally furrowed and quite attractive. &lt;/p&gt;&lt;p align="left"&gt;

Santa Maria should be planted in full sun or partial shade on well-drained soil.  It has good salt tolerance and is often seen along the beach.  Grows well in confined soil spaces, such as along a street, and the tree should be propagated, sold and planted in urban areas much more often.  Remember that the golfball-sized fruit is poisonous and hard, and this could be undesirable in the landscape under some circumstances.  The trunk grows to about two feet in diameter. &lt;/p&gt;&lt;p align="left"&gt;

Propagation is by seeds or cuttings. &lt;/p&gt;</descriptivetext>
  <growthrate>moderate</growthrate>
</tree>