<?xml version="1.0" encoding="UTF-8" standalone="no"?><tree>
  <foliage>
    <shape>oblong, elliptic (oval)</shape>
    <summercolor>green</summercolor>
    <spiny>no</spiny>
    <type>simple</type>
    <arrangement>opposite/subopposite</arrangement>
    <bladelength>4 to 8 inches</bladelength>
    <venation>pinnate</venation>
    <fallcharacteristics>not showy</fallcharacteristics>
    <margin>entire</margin>
    <fallcolor>no color change</fallcolor>
    <persistence>evergreen, broadleaf evergreen</persistence>
  </foliage>
  <rangemap>Range Map RM10B11</rangemap>
  <pestresistance>free of serious pests and diseases</pestresistance>
  <lifespan>more than 50 years</lifespan>
  <culturetolerances>
    <saltspraytolerance>high</saltspraytolerance>
    <soilphtolerance>alkaline, acidic</soilphtolerance>
    <lightrequirements>full sun, partial sun or partial shade</lightrequirements>
    <soilsalttolerance>unknown</soilsalttolerance>
    <droughttolerance>high</droughttolerance>
    <soildrainagetolerance>well-drained</soildrainagetolerance>
    <soiltexturetolerance>clay, sand, loam</soiltexturetolerance>
  </culturetolerances>
  <flower>
    <season>flowers in summer</season>
    <color>white/cream/gray</color>
    <fragrance>pleasant</fragrance>
    <showiness>showy</showiness>
  </flower>
  <planttype>tree</planttype>
  <factsheet>ST115</factsheet>
  <use>sidewalk cutout (tree pit), reclamation, specimen, street without sidewalk, deck or patio, screen, shade, hedge, espalier, parking lot island 100-200 sq ft, parking lot island &gt; 200 sq ft, tree lawn 4-6 feet wide, tree lawn &gt; 6 ft wide, urban tolerant, highway median, container or planter, recommended</use>
  <usdahardinesszone>10B-11</usdahardinesszone>
  <nativeorigin>
    <nativetonorthamerica>no</nativetonorthamerica>
    <recommendedfordryclimates>no</recommendedfordryclimates>
    <nativefloridacounty>Not Native to Florida</nativefloridacounty>
  </nativeorigin>
  <size>
    <height>25 to 50 feet</height>
    <maturespread>30 to 50 feet</maturespread>
    <maintainableheight>not suitable for clipping</maintainableheight>
    <matureheight>35 to 50 feet</matureheight>
    <spread>35 to 50 feet</spread>
  </size>
  <pestsanddiseases>&lt;p align="center"&gt;&lt;b&gt;&lt;u&gt;Pests and Diseases&lt;/u&gt;&lt;/b&gt;&lt;/p&gt;&lt;p align="left"&gt;

No pests or diseases are of major concern. &lt;/p&gt;</pestsanddiseases>
  <trunkandbranches>
    <currentyeartwigcolor>green</currentyeartwigcolor>
    <numberoftrunks>typically one trunk</numberoftrunks>
    <pruningrequirement>little required</pruningrequirement>
    <showiness>showy</showiness>
    <currentyeartwigthickness>thick</currentyeartwigthickness>
    <trunkandbranchbreakage>resistant</trunkandbranchbreakage>
    <woodspecificgravity>unknown</woodspecificgravity>
    <branchdrooping>branches droop</branchdrooping>
    <crownshaft>not applicable</crownshaft>
    <barkthickness>thick</barkthickness>
    <thorns>no</thorns>
  </trunkandbranches>
  <fruit>
    <composition>dry or hard</composition>
    <attractiontowildlife>little</attractiontowildlife>
    <edible>no</edible>
    <shape>round</shape>
    <showiness>showy</showiness>
    <length>1 to 3 inches</length>
    <persistant>no</persistant>
    <litter>fruit/leaves a litter problem</litter>
    <color>green</color>
  </fruit>
  <name>
    <listingname>Beauty Leaf, Leaf, Beauty</listingname>
    <family>Clusiaceae</family>
    <pronunciation>kal-oh-FILL-um  EYE-no-fill-um</pronunciation>
    <species>inophyllum</species>
    <genus>Calophyllum</genus>
    <commonname>Beauty Leaf</commonname>
  </name>
  <photographs>
    <entireplant>563266</entireplant>
    <other>15721947</other>
    <foliage>16323030</foliage>
  </photographs>
  <crowncanopy>
    <texture>coarse</texture>
    <density>dense</density>
    <shape>pyramidal, round</shape>
    <uniformity>irregular</uniformity>
  </crowncanopy>
  <other>
    <verticilliumwilt>unknown</verticilliumwilt>
    <outstandingtree>yes</outstandingtree>
    <winterinterest>no</winterinterest>
    <invasivepotential>not assessed or incomplete data</invasivepotential>
    <surfacerooting>not a problem</surfacerooting>
    <availability>rarely available</availability>
    <ozonesensitivity>unknown</ozonesensitivity>
  </other>
  <descriptivetext>&lt;p align="center"&gt;&lt;b&gt;&lt;em&gt;Calophyllum inophyllum &lt;/em&gt;Beauty Leaf &lt;/b&gt;&lt;/p&gt;&lt;p align="left"&gt;

This upright, pyramidal, densely foliated evergreen tree can reach 60 feet in height in the forest with a 30 to 40-foot spread, but is generally much smaller because it grows slowly.  This is an asset in tropical landscapes, where many other plants grow so fast.  Greenish, showy, 3/4-inch, very fragrant flowers are produced on eight-inch racemes in the summer.  The round, yellow, 1.5-inch-wide fruit contains a single seed with a nutlike kernel that may be poisonous.  The seven-inch-long, glossy, dark green, stiff, leathery leaves have numerous, distinct parallel veins at right angles to the midrib.  The trunk has light grey, shallowly-ridged bark, and the wood is valued for boat building and cabinet work. &lt;/p&gt;&lt;p align="left"&gt;

Beauty Leaf makes a good specimen, street, parking lot or shade tree and is both wind and salt tolerant, making it especially useful for coastal locations.  It becomes twisted and contorted when exposed to constant wind, creating an interesting specimen.  Beauty Leaf is sometimes used as a tall hedge or wind break around tennis courts and similar places.  It could be used more often as an urban street tree.  Remember that the golfball-sized fruit is poisonous and hard and this could be undesirable in the landscape under some circumstances.  The trunk grows to about two feet in diameter. &lt;/p&gt;&lt;p align="left"&gt;

Beauty Leaf thrives in full sun or partial shade on any well-drained soil.  It is not tolerant of freezing temperatures. &lt;/p&gt;&lt;p align="left"&gt;

Propagation is by seeds or cuttings. &lt;/p&gt;</descriptivetext>
  <growthrate>moderate</growthrate>
</tree>