<?xml version="1.0" encoding="UTF-8" standalone="no"?><tree>
  <diseases>&lt;p align="center"&gt;&lt;b&gt;&lt;u&gt;Diseases&lt;/u&gt;&lt;/b&gt;&lt;/p&gt;&lt;p align="left"&gt;

No diseases are of major concern. &lt;/p&gt;</diseases>
  <planttype>shrub, tree</planttype>
  <size>
    <height>15 to 25 feet</height>
    <maturespread>10 to 15 feet</maturespread>
    <maintainableheight>12 or more feet</maintainableheight>
    <matureheight>15 to 20 feet</matureheight>
    <spread>10 to 15 feet</spread>
  </size>
  <use>specimen, hedge, screen, street without sidewalk, container or planter, deck or patio, trained as a standard, parking lot island &lt; 100 sq ft, parking lot island 100-200 sq ft, parking lot island &gt; 200 sq ft, sidewalk cutout (tree pit), tree lawn 3-4 feet wide, tree lawn 4-6 feet wide, tree lawn &gt; 6 ft wide, highway median, bonsai, recommended</use>
  <flower>
    <season>flowers in winter</season>
    <color>white/cream/gray</color>
    <fragrance>no</fragrance>
    <showiness>showy</showiness>
  </flower>
  <other>
    <verticilliumwilt>unknown</verticilliumwilt>
    <outstandingtree>yes</outstandingtree>
    <winterinterest>no</winterinterest>
    <invasivepotential>not assessed or incomplete data</invasivepotential>
    <surfacerooting>not a problem</surfacerooting>
    <availability>rarely available</availability>
    <ozonesensitivity>unknown</ozonesensitivity>
  </other>
  <fruit>
    <composition>dry or hard</composition>
    <attractiontowildlife>little</attractiontowildlife>
    <edible>no</edible>
    <shape>round</shape>
    <showiness>not showy</showiness>
    <length>.5 to 1 inch</length>
    <persistant>no</persistant>
    <litter>fruit/leaves not a litter problem</litter>
    <color>unknown</color>
  </fruit>
  <factsheet>ST116</factsheet>
  <growthrate>slow</growthrate>
  <crowncanopy>
    <texture>medium</texture>
    <density>dense</density>
    <shape>vase, round</shape>
    <uniformity>symmetrical</uniformity>
  </crowncanopy>
  <photographs>
    <entireplant>9075437</entireplant>
    <fruit>13359992</fruit>
    <other>14329752</other>
    <foliage>7110894</foliage>
    <trunk>6764324</trunk>
  </photographs>
  <name>
    <listingname>Tea-Oil Camellia, Camellia, Tea-Oil</listingname>
    <family>Theaceae</family>
    <pronunciation>kuh-MEEL-ee-uh  oh-lee-IF-er-uh</pronunciation>
    <species>oleifera</species>
    <genus>Camellia</genus>
    <commonname>Tea-Oil Camellia</commonname>
  </name>
  <trunkandbranches>
    <currentyeartwigcolor>brown</currentyeartwigcolor>
    <numberoftrunks>typically multi-trunked, can be trained to one trunk</numberoftrunks>
    <pruningrequirement>little required</pruningrequirement>
    <showiness>not showy</showiness>
    <currentyeartwigthickness>medium</currentyeartwigthickness>
    <trunkandbranchbreakage>resistant</trunkandbranchbreakage>
    <woodspecificgravity>unknown</woodspecificgravity>
    <branchdrooping>branches droop</branchdrooping>
    <crownshaft>not applicable</crownshaft>
    <barkthickness>thick</barkthickness>
    <thorns>no</thorns>
  </trunkandbranches>
  <rangemap>Range Map RM6A9B</rangemap>
  <descriptivetext>&lt;p align="center"&gt;&lt;b&gt;&lt;em&gt;Camellia oleifera &lt;/em&gt;Tea-Oil Camellia &lt;/b&gt;&lt;/p&gt;&lt;p align="left"&gt;

Tea-Oil Camellia is so-named because they are cultivated in their native homeland of China specifically for the seeds, from which is extracted commercial tea oil.  This particular Camellia species looks much like  &lt;em&gt;Camellia sasanqua &lt;/em&gt; except the dark green, evergreen leaves are a bit larger, three to five inches long and two to three inches wide.  Single, white, fragrant flowers are produced in late winter, and this large shrub or small tree will reach a height of 20 feet with thin, upright, multiple trunks and branches.  The crown forms a rounded or oval vase with lower branches removed. &lt;/p&gt;&lt;p align="left"&gt;

Plants should require little pruning and their dense, compact, crown makes them ideally suited for informal borders, specimens, accents, and sheared or natural hedges or screens.  Large specimens may be trimmed to multi- or single-trunked small trees.  This is a great tree for planting along a street beneath power lines since it will not require pruning by the utility company, but unfortunately it is not yet readily available.  Nurseries should grow and market this plant in a multi-stemmed and single-trunked form for this purpose. &lt;/p&gt;&lt;p align="left"&gt;

Tea-Oil Camellia should be grown in full sun or partial shade on rich, moist, acid soils.  It will tolerate drought once established and grows well in clay soil. &lt;/p&gt;&lt;p align="left"&gt;

Propagation is by seed or cuttings. &lt;/p&gt;</descriptivetext>
  <pestresistance>resistant to pests/diseases</pestresistance>
  <foliage>
    <shape>obovate, oblanceolate</shape>
    <summercolor>green</summercolor>
    <spiny>no</spiny>
    <type>simple</type>
    <arrangement>alternate</arrangement>
    <bladelength>less than 2 inches, 2 to 4 inches</bladelength>
    <venation>pinnate</venation>
    <fallcharacteristics>not showy</fallcharacteristics>
    <margin>serrate</margin>
    <fallcolor>no color change</fallcolor>
    <persistence>evergreen, broadleaf evergreen</persistence>
  </foliage>
  <pests>&lt;p align="center"&gt;&lt;b&gt;&lt;u&gt;Pests&lt;/u&gt;&lt;/b&gt;&lt;/p&gt;&lt;p align="left"&gt;

Watch for scale infestation. &lt;/p&gt;</pests>
  <usdahardinesszone>6A-9B</usdahardinesszone>
  <culturetolerances>
    <saltspraytolerance>unknown</saltspraytolerance>
    <soilphtolerance>acidic, slightly alkaline</soilphtolerance>
    <lightrequirements>full sun, partial sun or partial shade</lightrequirements>
    <soilsalttolerance>unknown</soilsalttolerance>
    <droughttolerance>moderate</droughttolerance>
    <soildrainagetolerance>well-drained</soildrainagetolerance>
    <soiltexturetolerance>clay, sand, loam</soiltexturetolerance>
  </culturetolerances>
  <nativeorigin>
    <nativetonorthamerica>no</nativetonorthamerica>
    <recommendedfordryclimates>no</recommendedfordryclimates>
    <nativefloridacounty>Not Native to Florida</nativefloridacounty>
  </nativeorigin>
  <lifespan>25 to 50 years</lifespan>
</tree>