<?xml version="1.0" encoding="UTF-8" standalone="no"?><tree>
  <foliage>
    <shape>elliptic (oval), obovate</shape>
    <summercolor>green</summercolor>
    <spiny>no</spiny>
    <type>simple</type>
    <arrangement>opposite/subopposite</arrangement>
    <bladelength>2 to 4 inches, 4 to 8 inches</bladelength>
    <venation>pinnate, none, or difficult to see</venation>
    <fallcharacteristics>not showy</fallcharacteristics>
    <margin>entire</margin>
    <fallcolor>no color change</fallcolor>
    <persistence>evergreen</persistence>
  </foliage>
  <rangemap>Range Map RM10B11</rangemap>
  <pestresistance>free of serious pests and diseases</pestresistance>
  <lifespan>25 to 50 years</lifespan>
  <culturetolerances>
    <saltspraytolerance>high</saltspraytolerance>
    <soilphtolerance>alkaline, acidic</soilphtolerance>
    <lightrequirements>full sun, partial sun or partial shade</lightrequirements>
    <soilsalttolerance>unknown</soilsalttolerance>
    <droughttolerance>high</droughttolerance>
    <soildrainagetolerance>well-drained</soildrainagetolerance>
    <soiltexturetolerance>sand, loam</soiltexturetolerance>
  </culturetolerances>
  <flower>
    <season>flowers in summer, flowers in fall</season>
    <color>purple, white/cream/gray</color>
    <fragrance>no</fragrance>
    <showiness>showy</showiness>
  </flower>
  <planttype>shrub, tree</planttype>
  <use>trained as a standard, hedge, espalier, tree lawn 3-4 feet wide, tree lawn 4-6 feet wide, tree lawn &gt; 6 ft wide, highway median, screen, recommended</use>
  <usdahardinesszone>10B-11</usdahardinesszone>
  <nativeorigin>
    <nativestate>Florida</nativestate>
    <nativetonorthamerica>yes</nativetonorthamerica>
    <recommendedfordryclimates>no</recommendedfordryclimates>
    <nativefloridacounty>Collier, Miami-Dade, Monroe Mainland, Monroe Keys</nativefloridacounty>
  </nativeorigin>
  <size>
    <height>15 to 25 feet</height>
    <maturespread>6 to 8 feet</maturespread>
    <maintainableheight>6 to 12 feet, 12 or more feet</maintainableheight>
    <matureheight>20 to 30 feet</matureheight>
    <spread>6 to 10 feet</spread>
  </size>
  <pestsanddiseases>&lt;p align="center"&gt;&lt;b&gt;&lt;u&gt;Pests and Diseases&lt;/u&gt;&lt;/b&gt;&lt;/p&gt;&lt;p align="left"&gt;

No serious pests or diseases both this plant. &lt;/p&gt;</pestsanddiseases>
  <trunkandbranches>
    <currentyeartwigcolor>green</currentyeartwigcolor>
    <numberoftrunks>typically one trunk</numberoftrunks>
    <pruningrequirement>little required</pruningrequirement>
    <showiness>not showy</showiness>
    <currentyeartwigthickness>thick</currentyeartwigthickness>
    <trunkandbranchbreakage>resistant</trunkandbranchbreakage>
    <woodspecificgravity>unknown</woodspecificgravity>
    <branchdrooping>branches don't droop</branchdrooping>
    <crownshaft>not applicable</crownshaft>
    <barkthickness>thin bark</barkthickness>
    <thorns>no</thorns>
  </trunkandbranches>
  <fruit>
    <composition>fleshy</composition>
    <attractiontowildlife>attracts birds</attractiontowildlife>
    <edible>no</edible>
    <shape>round</shape>
    <showiness>showy</showiness>
    <length>less than .5 inch</length>
    <persistant>no</persistant>
    <litter>fruit/leaves not a litter problem</litter>
    <color>red, green</color>
  </fruit>
  <name>
    <listingname>Winter Cinnamon, Wild Cinnamon, Cinnamon, Winter, Cinnamon, Wild</listingname>
    <family>Canellaceae</family>
    <pronunciation>kuh-NELL-uh  win-ter-AY-nuh</pronunciation>
    <species>winterana</species>
    <genus>Canella</genus>
    <commonname>Winter Cinnamon, Wild Cinnamon</commonname>
  </name>
  <photographs>
    <entireplant>6939478</entireplant>
    <flower>8376415</flower>
    <fruit>2804324</fruit>
  </photographs>
  <crowncanopy>
    <texture>medium</texture>
    <density>dense</density>
    <shape>columnar</shape>
    <uniformity>symmetrical</uniformity>
  </crowncanopy>
  <other>
    <verticilliumwilt>unknown</verticilliumwilt>
    <outstandingtree>yes</outstandingtree>
    <winterinterest>yes</winterinterest>
    <invasivepotential>native to North America</invasivepotential>
    <surfacerooting>not a problem</surfacerooting>
    <availability>rarely available</availability>
    <ozonesensitivity>unknown</ozonesensitivity>
  </other>
  <descriptivetext>&lt;p align="center"&gt;&lt;b&gt;&lt;em&gt;Canella winterana &lt;/em&gt;Wild Cinnamon, Winter Cinnamon &lt;/b&gt;&lt;/p&gt;&lt;p align="left"&gt;

Wild Cinnamon is a salt tolerant large evergreen shrub or small tree native of Florida and tropical America.  Purple and white showy flowers cover the tree in summer and fall followed by bright red berries clustered near the tips of branches.  Thick, obovate to spatulate shaped leaves fill the dense canopy with a medium- to olive-green color.  The trunk grows straight up the center of the canopy and develops thin branches that grow to no more than about 4 feet long. &lt;/p&gt;&lt;p align="left"&gt;

Wild Cinnamon can be used as a specimen planted alone in the landscape as a small tree.  They can be trained with several stems reaching up into the canopy, or left to grow with one trunk as seen in the wild.  The rich, dense foliage creates a cooling shade beneath the tree and makes this a good native plant for locating near patios and decks for large and small residences alike.  Plant them in a row spaced 10 feet apart along an entrance to a subdivision, mall or commercial landscape for a dramatic impact.  The narrow canopy makes it a good candidate for a clipped or unclipped screen along a property line.  A number of nurseries offer this wonderful plant for sale. &lt;/p&gt;&lt;p align="left"&gt;

Best growth and flowering occur in the full sun on a relatively well-drained site.  The tree tolerates alkaline soils well.  It is an endangered plant in Florida. &lt;/p&gt;</descriptivetext>
  <growthrate>slow</growthrate>
</tree>