<?xml version="1.0" encoding="UTF-8" standalone="no"?><tree>
  <foliage>
    <shape>elliptic (oval), obovate</shape>
    <summercolor>green</summercolor>
    <spiny>no</spiny>
    <type>simple</type>
    <arrangement>alternate</arrangement>
    <bladelength>2 to 4 inches</bladelength>
    <venation>brachidodrome, pinnate</venation>
    <fallcharacteristics>not showy</fallcharacteristics>
    <margin>entire</margin>
    <fallcolor>no color change</fallcolor>
    <persistence>evergreen</persistence>
  </foliage>
  <pestresistance>resistant to pests/diseases</pestresistance>
  <lifespan>unknown</lifespan>
  <culturetolerances>
    <saltspraytolerance>unknown</saltspraytolerance>
    <soilphtolerance>acidic, slightly alkaline</soilphtolerance>
    <lightrequirements>partial sun or partial shade, full sun</lightrequirements>
    <soilsalttolerance>good</soilsalttolerance>
    <droughttolerance>high</droughttolerance>
    <soildrainagetolerance>well-drained</soildrainagetolerance>
    <soiltexturetolerance>sand, loam, clay</soiltexturetolerance>
  </culturetolerances>
  <flower>
    <season>flowers in spring</season>
    <color>pink, white/cream/gray</color>
    <fragrance>no</fragrance>
    <showiness>showy</showiness>
  </flower>
  <diseases/>
  <planttype>tree, shrub</planttype>
  <use>screen, specimen, superior hedge, street without sidewalk</use>
  <usdahardinesszone>10A-11</usdahardinesszone>
  <nativeorigin>
    <nativestate>Florida</nativestate>
    <nativetonorthamerica>yes</nativetonorthamerica>
    <recommendedfordryclimates>no</recommendedfordryclimates>
    <nativefloridacounty>Brevard, Collier, Hillsborough, Lee, Manatee, Martin, Miami-Dade, Monroe Keys, Pinellas, Sarasota, St. Lucie</nativefloridacounty>
  </nativeorigin>
  <size>
    <height>15 to 25 feet</height>
    <maturespread>10 to 15 feet</maturespread>
    <maintainableheight>not suitable for clipping</maintainableheight>
    <matureheight>15 to 25 feet</matureheight>
    <spread>10 to 15 feet</spread>
  </size>
  <factsheet/>
  <trunkandbranches>
    <currentyeartwigcolor>brown</currentyeartwigcolor>
    <numberoftrunks>typically multi-trunked, can be trained to one trunk</numberoftrunks>
    <pruningrequirement>little required</pruningrequirement>
    <showiness>not showy</showiness>
    <currentyeartwigthickness>medium</currentyeartwigthickness>
    <trunkandbranchbreakage>resistant</trunkandbranchbreakage>
    <woodspecificgravity>unknown</woodspecificgravity>
    <branchdrooping>branches don't droop</branchdrooping>
    <crownshaft>not applicable</crownshaft>
    <barkthickness>thin bark</barkthickness>
    <thorns>no</thorns>
  </trunkandbranches>
  <pests/>
  <fruit>
    <composition>dry or hard</composition>
    <attractiontowildlife>little</attractiontowildlife>
    <edible>no</edible>
    <shape>pod or pod-like</shape>
    <showiness>not showy</showiness>
    <length>unknown</length>
    <persistant>no</persistant>
    <litter>fruit/leaves not a litter problem</litter>
    <color>unknown</color>
  </fruit>
  <name>
    <listingname>Jamaica Caper</listingname>
    <family>Capparidaceae</family>
    <pronunciation/>
    <species>cynophallophora</species>
    <genus>Capparis</genus>
    <cultivar/>
    <commonname>Jamaican Caper</commonname>
  </name>
  <photographs>
    <spring>3986021</spring>
    <entireplant>13615558</entireplant>
    <flower>1325313</flower>
    <foliage>4651508</foliage>
  </photographs>
  <crowncanopy>
    <texture>medium</texture>
    <density>dense</density>
    <shape>oval, vase</shape>
    <uniformity>symmetrical</uniformity>
  </crowncanopy>
  <other>
    <verticilliumwilt>resistant</verticilliumwilt>
    <outstandingtree>no</outstandingtree>
    <winterinterest>no</winterinterest>
    <invasivepotential>not a problem species</invasivepotential>
    <surfacerooting>unknown</surfacerooting>
    <availability>somewhat available</availability>
    <ozonesensitivity>unknown</ozonesensitivity>
  </other>
  <descriptivetext>&lt;p align="left"&gt;

This 6- to 18-foot-tall, native shrub is an upright to spreading plant that is related to the plant producing edible capers.  The evergreen leaves of the Jamaica Caper are light-green above, with fine brown scales below.  These glossy, oval leaves are folded together when they first emerge and give the plant's new growth a bronze appearance.  The leaves also have a notched tip.  Twigs are brownish gray and pubescent.  Jamaica Caper flowers have very showy, two-inch-long, purple stamens and white anthers and white petals.  The inflorescence is comprised of terminal clusters consisting of 3 to 10 individual flowers.  The fruits are 3- to 8-inch-long cylindrical pods containing small brown seeds that are embedded in a scarlet pulp.&lt;/p&gt;&lt;p align="left"&gt;

&lt;/p&gt;&lt;p align="left"&gt;

Jamaica Capper can be utilized as an understory tree in the partial shade, or grow Capparis cynophallophora in an area that receives full sun to medium shade.  This plant performs well in soils with good drainage and can tolerate cold temperatures to 28 degrees Fahrenheit.  It is also drought resistant and responds to fertilizer with vigorous growth.  Train the plant into a tree by removing low, drooping branches, and heading upright branches to thicken their diameter.  It can also be clipped into a hedge or tall screen to block an undesirable view.&lt;/p&gt;</descriptivetext>
  <growthrate>slow</growthrate>
</tree>