<?xml version="1.0" encoding="UTF-8" standalone="no"?><tree>
  <other>
    <verticilliumwilt>unknown</verticilliumwilt>
    <outstandingtree>no</outstandingtree>
    <winterinterest>no</winterinterest>
    <invasivepotential>not a problem species</invasivepotential>
    <surfacerooting>not a problem</surfacerooting>
    <availability>somewhat available</availability>
    <ozonesensitivity>unknown</ozonesensitivity>
  </other>
  <fruit>
    <composition>dry or hard</composition>
    <attractiontowildlife>little</attractiontowildlife>
    <edible>no</edible>
    <shape>pod or pod-like, elongated</shape>
    <showiness>showy</showiness>
    <length>1 to 3 inches</length>
    <persistant>yes</persistant>
    <litter>fruit/leaves not a litter problem</litter>
    <color>green, brown</color>
  </fruit>
  <foliage>
    <shape>obovate, oblong, elliptic (oval)</shape>
    <summercolor>green</summercolor>
    <spiny>no</spiny>
    <type>even-pinnately compound</type>
    <arrangement>alternate</arrangement>
    <bladelength>less than 2 inches, 2 to 4 inches</bladelength>
    <venation>pinnate</venation>
    <fallcharacteristics>not showy</fallcharacteristics>
    <margin>entire</margin>
    <fallcolor>yellow</fallcolor>
    <persistence>deciduous</persistence>
  </foliage>
  <crowncanopy>
    <texture>medium</texture>
    <density>moderate</density>
    <shape>upright/erect, oval</shape>
    <uniformity>symmetrical</uniformity>
  </crowncanopy>
  <trunkandbranches>
    <currentyeartwigcolor>green</currentyeartwigcolor>
    <numberoftrunks>typically multi-trunked</numberoftrunks>
    <pruningrequirement>little required</pruningrequirement>
    <showiness>not showy</showiness>
    <currentyeartwigthickness>medium</currentyeartwigthickness>
    <trunkandbranchbreakage>resistant</trunkandbranchbreakage>
    <woodspecificgravity>unknown</woodspecificgravity>
    <branchdrooping>branches don't droop</branchdrooping>
    <crownshaft>not applicable</crownshaft>
    <barkthickness>thin bark</barkthickness>
    <thorns>yes</thorns>
  </trunkandbranches>
  <planttype>shrub, tree</planttype>
  <use>specimen, container or planter, trained as a standard, deck or patio, highway median, screen, hedge, recommended</use>
  <lifespan>25 to 50 years</lifespan>
  <size>
    <height>15 to 25 feet</height>
    <maturespread>10 to 15 feet</maturespread>
    <maintainableheight>6 to 12 feet, 12 or more feet</maintainableheight>
    <matureheight>15 to 25 feet</matureheight>
    <spread>10 to 15 feet</spread>
  </size>
  <culturetolerances>
    <saltspraytolerance>high</saltspraytolerance>
    <soilphtolerance>alkaline, acidic</soilphtolerance>
    <lightrequirements>full sun, partial sun or partial shade</lightrequirements>
    <soilsalttolerance>good</soilsalttolerance>
    <droughttolerance>high</droughttolerance>
    <soildrainagetolerance>well-drained</soildrainagetolerance>
    <soiltexturetolerance>sand, loam, clay</soiltexturetolerance>
  </culturetolerances>
  <usdahardinesszone>2B-8A</usdahardinesszone>
  <pestresistance>resistant to pests/diseases</pestresistance>
  <growthrate>slow</growthrate>
  <photographs>
    <entireplant>11774251</entireplant>
    <fruit>3454789</fruit>
    <other>14006624</other>
    <foliage>15018913</foliage>
  </photographs>
  <flower>
    <season>flowers in spring</season>
    <color>yellow</color>
    <fragrance>no</fragrance>
    <showiness>showy</showiness>
  </flower>
  <name>
    <listingname>'Pendula' Siberian Peashrub, Peashrub, Siberian</listingname>
    <family>Leguminoseae</family>
    <pronunciation>kair-uh-GAY-nuh  ar-bor-ESS-enz</pronunciation>
    <species>arborescens</species>
    <genus>Caragana</genus>
    <cultivar>'Pendula'</cultivar>
    <commonname>'Pendula' Siberian Peashrub</commonname>
  </name>
  <rangemap>Range Map RM3A7A</rangemap>
  <nativeorigin>
    <nativetonorthamerica>no</nativetonorthamerica>
    <recommendedfordryclimates>yes</recommendedfordryclimates>
    <nativefloridacounty>Not Native to Florida</nativefloridacounty>
  </nativeorigin>
</tree>