<?xml version="1.0" encoding="UTF-8" standalone="no"?><tree>
  <foliage>
    <shape>oblong, ovate</shape>
    <summercolor>green</summercolor>
    <spiny>no</spiny>
    <type>simple</type>
    <arrangement>alternate</arrangement>
    <bladelength>2 to 4 inches</bladelength>
    <venation>pinnate</venation>
    <fallcharacteristics>not showy</fallcharacteristics>
    <margin>double serrate</margin>
    <fallcolor>no color change</fallcolor>
    <persistence>deciduous</persistence>
  </foliage>
  <pestresistance>resistant to pests/diseases</pestresistance>
  <lifespan>unknown</lifespan>
  <culturetolerances>
    <saltspraytolerance>unknown</saltspraytolerance>
    <soilphtolerance>acidic, slightly alkaline</soilphtolerance>
    <lightrequirements>partial sun or partial shade, full sun</lightrequirements>
    <soilsalttolerance>unknown</soilsalttolerance>
    <droughttolerance>moderate</droughttolerance>
    <soildrainagetolerance>occasionally wet, well-drained</soildrainagetolerance>
    <soiltexturetolerance>sand, loam, clay</soiltexturetolerance>
  </culturetolerances>
  <flower>
    <season>flowers in spring</season>
    <color>white/cream/gray, yellow</color>
    <fragrance>no</fragrance>
    <showiness>not showy</showiness>
  </flower>
  <diseases/>
  <planttype>tree</planttype>
  <use>specimen</use>
  <usdahardinesszone>5A-6B</usdahardinesszone>
  <nativeorigin>
    <nativestate>Oregon</nativestate>
    <nativetonorthamerica>no</nativetonorthamerica>
    <recommendedfordryclimates>no</recommendedfordryclimates>
    <nativefloridacounty>Not Native to Florida</nativefloridacounty>
  </nativeorigin>
  <size>
    <height>25 to 50 feet</height>
    <maturespread>25 to 35 feet</maturespread>
    <maintainableheight>not suitable for clipping</maintainableheight>
    <matureheight>25 to 50 feet</matureheight>
    <spread>25 to 35 feet</spread>
  </size>
  <factsheet/>
  <trunkandbranches>
    <currentyeartwigcolor>unknown</currentyeartwigcolor>
    <numberoftrunks>typically multi-trunked, can be trained to one trunk</numberoftrunks>
    <pruningrequirement>needed for strong structure</pruningrequirement>
    <showiness>showy</showiness>
    <currentyeartwigthickness>thin</currentyeartwigthickness>
    <trunkandbranchbreakage>resistant</trunkandbranchbreakage>
    <woodspecificgravity>unknown</woodspecificgravity>
    <branchdrooping>branches droop</branchdrooping>
    <crownshaft>not applicable</crownshaft>
    <barkthickness>thick</barkthickness>
    <thorns>no</thorns>
  </trunkandbranches>
  <pests/>
  <fruit>
    <composition>dry or hard</composition>
    <attractiontowildlife>little</attractiontowildlife>
    <edible>no</edible>
    <shape>oval</shape>
    <showiness>not showy</showiness>
    <length>unknown</length>
    <persistant>yes</persistant>
    <litter>unknown</litter>
    <color>brown</color>
  </fruit>
  <name>
    <listingname>Japanese Hornbeam</listingname>
    <family>Betulaceae</family>
    <pronunciation>BETCH-u-luh ja-PAH-nuh-ka</pronunciation>
    <species>japonica</species>
    <genus>Carpinus</genus>
    <cultivar/>
    <commonname>Japanese Hornbeam</commonname>
  </name>
  <photographs>
  </photographs>
  <crowncanopy>
    <texture>fine</texture>
    <density>dense</density>
    <shape>round, vase</shape>
    <uniformity>symmetrical</uniformity>
  </crowncanopy>
  <other>
    <verticilliumwilt>resistant</verticilliumwilt>
    <outstandingtree>no</outstandingtree>
    <winterinterest>no</winterinterest>
    <invasivepotential>not a problem species</invasivepotential>
    <surfacerooting>unknown</surfacerooting>
    <availability>somewhat available</availability>
    <ozonesensitivity>unknown</ozonesensitivity>
  </other>
  <descriptivetext>&lt;p align="left"&gt;

Nice summer foliage and striking fruit make this a plant worth considering. Although summer foliage is absolutely wonderful and the main reason to consider this plant, fall color rarely develops well. Although moderately drought-tolerant, it is probably best to provide even established trees with some irrigation during dry spells unless they have unlimited soil for roots to explore. This would be most important for trees growing in the southern part of its range, especially in the southeast.&lt;/p&gt;&lt;p align="left"&gt;

Not unlike the native hornbeam, trees appear to regularly develop included bark in branch unions. This defect can lead to branch breakage as the tree grows older. Avoid this by pruning to develop a dominant leader beginning when the tree is young. Trees cast light shade under the canopy making it easier to grow turf under this tree than under other trees with a denser canopy.&lt;/p&gt;&lt;p align="left"&gt;

 Pollen can cause serious allergies.&lt;/p&gt;</descriptivetext>
  <growthrate>slow</growthrate>
</tree>