<?xml version="1.0" encoding="UTF-8" standalone="no"?><tree>
  <foliage>
    <shape>ovate, oblong</shape>
    <summercolor>green</summercolor>
    <spiny>no</spiny>
    <type>simple</type>
    <arrangement>alternate</arrangement>
    <bladelength>2 to 4 inches</bladelength>
    <venation>pinnate</venation>
    <fallcharacteristics>showy</fallcharacteristics>
    <margin>double serrate</margin>
    <fallcolor>yellow</fallcolor>
    <persistence>deciduous</persistence>
  </foliage>
  <rangemap>Range Map RM5A8B</rangemap>
  <pestresistance>resistant to pests/diseases</pestresistance>
  <lifespan>25 to 50 years</lifespan>
  <culturetolerances>
    <saltspraytolerance>none</saltspraytolerance>
    <soilphtolerance>acidic, alkaline</soilphtolerance>
    <lightrequirements>full sun, partial sun or partial shade</lightrequirements>
    <soilsalttolerance>poor</soilsalttolerance>
    <droughttolerance>high</droughttolerance>
    <soildrainagetolerance>well-drained, occasionally wet</soildrainagetolerance>
    <soiltexturetolerance>sand, loam, clay</soiltexturetolerance>
  </culturetolerances>
  <flower>
    <season>flowers in spring</season>
    <color>white/cream/gray</color>
    <fragrance>no</fragrance>
    <showiness>not showy</showiness>
  </flower>
  <planttype>tree</planttype>
  <factsheet>ST119</factsheet>
  <use>parking lot island &lt; 100 sq ft, parking lot island 100-200 sq ft, parking lot island &gt; 200 sq ft, container or planter, highway median, urban tolerant, specimen, espalier, hedge, screen, street without sidewalk, sidewalk cutout (tree pit), tree lawn 3-4 feet wide, tree lawn 4-6 feet wide, tree lawn &gt; 6 ft wide, bonsai, recommended</use>
  <usdahardinesszone>5A-8B</usdahardinesszone>
  <nativeorigin>
    <nativetonorthamerica>no</nativetonorthamerica>
    <recommendedfordryclimates>no</recommendedfordryclimates>
    <nativefloridacounty>Not Native to Florida</nativefloridacounty>
  </nativeorigin>
  <size>
    <height>25 to 50 feet</height>
    <maturespread>15 to 20 feet</maturespread>
    <maintainableheight>not suitable for clipping</maintainableheight>
    <matureheight>30 to 40 feet</matureheight>
    <spread>15 to 25 feet</spread>
  </size>
  <pestsanddiseases>&lt;p align="center"&gt;&lt;b&gt;&lt;u&gt;Pests and Diseases&lt;/u&gt;&lt;/b&gt;&lt;/p&gt;&lt;p align="left"&gt;

Occasionally bothered by two-lined chestnut borer or trunk canker.  Japanese beetle can eat significant quantities of foliage in parts of the upper south.  May dieback in severe drought in areas with limited soil space such as narrow tree lawns or parking lot islands.  But it performs well without irrigation in areas with open soil where roots can grow unrestricted. &lt;/p&gt;</pestsanddiseases>
  <trunkandbranches>
    <currentyeartwigcolor>brown</currentyeartwigcolor>
    <numberoftrunks>typically one trunk</numberoftrunks>
    <pruningrequirement>little required</pruningrequirement>
    <showiness>not showy</showiness>
    <currentyeartwigthickness>thin</currentyeartwigthickness>
    <trunkandbranchbreakage>resistant</trunkandbranchbreakage>
    <woodspecificgravity>unknown</woodspecificgravity>
    <branchdrooping>branches don't droop</branchdrooping>
    <crownshaft>not applicable</crownshaft>
    <barkthickness>thick</barkthickness>
    <thorns>no</thorns>
  </trunkandbranches>
  <fruit>
    <composition>dry or hard</composition>
    <attractiontowildlife>attracts birds</attractiontowildlife>
    <edible>no</edible>
    <shape>oval</shape>
    <showiness>not showy</showiness>
    <length>less than .5 inch</length>
    <persistant>yes</persistant>
    <litter>fruit/leaves not a litter problem</litter>
    <color>brown</color>
  </fruit>
  <name>
    <listingname>`Fastigiata' European Hornbeam, Hornbeam, `Fastigiata' European</listingname>
    <family>Betulaceae</family>
    <pronunciation>kar-PYE-nus  BET-yoo-lus</pronunciation>
    <species>betulus</species>
    <genus>Carpinus</genus>
    <cultivar>'Fastigiata'</cultivar>
    <commonname>'Fastigiata' European Hornbeam</commonname>
  </name>
  <photographs>
    <entireplant>9651646</entireplant>
    <fall>16044689</fall>
    <other>4084560</other>
    <foliage>11942930</foliage>
    <trunk>13108047</trunk>
  </photographs>
  <crowncanopy>
    <texture>fine</texture>
    <density>dense</density>
    <shape>upright/erect, columnar, pyramidal</shape>
    <uniformity>symmetrical</uniformity>
  </crowncanopy>
  <other>
    <verticilliumwilt>resistant</verticilliumwilt>
    <outstandingtree>yes</outstandingtree>
    <winterinterest>yes</winterinterest>
    <invasivepotential>not assessed or incomplete data</invasivepotential>
    <surfacerooting>not a problem</surfacerooting>
    <availability>generally available</availability>
    <ozonesensitivity>unknown</ozonesensitivity>
  </other>
  <descriptivetext>&lt;p align="center"&gt;&lt;b&gt;&lt;em&gt;Carpinus betulus &lt;/em&gt; `Fastigiata' `Fastigiata' European Hornbeam &lt;/b&gt;&lt;/p&gt;&lt;p align="left"&gt;

`Fastigiata' European Hornbeam, the most common cultivar sold, grows 30 to 40 feet tall and 20 to 30 feet wide, without a central leader but instead fans out into a very densely-foliated, columnar or oval-shaped tree making it ideal for use as a hedge, screen, or windbreak.  The 1.5 to 3.5-inch-long leaves are dark green through the summer, fading to yellow in the fall.  The smooth, grey, rippling bark shields the extremely hard, strong wood.  This wood is so solid it was reportedly used by the ancient Romans to make chariots, as well as being used by the American pioneers to make yokes for their oxen. &lt;/p&gt;&lt;p align="left"&gt;

The tree is sold as tree-form for street tree use or low-branching for use as specimens and screens.  Young trees will be quite narrow but they will broaden some with age making them well-adapted for planting in areas with limited horizontal space for crown development.  It has been rated very highly in the Shade Tree Evaluation tests for street trees in Ohio.  The upright branching habit makes pruning almost unnecessary during the service life of the tree but, of course, the tree will not form a canopy over the street as do broad-spreading trees.  European Hornbeam tolerates clipping extremely well and has been used as a screening plant for centuries. &lt;/p&gt;&lt;p align="left"&gt;

`Fastigiata' European Hornbeam will grow in full sun or light shade on almost any well-drained soil, from dry and rocky to wet.  It adapts to both acid and alkaline soil and is tolerant of drought, poor drainage, pollution and urban conditions.  There are specimens in the south which look great, having received no irrigation in recent droughts.  These plants were observed growing in clay soil where soil space was not limiting, and roots were able to expand unhindered by urban structures like curbs, pavement and sidewalks.  Due to the dense arrangement of leaves on the fine-textured, upright stems, pruning is seldom required once the proper branch-height clearance is established early in the life of the tree.  Usually pest-free, it is considered a low maintenance tree. &lt;/p&gt;&lt;p align="left"&gt;

Propagation is by grafting. &lt;/p&gt;</descriptivetext>
  <growthrate>slow</growthrate>
</tree>