<?xml version="1.0" encoding="UTF-8" standalone="no"?><tree>
  <diseases>&lt;p align="center"&gt;&lt;b&gt;&lt;u&gt;Diseases&lt;/u&gt;&lt;/b&gt;&lt;/p&gt;&lt;p align="left"&gt;

None are normally very serious.  Several fungi cause leaf spots on Carpinus.  Leaf spots are not serious so control measures are usually not needed. &lt;/p&gt;&lt;p align="left"&gt;

Canker, caused by several fungi, causes infected branches to dieback and entire trees die if the trunk is infected and girdled.  Severely infected trees can not be saved and infected branches are pruned out.  This could limit usefulness in parts of the Deep South. &lt;/p&gt;</diseases>
  <planttype>tree</planttype>
  <size>
    <height>25 to 50 feet</height>
    <maturespread>20 to 30 feet</maturespread>
    <maintainableheight>not suitable for clipping</maintainableheight>
    <matureheight>20 to 30 feet</matureheight>
    <spread>15 to 25 feet</spread>
  </size>
  <use>sidewalk cutout (tree pit), deck or patio, specimen, street without sidewalk, screen, hedge, tree lawn 3-4 feet wide, tree lawn 4-6 feet wide, tree lawn &gt; 6 ft wide, bonsai, shade, recommended</use>
  <flower>
    <season>flowers in spring</season>
    <color>orange, yellow</color>
    <fragrance>no</fragrance>
    <showiness>not showy</showiness>
  </flower>
  <other>
    <verticilliumwilt>resistant</verticilliumwilt>
    <outstandingtree>yes</outstandingtree>
    <winterinterest>yes</winterinterest>
    <invasivepotential>native to North America</invasivepotential>
    <surfacerooting>not a problem</surfacerooting>
    <availability>somewhat available</availability>
    <ozonesensitivity>unknown</ozonesensitivity>
  </other>
  <fruit>
    <composition>dry or hard</composition>
    <attractiontowildlife>attracts birds, attracts squirrels/mammals</attractiontowildlife>
    <edible>no</edible>
    <shape>elongated, oval</shape>
    <showiness>not showy</showiness>
    <length>.5 to 1 inch</length>
    <persistant>no</persistant>
    <litter>fruit/leaves not a litter problem</litter>
    <color>brown</color>
  </fruit>
  <factsheet>ST120</factsheet>
  <growthrate>slow</growthrate>
  <crowncanopy>
    <texture>medium</texture>
    <density>dense</density>
    <shape>oval</shape>
    <uniformity>symmetrical</uniformity>
  </crowncanopy>
  <photographs>
    <foliage>11605952</foliage>
    <trunk>3383109</trunk>
    <fruit>15920270</fruit>
    <other>7585543</other>
    <fall>6119226</fall>
    <entireplant>6349839</entireplant>
  </photographs>
  <name>
    <listingname>American Hornbeam, Blue-Beech, Ironwood, Hornbeam, American</listingname>
    <family>Betulaceae</family>
    <pronunciation>kar-PYE-nus  kair-oh-lin-ee-AY-nuh</pronunciation>
    <species>caroliniana</species>
    <genus>Carpinus</genus>
    <commonname>American Hornbeam, Blue-Beech, Ironwood</commonname>
  </name>
  <trunkandbranches>
    <currentyeartwigcolor>reddish, brown</currentyeartwigcolor>
    <numberoftrunks>typically multi-trunked, can be trained to one trunk</numberoftrunks>
    <pruningrequirement>little required</pruningrequirement>
    <showiness>showy</showiness>
    <currentyeartwigthickness>thin</currentyeartwigthickness>
    <trunkandbranchbreakage>resistant</trunkandbranchbreakage>
    <woodspecificgravity>unknown</woodspecificgravity>
    <branchdrooping>branches droop</branchdrooping>
    <crownshaft>not applicable</crownshaft>
    <barkthickness>thin bark</barkthickness>
    <thorns>no</thorns>
  </trunkandbranches>
  <rangemap>Range Map RM3A9A</rangemap>
  <descriptivetext>&lt;p align="center"&gt;&lt;b&gt;&lt;em&gt;Carpinus caroliniana &lt;/em&gt;American Hornbeam, Blue-Beech, Ironwood &lt;/b&gt;&lt;/p&gt;&lt;p align="left"&gt;

A handsome tree in many locations, the tree slowly reaches a height and spread of 20 to 30 feet.  It will grow with an attractive open habit in total shade, but be dense in full sun.  The muscle-like bark is smooth, gray and fluted.  Ironwood has a slow growth rate and is reportedly difficult to transplant from a field nursery (although 10-inch-diameter trees were moved with a 90-inch tree spade during the winter in USDA hardiness zone 8b with no problem) but is easy from containers.  The fall color is faintly orange to yellow and stands out in the landscape or woods in the fall.  Brown leaves occasionally hang on the tree into the winter.   &lt;/p&gt;&lt;p align="left"&gt;

With age, a multiple trunked, low branching specimen can be very attractive, showing off the bark and trunk form particularly well when lit at night.  Tolerant of pruning, the tree can be used as a hedge plant or lends itself well for use as a screen due to the densely foliated crown. It can also be trained for street tree use by pruning to one central leader with small-diameter horizontal branches forming `layers' of foliage in the crown.  Some nurseries offer single-stemmed specimens.  Well-suited for small spaces in the shade or sun, ironwood is tolerant of occasional flooding.  The wood is very hard and strong and makes a great tree for climbing if allowed to grow with low branches intact.  The wood dulls wood working tools quickly.  Nutlets and buds are eaten by many birds and squirrels.  If transplanting from the field, do it in the spring. &lt;/p&gt;&lt;p align="left"&gt;

It performs well even in areas inundated with water for several days to a week or two once it is established.  Although moderately drought-tolerant, it is probably best to provide even established trees with some irrigation during dry spells in the south.  Ironwood grows in sun or shade (as an understory tree in the woods) and tolerates most soils, including wet, but not alkaline. &lt;/p&gt;</descriptivetext>
  <pestresistance>resistant to pests/diseases</pestresistance>
  <foliage>
    <shape>ovate, oblong</shape>
    <summercolor>green</summercolor>
    <spiny>no</spiny>
    <type>simple</type>
    <arrangement>alternate</arrangement>
    <bladelength>2 to 4 inches</bladelength>
    <venation>pinnate</venation>
    <fallcharacteristics>showy</fallcharacteristics>
    <margin>double serrate</margin>
    <fallcolor>red, yellow, orange</fallcolor>
    <persistence>deciduous</persistence>
  </foliage>
  <pests>&lt;p align="center"&gt;&lt;b&gt;&lt;u&gt;Pests&lt;/u&gt;&lt;/b&gt;&lt;/p&gt;&lt;p align="left"&gt;

Relatively few insects attack hornbeam.  Maple phenacoccus forms white cottony masses on the undersides of the leaves. &lt;/p&gt;</pests>
  <usdahardinesszone>3A-9A</usdahardinesszone>
  <culturetolerances>
    <saltspraytolerance>none</saltspraytolerance>
    <soilphtolerance>acidic, slightly alkaline</soilphtolerance>
    <lightrequirements>full sun, partial sun or partial shade, shade tolerant</lightrequirements>
    <soilsalttolerance>poor</soilsalttolerance>
    <droughttolerance>moderate</droughttolerance>
    <soildrainagetolerance>occasionally wet, well-drained</soildrainagetolerance>
    <soiltexturetolerance>clay, sand, loam</soiltexturetolerance>
  </culturetolerances>
  <nativeorigin>
    <nativestate>Minnesota, Wisconsin, Iowa, Illinois, Missouri, Arkansas, Oklahoma, Texas, Louisiana, Mississippi, Alabama, Florida, Georgia, South Carolina, North Carolina, Tennessee, Kentucky, Virginia, West Virginia, Indiana, Michigan, Ohio, District of Columbia, Maryland, Pennsylvania, New York, Delaware, New Jersey, Vermont, New Hampshire, Maine, Massachusetts, Rhode Island, Connecticut</nativestate>
    <nativetonorthamerica>yes</nativetonorthamerica>
    <recommendedfordryclimates>no</recommendedfordryclimates>
    <nativefloridacounty>Alachua, Bay, Brevard, Calhoun, Citrus, Clay, Columbia, Escambia, Flagler, Franklin, Gadsden, Gilchrist, Hardee, Hernando, Hillsborough, Jackson, Jefferson, Lake, Leon, Levy, Liberty, Manatee, Marion, Nassau, Okaloosa, Orange, Osceola, Pasco, Polk, Putnam, Santa Rosa, Seminole, Sumter, Suwannee, Taylor, Union, Volusia, Wakulla, Walton, Washington</nativefloridacounty>
  </nativeorigin>
  <lifespan>25 to 50 years</lifespan>
</tree>