<?xml version="1.0" encoding="UTF-8" standalone="no"?><tree>
  <diseases>&lt;p align="center"&gt;&lt;b&gt;&lt;u&gt;Diseases&lt;/u&gt;&lt;/b&gt;&lt;/p&gt;&lt;p align="left"&gt;

None are normally very serious.  Several fungi cause leaf spots on Hornbeam.  Leaf spots are not serious so control measures are usually not needed. &lt;/p&gt;&lt;p align="left"&gt;

Canker caused by several fungi causes infected branches to dieback and entire trees die if the trunk is infected and girdled.  Severely infected trees cannot be saved but infected branches are pruned out. &lt;/p&gt;&lt;p align="left"&gt;

Powdery mildew causes a white powdery growth on the leaves.  The disease is not common on Carpinus. &lt;/p&gt;</diseases>
  <planttype>tree</planttype>
  <size>
    <height>25 to 50 feet</height>
    <maturespread>35 to 40 feet</maturespread>
    <maintainableheight>not suitable for clipping</maintainableheight>
    <matureheight>40 to 60 feet</matureheight>
    <spread>25 to 35 feet</spread>
  </size>
  <use>specimen, hedge, screen, street without sidewalk, parking lot island &lt; 100 sq ft, parking lot island 100-200 sq ft, parking lot island &gt; 200 sq ft, sidewalk cutout (tree pit), tree lawn 3-4 feet wide, tree lawn 4-6 feet wide, tree lawn &gt; 6 ft wide, bonsai, shade, highway median, recommended</use>
  <flower>
    <season>flowers in spring</season>
    <color>white/cream/gray</color>
    <fragrance>no</fragrance>
    <showiness>not showy</showiness>
  </flower>
  <other>
    <verticilliumwilt>resistant</verticilliumwilt>
    <outstandingtree>yes</outstandingtree>
    <winterinterest>yes</winterinterest>
    <invasivepotential>not a problem species</invasivepotential>
    <surfacerooting>not a problem</surfacerooting>
    <availability>rarely available</availability>
    <ozonesensitivity>tolerant</ozonesensitivity>
  </other>
  <fruit>
    <composition>dry or hard</composition>
    <attractiontowildlife>attracts birds</attractiontowildlife>
    <edible>no</edible>
    <shape>oval</shape>
    <showiness>not showy</showiness>
    <length>less than .5 inch</length>
    <persistant>yes</persistant>
    <litter>fruit/leaves not a litter problem</litter>
    <color>brown</color>
  </fruit>
  <factsheet>ST118</factsheet>
  <growthrate>slow</growthrate>
  <crowncanopy>
    <texture>fine</texture>
    <density>dense</density>
    <shape>oval, vase</shape>
    <uniformity>symmetrical</uniformity>
  </crowncanopy>
  <photographs>
    <entireplant>16058629</entireplant>
    <fall>11232838</fall>
    <other>12030950</other>
    <foliage>4371549</foliage>
    <trunk>15315515</trunk>
  </photographs>
  <name>
    <listingname>European Hornbeam, Hornbeam, European</listingname>
    <family>Betulaceae</family>
    <pronunciation>kar-PYE-nus  BET-yoo-lus</pronunciation>
    <species>betulus</species>
    <genus>Carpinus</genus>
    <commonname>European Hornbeam</commonname>
  </name>
  <trunkandbranches>
    <currentyeartwigcolor>brown</currentyeartwigcolor>
    <numberoftrunks>can be trained to one trunk, typically multi-trunked</numberoftrunks>
    <pruningrequirement>little required</pruningrequirement>
    <showiness>showy</showiness>
    <currentyeartwigthickness>thin</currentyeartwigthickness>
    <trunkandbranchbreakage>resistant</trunkandbranchbreakage>
    <woodspecificgravity>unknown</woodspecificgravity>
    <branchdrooping>branches droop</branchdrooping>
    <crownshaft>not applicable</crownshaft>
    <barkthickness>thick</barkthickness>
    <thorns>no</thorns>
  </trunkandbranches>
  <rangemap>Range Map RM4A7B</rangemap>
  <descriptivetext>&lt;p align="center"&gt;&lt;b&gt;&lt;em&gt;Carpinus betulus &lt;/em&gt;European Hornbeam &lt;/b&gt;&lt;/p&gt;&lt;p align="left"&gt;

The species is not normally grown but it reaches 60 feet tall and spreads 40 feet preferring well-drained soil.  Cultivars are more common than the species.  The cultivar `Fastigiata' is most often offered by nurseries and is a popular street tree.  The species tolerates a pH above 7.0.  The plant grows slowly, is shallow rooted, and it can branch low to the ground.  The crown is finely branched, densely foliated and forms a beautiful oval or vase in the landscape.  European hornbeam has yellow fall color and enough pruning tolerance to be a hedge, tall screen or topiary.  It was and is the plant of choice for clipped screens and hedges in English and early American gardens. &lt;/p&gt;&lt;p align="left"&gt;

The tree lends itself well for use as a screen due to the densely foliated crown and low, dense branching.  It can also be trained to one central leader and used as a fine street tree, but will benefit from occasional irrigation in a prolonged drought, although severe drought will not kill the tree, but could cause die-back.  There are old plants in the south which look great, having received no irrigation in recent droughts.  These plants were observed in areas where soil space was not limiting and roots were allowed to expand unhindered by urban structures like curbs, pavement and sidewalks. &lt;/p&gt;&lt;p align="left"&gt;

Lower branches should be removed early if using it for a street tree but with lower branches intact it makes a wonderful climbing tree.  The cultivars are usually very branchy and form a dense crown too thick to climb.  The wood is very hard and strong and dulls wood working tools quickly.  Fruit and buds are eaten by many birds. &lt;/p&gt;&lt;p align="left"&gt;

It is reportedly difficult to transplant which, along with slow growth, probably accounts for its lack of use.  Transplant from the field in the spring.  But it has most of the attributes commonly associated with a good urban tree and should be planted more. &lt;/p&gt;&lt;p align="left"&gt;

There are a number of useful cultivars of European Hornbeam but they may be hard to find, except `Fastigiata': `Asplenifolia' - deeply lobed leaves; `Columnaris' - narrow, dense growth habit, similar to and often confused with `Fastigiata'; `Fastigiata' - is generally available, 30 to 40 feet tall, dense, upright when young but spreading somewhat with age, can be used as an unpruned screen due to its resistance to wind, also very useful as a street tree, fine branches; `Globosa' - rounded growth habit; `Horizontalis' - flat topped; `Incisa' - leaves deeply toothed, small leaves; `Pendula' - weeping habit; `Purpurea' - young leaves purplish; `Pyramidalis' - upright. &lt;/p&gt;</descriptivetext>
  <pestresistance>resistant to pests/diseases</pestresistance>
  <foliage>
    <shape>ovate, oblong</shape>
    <summercolor>green</summercolor>
    <spiny>no</spiny>
    <type>simple</type>
    <arrangement>alternate</arrangement>
    <bladelength>2 to 4 inches</bladelength>
    <venation>pinnate</venation>
    <fallcharacteristics>showy</fallcharacteristics>
    <margin>double serrate</margin>
    <fallcolor>yellow</fallcolor>
    <persistence>deciduous</persistence>
  </foliage>
  <pests>&lt;p align="center"&gt;&lt;b&gt;&lt;u&gt;Pests&lt;/u&gt;&lt;/b&gt;&lt;/p&gt;&lt;p align="left"&gt;

Relatively few insects attack European hornbeam.  Maple phenacoccus forms white cottony masses on the undersides of the leaves.  Two-lined chestnut borer can cause dieback. &lt;/p&gt;</pests>
  <usdahardinesszone>4A-7B</usdahardinesszone>
  <culturetolerances>
    <saltspraytolerance>none</saltspraytolerance>
    <soilphtolerance>alkaline, acidic</soilphtolerance>
    <lightrequirements>full sun, partial sun or partial shade, shade tolerant</lightrequirements>
    <soilsalttolerance>poor</soilsalttolerance>
    <droughttolerance>high</droughttolerance>
    <soildrainagetolerance>well-drained, occasionally wet</soildrainagetolerance>
    <soiltexturetolerance>clay, sand, loam</soiltexturetolerance>
  </culturetolerances>
  <nativeorigin>
    <nativetonorthamerica>no</nativetonorthamerica>
    <recommendedfordryclimates>no</recommendedfordryclimates>
    <nativefloridacounty>Not Native to Florida</nativefloridacounty>
  </nativeorigin>
  <lifespan>25 to 50 years</lifespan>
</tree>