<?xml version="1.0" encoding="UTF-8" standalone="no"?><tree>
  <diseases>&lt;p align="center"&gt;&lt;b&gt;&lt;u&gt;Diseases&lt;/u&gt;&lt;/b&gt;&lt;/p&gt;&lt;p align="left"&gt;

No diseases are of major concern. &lt;/p&gt;</diseases>
  <planttype>palm, tree</planttype>
  <size>
    <height>25 to 50 feet</height>
    <maturespread>8 to 10 feet</maturespread>
    <maintainableheight>not suitable for clipping</maintainableheight>
    <matureheight>35 to 40 feet</matureheight>
    <spread>6 to 10 feet</spread>
  </size>
  <use>indoors, specimen, deck or patio, container or planter, recommended</use>
  <flower>
    <season>flowers in spring, flowers in summer, flowers in fall</season>
    <color>white/cream/gray</color>
    <fragrance>no</fragrance>
    <showiness>not showy</showiness>
  </flower>
  <other>
    <verticilliumwilt>resistant</verticilliumwilt>
    <outstandingtree>no</outstandingtree>
    <winterinterest>no</winterinterest>
    <invasivepotential>not assessed or incomplete data</invasivepotential>
    <surfacerooting>not a problem</surfacerooting>
    <availability>generally available</availability>
    <ozonesensitivity>unknown</ozonesensitivity>
  </other>
  <fruit>
    <composition>dry or hard</composition>
    <attractiontowildlife>little</attractiontowildlife>
    <edible>no</edible>
    <shape>round</shape>
    <showiness>showy</showiness>
    <length>.5 to 1 inch</length>
    <persistant>no</persistant>
    <litter>fruit/leaves not a litter problem</litter>
    <color>red</color>
  </fruit>
  <factsheet>ST117</factsheet>
  <growthrate>fast</growthrate>
  <crowncanopy>
    <texture>medium</texture>
    <density>open</density>
    <shape>palm, upright/erect</shape>
    <uniformity>symmetrical</uniformity>
  </crowncanopy>
  <photographs>
    <fruit>15180289</fruit>
    <entireplant>4369019</entireplant>
  </photographs>
  <name>
    <listingname>Carpentaria Palm, Palm, Carpentaria</listingname>
    <family>Arecaceae</family>
    <pronunciation>kar-pen-TAIR-ee-uh  ack-yoo-min-NAY-tuh</pronunciation>
    <species>acuminata</species>
    <genus>Carpentaria</genus>
    <commonname>Carpentaria Palm</commonname>
  </name>
  <trunkandbranches>
    <branchdrooping>branches don't droop</branchdrooping>
    <woodspecificgravity>unknown</woodspecificgravity>
    <crownshaft>yes</crownshaft>
    <currentyeartwigcolor>not applicable</currentyeartwigcolor>
    <thorns>no</thorns>
    <pruningrequirement>little required</pruningrequirement>
    <trunkandbranchbreakage>resistant</trunkandbranchbreakage>
    <barkthickness>not applicable</barkthickness>
    <numberoftrunks>typically one trunk</numberoftrunks>
    <showiness>not showy</showiness>
  </trunkandbranches>
  <rangemap>Range Map RM10B11</rangemap>
  <descriptivetext>&lt;p align="center"&gt;&lt;b&gt;&lt;em&gt;Carpentaria acuminata &lt;/em&gt;Carpentaria Palm &lt;/b&gt;&lt;/p&gt;&lt;p align="left"&gt;

This fast-growing palm tree quickly grows to a height of 40 feet, the smooth grey trunk topped with 10-foot-long, spreading green fronds.  The inconspicuous white flowers appear from spring through fall and are followed by the production of bright red fruits which are less than one-inch-long.  The juice from these fruits can cause a skin irritation.  Once highly recommended as a replacement for the Christmas Palm which is very susceptible to lethal yellowing disease, Carpentaria Palm apparently requires a richer soil than many landscapes can provide.  It is also susceptible to trunk cracks in cool weather, a condition which opens the trunk to decay organisms. &lt;/p&gt;&lt;p align="left"&gt;

Carpentaria Palm is probably best suited for an occasional accent or specimen planting where temperatures stay warm in the winter.  A number of them grouped together can be attractive.  Choose the best soil on your site for planting this palm. &lt;/p&gt;&lt;p align="left"&gt;

Carpentaria Palm should be grown in full sun on rich, moist but well-drained, fertile soil, and it has a low tolerance for salt and drought. &lt;/p&gt;&lt;p align="left"&gt;

Propagation is by seeds. &lt;/p&gt;</descriptivetext>
  <pestresistance>resistant to pests/diseases</pestresistance>
  <foliage>
    <shape>linear</shape>
    <summercolor>green</summercolor>
    <spiny>no</spiny>
    <type>odd-pinnately compound</type>
    <arrangement>spiral</arrangement>
    <bladelength>more than 36 inches</bladelength>
    <venation>parallel</venation>
    <fallcharacteristics>not showy</fallcharacteristics>
    <margin>entire</margin>
    <fallcolor>no color change</fallcolor>
    <persistence>evergreen</persistence>
  </foliage>
  <pests>&lt;p align="center"&gt;&lt;b&gt;&lt;u&gt;Pests&lt;/u&gt;&lt;/b&gt;&lt;/p&gt;&lt;p align="left"&gt;

Thrips. &lt;/p&gt;</pests>
  <usdahardinesszone>10B-11</usdahardinesszone>
  <culturetolerances>
    <saltspraytolerance>low</saltspraytolerance>
    <soilphtolerance>slightly alkaline, acidic</soilphtolerance>
    <lightrequirements>full sun</lightrequirements>
    <soilsalttolerance>unknown</soilsalttolerance>
    <droughttolerance>moderate</droughttolerance>
    <soildrainagetolerance>well-drained, occasionally wet</soildrainagetolerance>
    <soiltexturetolerance>clay, sand, loam</soiltexturetolerance>
  </culturetolerances>
  <nativeorigin>
    <nativetonorthamerica>no</nativetonorthamerica>
    <recommendedfordryclimates>no</recommendedfordryclimates>
    <nativefloridacounty>Not Native to Florida</nativefloridacounty>
  </nativeorigin>
  <lifespan>25 to 50 years</lifespan>
</tree>