<?xml version="1.0" encoding="UTF-8" standalone="no"?><tree>
  <diseases>&lt;p align="center"&gt;&lt;b&gt;&lt;u&gt;Diseases&lt;/u&gt;&lt;/b&gt;&lt;/p&gt;&lt;p align="left"&gt;

Hickory anthracnose or leaf spot is caused by a fungus.  In wet years the disease causes severe defoliation.  The symptoms are large reddish brown spots on the upper leaf surface but brown on the lower surface.  The spots may not have distinct marginal markings.  The disease overwinters on fallen diseased leaves so dispose of infected leaves in the fall.  A large number of fungi cause leaf spots on hickory.  Severe infections can cause defoliation.  Many of the fungi overwinter on diseased leaves, dispose of infected leaves when they fall. &lt;/p&gt;&lt;p align="left"&gt;

Witches broom can follow a leaf spot disease.  Symptoms are yellow blotches on the upper sides of the leaves but white on the undersides.  Severe infections may cause defoliation, and when the fungus invades the stem a witches broom forms.  Leaves on the stems of the witches broom are yellowish, small, and fall prematurely.  Prune out witches brooms when they form. &lt;/p&gt;&lt;p align="left"&gt;

Powdery mildew causes a white powdery growth on the leaves.  If the disease occurs late in the season, no chemical control will be needed. &lt;/p&gt;&lt;p align="left"&gt;

Try to prevent cankers by keeping trees healthy through watering during dry weather and regular fertilization.  Avoid wounding the trees unnecessarily and prune out weak or dead branches. &lt;/p&gt;&lt;p align="left"&gt;

Verticillium wilt kills individual branches or sometimes entire sections of the tree.  Foliage on affected branches wilts and later turns brown.  Keep trees healthy and prune out small infected branches. &lt;/p&gt;</diseases>
  <planttype>tree</planttype>
  <size>
    <height>50 to 75 feet</height>
    <maturespread>25 to 35 feet</maturespread>
    <maintainableheight>not suitable for clipping</maintainableheight>
    <matureheight>60 to 80 feet</matureheight>
    <spread>25 to 35 feet</spread>
  </size>
  <use>specimen, shade, recommended</use>
  <flower>
    <season>flowers in spring</season>
    <color>green</color>
    <fragrance>no</fragrance>
    <showiness>showy</showiness>
  </flower>
  <other>
    <verticilliumwilt>susceptible</verticilliumwilt>
    <outstandingtree>yes</outstandingtree>
    <winterinterest>yes</winterinterest>
    <invasivepotential>not a problem species</invasivepotential>
    <surfacerooting>not a problem</surfacerooting>
    <availability>somewhat available</availability>
    <ozonesensitivity>tolerant</ozonesensitivity>
  </other>
  <fruit>
    <composition>dry or hard</composition>
    <attractiontowildlife>attracts squirrels/mammals</attractiontowildlife>
    <edible>no</edible>
    <shape>oval, round</shape>
    <showiness>showy</showiness>
    <length>1 to 3 inches</length>
    <persistant>no</persistant>
    <litter>fruit/leaves a litter problem</litter>
    <color>brown, green</color>
  </fruit>
  <factsheet>ST123</factsheet>
  <growthrate>slow</growthrate>
  <crowncanopy>
    <texture>coarse</texture>
    <density>moderate</density>
    <shape>oval</shape>
    <uniformity>symmetrical</uniformity>
  </crowncanopy>
  <photographs>
    <spring>10327922</spring>
    <entireplant>15758990</entireplant>
    <fall>9721128</fall>
    <foliage>9832702</foliage>
    <trunk>872855</trunk>
  </photographs>
  <name>
    <listingname>Shagbark Hickory, Hickory, Shagbark</listingname>
    <family>Juglandaceae</family>
    <pronunciation>KAIR-ee-uh  oh-VAY-tuh</pronunciation>
    <species>ovata</species>
    <genus>Carya</genus>
    <commonname>Shagbark Hickory</commonname>
  </name>
  <trunkandbranches>
    <currentyeartwigcolor>brown, gray</currentyeartwigcolor>
    <numberoftrunks>typically one trunk</numberoftrunks>
    <pruningrequirement>little required</pruningrequirement>
    <showiness>showy</showiness>
    <currentyeartwigthickness>thick</currentyeartwigthickness>
    <trunkandbranchbreakage>resistant</trunkandbranchbreakage>
    <woodspecificgravity>0.72</woodspecificgravity>
    <branchdrooping>branches don't droop</branchdrooping>
    <crownshaft>not applicable</crownshaft>
    <barkthickness>thick</barkthickness>
    <thorns>no</thorns>
  </trunkandbranches>
  <rangemap>Range Map RM5A8A</rangemap>
  <descriptivetext>&lt;p align="center"&gt;&lt;b&gt;&lt;em&gt;Carya ovata &lt;/em&gt;Shagbark Hickory &lt;/b&gt;&lt;/p&gt;&lt;p align="left"&gt;

Shagbark Hickory reaches a height of 60 to 80 feet and spreads 25 to 35 feet.  The tree has a picturesque, oval outline with the lower branches somewhat drooping, the upper branches upright, and the middle branches just about horizontal.  Probably the best ornamental hickory due to the open branching habit and shaggy, gray bark. &lt;/p&gt;&lt;p align="left"&gt;

Growth rate is slow and the tree is somewhat difficult to transplant due to a coarse root system but the tree is adaptable to many different soils.  There is usually a tap root on trees grown in well-drained soil.  The nuts are produced in abundance and are edible and used by birds and mammals but must also be cleaned up from the ground in a maintained landscape.  They can damage cars when they fall from the tree, so do not locate them near streets or parking areas.  Shagbark Hickory grows best in a sunny location and light well-drained soil.  It grows naturally in moist river bottoms, not inundated flood plains, &lt;/p&gt;&lt;p align="left"&gt;

The tree has two ornamental characteristics:  peeling, shaggy bark, which peels off in long strips, and a golden yellow fall color.  The light grey bark is quite striking.  Not a tree for general use, Shagbark Hickory is best saved for an occasional specimen on golf courses and parks and in other open areas. &lt;/p&gt;</descriptivetext>
  <pestresistance>resistant to pests/diseases</pestresistance>
  <foliage>
    <shape>oblanceolate, oblong, lanceolate</shape>
    <summercolor>green</summercolor>
    <spiny>no</spiny>
    <type>odd-pinnately compound</type>
    <arrangement>alternate</arrangement>
    <bladelength>4 to 8 inches</bladelength>
    <venation>pinnate</venation>
    <fallcharacteristics>showy</fallcharacteristics>
    <margin>serrate</margin>
    <fallcolor>yellow</fallcolor>
    <persistence>deciduous</persistence>
  </foliage>
  <pests>&lt;p align="center"&gt;&lt;b&gt;&lt;u&gt;Pests&lt;/u&gt;&lt;/b&gt;&lt;/p&gt;&lt;p align="left"&gt;

Aphids of various types feed on hickory causing distorted and stunted growth.  The hickory leaf stem gall causes the formation of hollow green galls on leaves, stems, and twigs.  The galls form in June and turn black in July.  The galls are up to a half inch in diameter. &lt;/p&gt;&lt;p align="left"&gt;

Hickory bark beetles mine the bark and sapwood.  The boring causes wilting of young twigs, or trunks may be girdled and trees killed.  Keep trees healthy by fertilizing regularly and by watering during dry weather.  It can kill trees of low vigor. &lt;/p&gt;&lt;p align="left"&gt;

The twig girdler larva girdles twigs causing weakened twigs to break off and drop.  The larva is about a half-inch-long and rides the branch to the ground where it overwinters.  Gather the fallen twigs and destroy them. &lt;/p&gt;&lt;p align="left"&gt;

June beetles eat the leaves of hickory at night.  The injury is usually not severe but can be mysterious since no insects are seen during the day. &lt;/p&gt;&lt;p align="left"&gt;

Caterpillars of various types feed on hickory. &lt;/p&gt;&lt;p align="left"&gt;

Scales of various types attack hickory but can be controlled with sprays of horticultural oil. &lt;/p&gt;&lt;p align="left"&gt;

Spittlebugs can be a nuisance. &lt;/p&gt;</pests>
  <usdahardinesszone>5A-8A</usdahardinesszone>
  <culturetolerances>
    <saltspraytolerance>none</saltspraytolerance>
    <soilphtolerance>acidic, slightly alkaline</soilphtolerance>
    <lightrequirements>full sun, partial sun or partial shade</lightrequirements>
    <soilsalttolerance>moderate</soilsalttolerance>
    <droughttolerance>moderate</droughttolerance>
    <soildrainagetolerance>well-drained, occasionally wet</soildrainagetolerance>
    <soiltexturetolerance>clay, sand, loam</soiltexturetolerance>
  </culturetolerances>
  <nativeorigin>
    <nativestate>Minnesota, Iowa, Nebraska, Kansas, Texas, Oklahoma, Louisiana, Arkansas, Missouri, Wisconsin, Illinois, Indiana, Michigan, Ohio, Kentucky, Tennessee, Mississippi, Alabama, Georgia, South Carolina, North Carolina, Virginia, West Virginia, District of Columbia, Maryland, Pennsylvania, Delaware, New Jersey, New York, Connecticut, Rhode Island, Massachusetts, Vermont, New Hampshire, Maine</nativestate>
    <nativetonorthamerica>yes</nativetonorthamerica>
    <recommendedfordryclimates>no</recommendedfordryclimates>
    <nativefloridacounty>Not Native to Florida</nativefloridacounty>
  </nativeorigin>
  <lifespan>more than 50 years</lifespan>
</tree>