<?xml version="1.0" encoding="UTF-8" standalone="no"?><tree>
  <foliage>
    <shape>fan-shaped, obovate</shape>
    <summercolor>green</summercolor>
    <spiny>no</spiny>
    <type>odd-pinnately compound</type>
    <arrangement>spiral</arrangement>
    <bladelength>2 to 4 inches, 4 to 8 inches</bladelength>
    <venation>reticulate</venation>
    <fallcharacteristics>not showy</fallcharacteristics>
    <margin>incised</margin>
    <fallcolor>no color change</fallcolor>
    <persistence>evergreen</persistence>
  </foliage>
  <pestresistance>sensitive to pests/diseases</pestresistance>
  <lifespan>unknown</lifespan>
  <culturetolerances>
    <saltspraytolerance>unknown</saltspraytolerance>
    <soilphtolerance>acidic, alkaline, slightly alkaline</soilphtolerance>
    <lightrequirements>full sun, full sun, partial sun or partial shade</lightrequirements>
    <soilsalttolerance>moderate</soilsalttolerance>
    <droughttolerance>moderate</droughttolerance>
    <soildrainagetolerance>well-drained</soildrainagetolerance>
    <soiltexturetolerance>sand, loam, clay</soiltexturetolerance>
  </culturetolerances>
  <flower>
    <season>flowers in spring, flowers in summer</season>
    <color>white/cream/gray</color>
    <fragrance>no</fragrance>
    <showiness>not showy</showiness>
  </flower>
  <diseases/>
  <planttype>tree</planttype>
  <use>container or planter, specimen</use>
  <usdahardinesszone>10B-11</usdahardinesszone>
  <nativeorigin>
    <nativestate>Oregon</nativestate>
    <nativetonorthamerica>no</nativetonorthamerica>
    <recommendedfordryclimates>no</recommendedfordryclimates>
    <nativefloridacounty>Not Native to Florida</nativefloridacounty>
  </nativeorigin>
  <size>
    <height>15 to 25 feet</height>
    <maturespread>10 to 15 feet</maturespread>
    <maintainableheight>not suitable for clipping</maintainableheight>
    <matureheight>15 to 25 feet</matureheight>
    <spread>10 to 15 feet</spread>
  </size>
  <factsheet/>
  <trunkandbranches>
    <currentyeartwigcolor>green</currentyeartwigcolor>
    <numberoftrunks>typically multi-trunked</numberoftrunks>
    <pruningrequirement>little required</pruningrequirement>
    <showiness>not showy</showiness>
    <currentyeartwigthickness>medium</currentyeartwigthickness>
    <trunkandbranchbreakage>resistant</trunkandbranchbreakage>
    <woodspecificgravity>unknown</woodspecificgravity>
    <branchdrooping>branches droop</branchdrooping>
    <crownshaft>not applicable</crownshaft>
    <barkthickness>thick</barkthickness>
    <thorns>no</thorns>
  </trunkandbranches>
  <pests/>
  <fruit>
    <composition>unknown</composition>
    <attractiontowildlife>unknown</attractiontowildlife>
    <edible>no</edible>
    <shape>round</shape>
    <showiness>not showy</showiness>
    <length>unknown</length>
    <persistant>unknown</persistant>
    <litter>unknown</litter>
    <color>black, red</color>
  </fruit>
  <name>
    <listingname>Burmese Fishtail Palm, Crested Fishtail, Tufted Fishtail</listingname>
    <family>Arecaceae</family>
    <pronunciation/>
    <species>mitis</species>
    <genus>Caryota</genus>
    <cultivar/>
    <commonname>Burmese Fishtail Palm, Crested Fishtail, Tufted Fishtail</commonname>
  </name>
  <photographs>
    <foliage>10909176</foliage>
    <entireplant>23126</entireplant>
  </photographs>
  <crowncanopy>
    <texture>coarse</texture>
    <density>moderate</density>
    <shape>palm, upright/erect</shape>
    <uniformity>irregular</uniformity>
  </crowncanopy>
  <other>
    <verticilliumwilt>resistant</verticilliumwilt>
    <outstandingtree>no</outstandingtree>
    <winterinterest>no</winterinterest>
    <invasivepotential>not a problem species</invasivepotential>
    <surfacerooting>unknown</surfacerooting>
    <availability>somewhat available</availability>
    <ozonesensitivity>unknown</ozonesensitivity>
  </other>
  <descriptivetext>&lt;p align="left"&gt;

Fishtail Palms grow fine in full sun to deep shade, requiring only that the soil be well-drained and reasonably fertile.  It is not a palm for a plant-and-forget situation. It has a moderate to rapid growth rate and should be located outdoors in a sheltered location, protected from temperatures less than about 35 degrees F. Unfortunately, the palm is susceptible to lethal yellowing disease which kills many palms. In addition, it is monocarpic, so a stem dies after it flowers. This stem must be removed to maintain a neat appearance. Some have one trunk, others are multi-trunked. Fruit may be poisonous if ingested.  Fruit can cause severe skin irritation. Pollen causes some allergies.&lt;/p&gt;</descriptivetext>
  <growthrate>moderate</growthrate>
</tree>