<?xml version="1.0" encoding="UTF-8" standalone="no"?><tree>
  <diseases>&lt;p align="center"&gt;&lt;b&gt;&lt;u&gt;Diseases&lt;/u&gt;&lt;/b&gt;&lt;/p&gt;&lt;p align="left"&gt;

Lethal yellowing disease. &lt;/p&gt;</diseases>
  <planttype>palm, tree</planttype>
  <size>
    <height>15 to 25 feet</height>
    <maturespread>10 to 15 feet</maturespread>
    <maintainableheight>not suitable for clipping</maintainableheight>
    <matureheight>15 to 25 feet</matureheight>
    <spread>10 to 15 feet</spread>
  </size>
  <use>indoors, specimen, deck or patio, container or planter, screen, recommended</use>
  <flower>
    <season>flowers in spring, flowers in summer</season>
    <color>white/cream/gray</color>
    <fragrance>no</fragrance>
    <showiness>not showy</showiness>
  </flower>
  <other>
    <verticilliumwilt>resistant</verticilliumwilt>
    <outstandingtree>no</outstandingtree>
    <winterinterest>no</winterinterest>
    <invasivepotential>not assessed or incomplete data</invasivepotential>
    <surfacerooting>not a problem</surfacerooting>
    <availability>generally available</availability>
    <ozonesensitivity>unknown</ozonesensitivity>
  </other>
  <fruit>
    <composition>unknown</composition>
    <attractiontowildlife>little</attractiontowildlife>
    <edible>no</edible>
    <shape>round</shape>
    <showiness>not showy</showiness>
    <length>less than .5 inch</length>
    <persistant>no</persistant>
    <litter>fruit/leaves not a litter problem</litter>
    <color>brown</color>
  </fruit>
  <factsheet>ST124</factsheet>
  <growthrate>moderate</growthrate>
  <crowncanopy>
    <texture>coarse</texture>
    <density>moderate</density>
    <shape>palm, upright/erect</shape>
    <uniformity>irregular</uniformity>
  </crowncanopy>
  <photographs>
    <other>9165218</other>
    <entireplant>8619011</entireplant>
  </photographs>
  <name>
    <listingname>Fishtail Palm, Palm, Fishtail</listingname>
    <family>Arecaceae</family>
    <pronunciation>kair-ee-OH-tuh  species</pronunciation>
    <species>spp.</species>
    <genus>Caryota</genus>
    <commonname>Fishtail Palm</commonname>
  </name>
  <trunkandbranches>
    <branchdrooping>branches don't droop</branchdrooping>
    <woodspecificgravity>unknown</woodspecificgravity>
    <crownshaft>no</crownshaft>
    <currentyeartwigcolor>not applicable</currentyeartwigcolor>
    <thorns>no</thorns>
    <pruningrequirement>little required</pruningrequirement>
    <trunkandbranchbreakage>resistant</trunkandbranchbreakage>
    <barkthickness>not applicable</barkthickness>
    <numberoftrunks>typically multi-trunked</numberoftrunks>
    <showiness>not showy</showiness>
  </trunkandbranches>
  <rangemap>Range Map RM10B11</rangemap>
  <descriptivetext>&lt;p align="center"&gt;&lt;b&gt;&lt;em&gt;Caryota &lt;/em&gt; spp.Fishtail Palm &lt;/b&gt;&lt;/p&gt;&lt;p align="left"&gt;

This clump-growing group of palms has medium green leaf blades which are divided into many segments, each of which resembles the tail of a fancy goldfish.  Rarely exceeding 25 feet in height, a number of species of fishtail palms produce suckers from the base creating a very attractive specimen palm.  Its neat habit makes it ideal for use at poolside, in urns or other containers, and it is often seen in well-lit interiorscapes where its distinct form lends a tropical effect.  It can be used as a house plant in large homes with plenty of light. &lt;/p&gt;&lt;p align="left"&gt;

Fishtail Palms can thrive in light conditions from full sun to deep shade, requiring only that its soil be well-drained and reasonably fertile.  It has a moderate to rapid growth rate and should be located outdoors in a sheltered location protected from cold.  Unfortunately, the palm is susceptible to lethal yellowing disease.  In addition, it is monocarpic so a stem dies after it flowers.  This stem must be removed to maintain a neat appearance.  There are a variety of other species grown in south Florida nurseries. &lt;/p&gt;&lt;p align="left"&gt;

Propagation is by seeds or division. &lt;/p&gt;</descriptivetext>
  <pestresistance>sensitive to pests/diseases</pestresistance>
  <foliage>
    <shape>obovate</shape>
    <summercolor>green</summercolor>
    <spiny>no</spiny>
    <type>odd-pinnately compound</type>
    <arrangement>spiral</arrangement>
    <bladelength>2 to 4 inches, 4 to 8 inches</bladelength>
    <venation>reticulate</venation>
    <fallcharacteristics>not showy</fallcharacteristics>
    <margin>incised</margin>
    <fallcolor>no color change</fallcolor>
    <persistence>evergreen</persistence>
  </foliage>
  <pests>&lt;p align="center"&gt;&lt;b&gt;&lt;u&gt;Pests&lt;/u&gt;&lt;/b&gt;&lt;/p&gt;&lt;p align="left"&gt;

Red spider mites and scales are serious problems, especially when fishtail palms are used indoors. &lt;/p&gt;</pests>
  <usdahardinesszone>10B-11</usdahardinesszone>
  <culturetolerances>
    <saltspraytolerance>low</saltspraytolerance>
    <soilphtolerance>alkaline, acidic</soilphtolerance>
    <lightrequirements>full sun, partial sun or partial shade, shade tolerant</lightrequirements>
    <soilsalttolerance>unknown</soilsalttolerance>
    <droughttolerance>moderate</droughttolerance>
    <soildrainagetolerance>well-drained</soildrainagetolerance>
    <soiltexturetolerance>clay, sand, loam</soiltexturetolerance>
  </culturetolerances>
  <nativeorigin>
    <nativetonorthamerica>no</nativetonorthamerica>
    <recommendedfordryclimates>no</recommendedfordryclimates>
    <nativefloridacounty>Not Native to Florida</nativefloridacounty>
  </nativeorigin>
  <lifespan>less than 25 years</lifespan>
</tree>