<?xml version="1.0" encoding="UTF-8" standalone="no"?><tree>
  <diseases>&lt;p align="center"&gt;&lt;b&gt;&lt;u&gt;Diseases&lt;/u&gt;&lt;/b&gt;&lt;/p&gt;&lt;p align="left"&gt;

Scab. &lt;/p&gt;</diseases>
  <planttype>tree</planttype>
  <size>
    <height>50 to 75 feet</height>
    <maturespread>30 to 40 feet</maturespread>
    <maintainableheight>not suitable for clipping</maintainableheight>
    <matureheight>50 to 65 feet</matureheight>
    <spread>25 to 35 feet</spread>
  </size>
  <use>shade, specimen, recommended</use>
  <flower>
    <season>flowers in spring</season>
    <color>yellow</color>
    <fragrance>no</fragrance>
    <showiness>not showy</showiness>
  </flower>
  <other>
    <verticilliumwilt>unknown</verticilliumwilt>
    <outstandingtree>no</outstandingtree>
    <winterinterest>no</winterinterest>
    <invasivepotential>not a problem species</invasivepotential>
    <surfacerooting>not a problem</surfacerooting>
    <availability>somewhat available</availability>
    <ozonesensitivity>tolerant</ozonesensitivity>
  </other>
  <fruit>
    <composition>dry or hard</composition>
    <attractiontowildlife>attracts squirrels/mammals</attractiontowildlife>
    <edible>yes</edible>
    <shape>round, oval</shape>
    <showiness>not showy</showiness>
    <length>1 to 3 inches</length>
    <persistant>yes</persistant>
    <litter>fruit/leaves a litter problem</litter>
    <color>green, brown</color>
  </fruit>
  <factsheet>ST121</factsheet>
  <growthrate>moderate</growthrate>
  <crowncanopy>
    <texture>medium</texture>
    <density>dense</density>
    <shape>oval</shape>
    <uniformity>symmetrical</uniformity>
  </crowncanopy>
  <photographs>
    <entireplant>4510853</entireplant>
    <fall>14966947</fall>
    <fruit>10391209</fruit>
    <foliage>7054645</foliage>
    <trunk>14680361</trunk>
  </photographs>
  <name>
    <listingname>Pignut Hickory, Hickory, Pignut</listingname>
    <family>Juglandaceae</family>
    <pronunciation>KAIR-ee-uh  GLAY-bruh</pronunciation>
    <species>glabra</species>
    <genus>Carya</genus>
    <commonname>Pignut Hickory</commonname>
  </name>
  <trunkandbranches>
    <currentyeartwigcolor>brown</currentyeartwigcolor>
    <numberoftrunks>typically one trunk</numberoftrunks>
    <pruningrequirement>little required</pruningrequirement>
    <showiness>not showy</showiness>
    <currentyeartwigthickness>thick</currentyeartwigthickness>
    <trunkandbranchbreakage>resistant</trunkandbranchbreakage>
    <woodspecificgravity>0.75</woodspecificgravity>
    <branchdrooping>branches don't droop</branchdrooping>
    <crownshaft>not applicable</crownshaft>
    <barkthickness>thick</barkthickness>
    <thorns>no</thorns>
  </trunkandbranches>
  <rangemap>Range Map RM5A9B</rangemap>
  <descriptivetext>&lt;p align="center"&gt;&lt;b&gt;&lt;em&gt;Carya glabra &lt;/em&gt;Pignut Hickory &lt;/b&gt;&lt;/p&gt;&lt;p align="left"&gt;

A North American native, Pignut Hickory is usually seen at 50 to 65 feet in height with a 30 to 40-foot-spread but is capable of slowly reaching 120 feet in the forest.  The deciduous, 6 to 12-inch-long leaves create a coarse, oval canopy, and the strong but irregularly-spaced branches resist breakage in storms, making it useful as a shade tree.  The green fruits are quite bitter and are popular with various forms of wildlife, but not man.  Since fruits may damage cars as they fall and people could roll on the fruit and lose their balance, it may be best to locate the tree away from streets, parking lots and other areas where cars regularly park.  It makes a nice shade tree or median strip tree planted on 25 to 30-foot-centers and turns a striking bright yellow in the fall. &lt;/p&gt;&lt;p align="left"&gt;

Hickory generally grows with one central leader, and branches are well-spaced, forming a strong, wide angle with the trunk.  The tree lends a coarse texture to the landscape which contrasts nicely with the smaller-leaved trees, such as the evergreen oaks.  This is an under-utilized native tree with potential for much wider use. &lt;/p&gt;&lt;p align="left"&gt;

Pignut Hickory grows best in sun or partial shade on well-drained, acid soils and is very drought-tolerant.  Trees will show minor-element deficiencies on alkaline soils.  It grows well in sand or clay, sending deep roots down below the trunk in well-drained soil.  Hickory wood is versatile and is used for chair legs, tool handles, including axes and hammers, and for smoking meat and fish. &lt;/p&gt;&lt;p align="left"&gt;

Propagation is by stratified seed or root-sprouts. &lt;/p&gt;</descriptivetext>
  <pestresistance>resistant to pests/diseases</pestresistance>
  <foliage>
    <shape>obovate, lanceolate</shape>
    <summercolor>green</summercolor>
    <spiny>no</spiny>
    <type>odd-pinnately compound</type>
    <arrangement>alternate</arrangement>
    <bladelength>4 to 8 inches</bladelength>
    <venation>pinnate</venation>
    <fallcharacteristics>showy</fallcharacteristics>
    <margin>serrate</margin>
    <fallcolor>yellow</fallcolor>
    <persistence>deciduous</persistence>
  </foliage>
  <pests>&lt;p align="center"&gt;&lt;b&gt;&lt;u&gt;Pests&lt;/u&gt;&lt;/b&gt;&lt;/p&gt;&lt;p align="left"&gt;

Borers, bagworms, and fall webworms but none are normally serious.  Fall webworms can devour large quantities of foliage during the summer and fall but they cause no lasting damage and control is not needed.  Galls are common on the leaves but cause no real damage. &lt;/p&gt;&lt;p align="left"&gt;

Hickory bark beetle is a problem, particularly during droughts. &lt;/p&gt;</pests>
  <usdahardinesszone>5A-9B</usdahardinesszone>
  <culturetolerances>
    <saltspraytolerance>moderate</saltspraytolerance>
    <soilphtolerance>slightly alkaline, acidic</soilphtolerance>
    <lightrequirements>full sun, partial sun or partial shade</lightrequirements>
    <soilsalttolerance>poor</soilsalttolerance>
    <droughttolerance>high</droughttolerance>
    <soildrainagetolerance>well-drained, occasionally wet</soildrainagetolerance>
    <soiltexturetolerance>clay, sand, loam</soiltexturetolerance>
  </culturetolerances>
  <nativeorigin>
    <nativestate>Florida, Georgia, Alabama, Mississippi, Louisiana, Texas, Arkansas, Oklahoma, Kansas, Missouri, Illinois, Michigan, Indiana, Ohio, Pennsylvania, New York, Vermont, New Hampshire, Massachusetts, Rhode Island, Connecticut, New Jersey, Delaware, Maryland, District of Columbia, West Virginia, Virginia, Kentucky, Tennessee, North Carolina, South Carolina</nativestate>
    <nativetonorthamerica>yes</nativetonorthamerica>
    <recommendedfordryclimates>no</recommendedfordryclimates>
    <nativefloridacounty>Alachua, Baker, Bay, Brevard, Charlotte, Citrus, Clay, Columbia, De Soto, Dixie, Duval, Escambia, Flagler, Franklin, Gilchrist, Hamilton, Hardee, Hernando, Highlands, Hillsborough, Jackson, Lake, Leon, Levy, Liberty, Madison, Manatee, Marion, Nassau, Okaloosa, Orange, Pasco, Pinellas, Polk, Putnam, Santa Rosa, Sarasota, Seminole, St. Johns, Suwannee, Taylor, Union, Volusia, Wakulla, Walton</nativefloridacounty>
  </nativeorigin>
  <lifespan>more than 50 years</lifespan>
</tree>