<?xml version="1.0" encoding="UTF-8" standalone="no"?><tree>
  <other>
    <verticilliumwilt>unknown</verticilliumwilt>
    <outstandingtree>no</outstandingtree>
    <winterinterest>no</winterinterest>
    <invasivepotential>not a problem species</invasivepotential>
    <surfacerooting>not a problem</surfacerooting>
    <availability>rarely available</availability>
    <ozonesensitivity>unknown</ozonesensitivity>
  </other>
  <fruit>
    <composition>dry or hard</composition>
    <attractiontowildlife>unknown</attractiontowildlife>
    <edible>no</edible>
    <shape>oval, round</shape>
    <showiness>showy</showiness>
    <length>1 to 3 inches</length>
    <persistant>yes</persistant>
    <litter>fruit/leaves a litter problem</litter>
    <color>brown</color>
  </fruit>
  <foliage>
    <shape>lanceolate</shape>
    <summercolor>green</summercolor>
    <spiny>no</spiny>
    <type>odd-pinnately compound</type>
    <arrangement>alternate</arrangement>
    <bladelength>4 to 8 inches</bladelength>
    <venation>pinnate</venation>
    <fallcharacteristics>showy</fallcharacteristics>
    <margin>serrate</margin>
    <fallcolor>yellow</fallcolor>
    <persistence>deciduous</persistence>
  </foliage>
  <crowncanopy>
    <texture>coarse</texture>
    <density>moderate</density>
    <shape>round, oval</shape>
    <uniformity>irregular</uniformity>
  </crowncanopy>
  <trunkandbranches>
    <currentyeartwigcolor>reddish, gray</currentyeartwigcolor>
    <numberoftrunks>typically one trunk</numberoftrunks>
    <pruningrequirement>little required</pruningrequirement>
    <showiness>showy</showiness>
    <currentyeartwigthickness>thick</currentyeartwigthickness>
    <trunkandbranchbreakage>susceptible to breakage</trunkandbranchbreakage>
    <woodspecificgravity>0.66</woodspecificgravity>
    <branchdrooping>branches don't droop</branchdrooping>
    <crownshaft>not applicable</crownshaft>
    <barkthickness>thick</barkthickness>
    <thorns>no</thorns>
  </trunkandbranches>
  <planttype>tree</planttype>
  <use>shade, recommended</use>
  <lifespan>more than 50 years</lifespan>
  <size>
    <height>50 to 75 feet</height>
    <maturespread>50 to 70 feet</maturespread>
    <maintainableheight>not suitable for clipping</maintainableheight>
    <matureheight>50 to 75 feet</matureheight>
    <spread>over 50 feet</spread>
  </size>
  <culturetolerances>
    <saltspraytolerance>unknown</saltspraytolerance>
    <soilphtolerance>alkaline, acidic</soilphtolerance>
    <lightrequirements>full sun, partial sun or partial shade</lightrequirements>
    <soilsalttolerance>unknown</soilsalttolerance>
    <droughttolerance>high</droughttolerance>
    <soildrainagetolerance>extended flooding, well-drained</soildrainagetolerance>
    <soiltexturetolerance>clay, sand, loam</soiltexturetolerance>
  </culturetolerances>
  <usdahardinesszone>5A-9A</usdahardinesszone>
  <pestresistance>resistant to pests/diseases</pestresistance>
  <growthrate>moderate</growthrate>
  <photographs>
    <entireplant>11947678</entireplant>
    <fall>1296456</fall>
    <fruit>5778592</fruit>
    <foliage>5611157</foliage>
    <trunk>4868458</trunk>
  </photographs>
  <flower>
    <season>flowers in spring</season>
    <color>yellow</color>
    <fragrance>no</fragrance>
    <showiness>not showy</showiness>
  </flower>
  <name>
    <listingname>Bitternut Hickory, Hickory, Bitternut</listingname>
    <family>Juglandaceae</family>
    <pronunciation>KAIR-ee-uh  kor-dih-FOR-miss</pronunciation>
    <species>cordiformis</species>
    <genus>Carya</genus>
    <commonname>Bitternut Hickory</commonname>
  </name>
  <rangemap>Range Map RM5A9A</rangemap>
  <nativeorigin>
    <nativestate>Alabama, Mississippi, Louisiana, Texas, Oklahoma, Arkansas, Tennessee, Missouri, Kansas, Iowa, Illinois, Indiana, Kentucky, Minnesota, Wisconsin, Michigan, Florida, Georgia, South Carolina, North Carolina, Virginia, Maryland, Delaware, Pennsylvania, District of Columbia, New Jersey, New York, Connecticut, Massachusetts, Rhode Island, Vermont, New Hampshire</nativestate>
    <nativetonorthamerica>yes</nativetonorthamerica>
    <recommendedfordryclimates>yes</recommendedfordryclimates>
    <nativefloridacounty>Holmes, Jackson, Leon, Liberty, Washington</nativefloridacounty>
  </nativeorigin>
</tree>