<?xml version="1.0" encoding="UTF-8" standalone="no"?><tree>
  <diseases>&lt;p align="center"&gt;&lt;b&gt;&lt;u&gt;Diseases&lt;/u&gt;&lt;/b&gt;&lt;/p&gt;&lt;p align="left"&gt;

Pecan trees are very susceptible to scab.  It is best to plant only those cultivars resistant to this disease. &lt;/p&gt;&lt;p align="left"&gt;

Hickory anthracnose or leaf spot is caused by a fungus.  In wet years the disease causes severe defoliation.  The symptoms are large reddish brown spots on the upper leaf surface but brown on the lower surface.  The spots may not have distinct marginal markings.  The disease overwinters on fallen diseased leaves so dispose of infected leaves in the fall. &lt;/p&gt;&lt;p align="left"&gt;

A large number of fungi cause leaf spots on Pecan.  Severe infections can cause defoliation.  Many of the fungi overwinter on diseased leaves, dispose of infected leaves when they fall. &lt;/p&gt;&lt;p align="left"&gt;

Powdery mildew causes a white powdery growth on the leaves.  If the disease occurs late in the season, no chemical control will be needed. &lt;/p&gt;&lt;p align="left"&gt;

Try to prevent cankers by keeping trees healthy through watering during dry weather and regular fertilization.  Avoid wounding the trees unnecessarily and prune out weak or dead branches. &lt;/p&gt;&lt;p align="left"&gt;

Verticillium wilt kills individual branches or sometimes entire sections of the tree.  Foliage on affected branches wilts and later turns brown.  Keep trees healthy and prune out small infected branches. &lt;/p&gt;&lt;p align="left"&gt;

Minor element deficiencies, especially zinc, are evident on alkaline soils. &lt;/p&gt;</diseases>
  <planttype>tree</planttype>
  <size>
    <height>over 75 feet</height>
    <maturespread>50 to 70 feet</maturespread>
    <maintainableheight>not suitable for clipping</maintainableheight>
    <matureheight>70 to 100 feet</matureheight>
    <spread>over 50 feet</spread>
  </size>
  <use>fruit, recommended</use>
  <flower>
    <season>flowers in spring</season>
    <color>yellow</color>
    <fragrance>no</fragrance>
    <showiness>not showy</showiness>
  </flower>
  <other>
    <verticilliumwilt>susceptible</verticilliumwilt>
    <outstandingtree>no</outstandingtree>
    <winterinterest>no</winterinterest>
    <invasivepotential>not a problem species</invasivepotential>
    <surfacerooting>can form large surface roots</surfacerooting>
    <availability>generally available</availability>
    <ozonesensitivity>unknown</ozonesensitivity>
  </other>
  <fruit>
    <composition>dry or hard</composition>
    <attractiontowildlife>attracts squirrels/mammals</attractiontowildlife>
    <edible>yes</edible>
    <shape>oval, round</shape>
    <showiness>showy</showiness>
    <length>1 to 3 inches</length>
    <persistant>yes</persistant>
    <litter>fruit/leaves a litter problem</litter>
    <color>brown</color>
  </fruit>
  <factsheet>ST122</factsheet>
  <growthrate>moderate</growthrate>
  <crowncanopy>
    <texture>coarse</texture>
    <density>open</density>
    <shape>round, oval</shape>
    <uniformity>irregular</uniformity>
  </crowncanopy>
  <photographs>
    <entireplant>16176593</entireplant>
    <flower>6302314</flower>
    <fall>9529233</fall>
    <other>10262424</other>
    <trunk>1787972</trunk>
  </photographs>
  <name>
    <listingname>Pecan</listingname>
    <family>Juglandaceae</family>
    <pronunciation>KAIR-ee-uh  ill-lin-no-EN-sis</pronunciation>
    <species>illinoensis</species>
    <genus>Carya</genus>
    <commonname>Pecan</commonname>
  </name>
  <trunkandbranches>
    <currentyeartwigcolor>brown, gray</currentyeartwigcolor>
    <numberoftrunks>typically one trunk</numberoftrunks>
    <pruningrequirement>little required</pruningrequirement>
    <showiness>showy</showiness>
    <currentyeartwigthickness>thick</currentyeartwigthickness>
    <trunkandbranchbreakage>susceptible to breakage</trunkandbranchbreakage>
    <woodspecificgravity>0.66</woodspecificgravity>
    <branchdrooping>branches don't droop</branchdrooping>
    <crownshaft>not applicable</crownshaft>
    <barkthickness>thick</barkthickness>
    <thorns>no</thorns>
  </trunkandbranches>
  <rangemap>Range Map RM5B9A</rangemap>
  <descriptivetext>&lt;p align="center"&gt;&lt;b&gt;&lt;em&gt;Carya illinoensis &lt;/em&gt;Pecan &lt;/b&gt;&lt;/p&gt;&lt;p align="left"&gt;

The state tree of Texas, this tree needs plenty of room (above and below ground) to grow.  Pecan trees can reach up to 130 feet in height but will usually grow 70 to 100 feet tall with a spread of 40 to 75 feet.  The largest of the hickories, this deciduous American native tree has a uniform, symmetrical, broadly oval crown and is massively-branched.  Large major limbs grow up and out from the trunk in a distinctive upright, spreading fashion.  On older trees, lower branches become wide-sweeping, with their tips almost touching the ground.  Trunks can grow to six feet in diameter.  The wood is used for flooring, cabinets, and furniture.  The native sweet Pecan makes a good urban shade tree.   &lt;/p&gt;&lt;p align="left"&gt;

Pecan trees are well-suited to large landscapes and natural settings where wildlife is greatly attracted by the fruit.  Branches on the tree are sometimes rather brittle, breaking toward the base.  Be sure to space major limbs along the trunk so they are not all originating from the same point on the trunk as seen in pecan groves.  Prune to a central leader which can usually be identified if the tree has not been topped.  This will add longevity and greater safety to the tree since well-spaced limbs are better-attached to the tree than those clustered together.  Leaves sometimes drop during the summer due to insects or disease, stimulating the tree to initiate a new set of leaves in late summer. &lt;/p&gt;&lt;p align="left"&gt;

Growing well in full sun or part shade locations, Pecan trees grow best on fertile, well-drained, acid or alkaline moist soil, and are not salt-tolerant.  They grow, although more slowly, on droughty sandy soils and often defoliate early without irrigation.  Care must be taken in locating this tree, not only due to its size and fruit drop but because the leaves and pecan husks release a substance which can stain clothes, pavements, and cars during rains.  The falling pecans can also damage vehicles. &lt;/p&gt;&lt;p align="left"&gt;

Numerous pest and disease problems make pecan a high-maintenance plant which often requires spraying in order to maintain a good-looking, clean tree.  Pecan is subject to sudden summer limb drop, a phenomena characterized by branch failure in the middle of a large-diameter branch.  This typically occurs on a very hot summer day with no wind.  The best treatment is preventive pruning to eliminate some of the weight along major horizontal limbs.  This thinning type of pruning should only be performed by a professional.  Squirrels have also devastated trees in New Orleans and other areas by stripping off the bark. &lt;/p&gt;&lt;p align="left"&gt;

Many selections are available for nut quality, disease resistance, and for specific regions.  Be sure to select a cultivar suitable for your particular area of the country.  Consult your county agricultural agent for the latest recommendations.  Be sure to train and prune trees so branches are well-attached to the trunk so the heavy nut production will not cause branch failure.  `Desirable', `Stuart', `Moreland', `Elliot', and `Curtis' are among the most popular ones in Florida.  `Desirable', `Cheyenne', `Choctaw', `Cape Fear', `Shawnee', `Oconee', and `Caddo' are among those recommended in Texas.  `Cheyenne' has a semi-dwarf spreading form and medium to large fruit.  `Chickasaw' has a fine-textured, spreading form, disease resistance, and medium to large fruit.  `Elliot' has an upright habit of growth with fine texture, disease resistance, and small fruit.  `Owens' has compact growth and medium to large fruit.  `Shoshonii' has upright growth habit, strong branches, disease resistance, and large fruit.  `Stuart' has a vase-shaped form, is an old selection widely planted, with large fruit but is weak-wooded.  `Melrose', `Candy', `Elliot', and `Sumner' have increased scab resistance. &lt;/p&gt;&lt;p align="left"&gt;

Propagation is by budding or grafting. &lt;/p&gt;</descriptivetext>
  <pestresistance>sensitive to pests/diseases</pestresistance>
  <foliage>
    <shape>lanceolate</shape>
    <summercolor>green</summercolor>
    <spiny>no</spiny>
    <type>odd-pinnately compound</type>
    <arrangement>alternate</arrangement>
    <bladelength>4 to 8 inches</bladelength>
    <venation>pinnate</venation>
    <fallcharacteristics>showy</fallcharacteristics>
    <margin>serrate</margin>
    <fallcolor>yellow</fallcolor>
    <persistence>deciduous</persistence>
  </foliage>
  <pests>&lt;p align="center"&gt;&lt;b&gt;&lt;u&gt;Pests&lt;/u&gt;&lt;/b&gt;&lt;/p&gt;&lt;p align="left"&gt;

Aphids of various types feed on Pecan causing distorted and stunted growth.  The hickory leaf stem gall phylloxera causes the formation of hollow green galls on leaves, stems, and twigs.  The galls form in early summer turn black in mid-summer.  The galls are up to a half inch in diameter.  Trees are often defoliated by aphids and sooty mold in mid-summer and put out a second flush of leaves in late summer.   &lt;/p&gt;&lt;p align="left"&gt;

Hickory bark beetles mine the bark and sapwood.  The boring cause wilting of young twigs or trunks may be girdled and trees killed.  Keep trees healthy by fertilizing regularly and by watering during dry weather. &lt;/p&gt;&lt;p align="left"&gt;

The twig girdler larva girdles twigs causing weakened twigs to break off and drop.  The larva is about a half-inch-long and rides the branch to the ground where it overwinters.  Gather the fallen twigs and destroy them. &lt;/p&gt;&lt;p align="left"&gt;

June beetles eat the leaves of Pecan at night.  The injury is usually not severe but can be mysterious since no insects are seen during the day. &lt;/p&gt;&lt;p align="left"&gt;

Caterpillars (including tent and fall webworm) of various types feed on Pecan. &lt;/p&gt;&lt;p align="left"&gt;

Scales of various types attack Pecan but can be controlled with sprays of horticultural oil. &lt;/p&gt;&lt;p align="left"&gt;

Spittlebugs can be a nuisance on Carya. &lt;/p&gt;&lt;p align="left"&gt;

Pecan weevil. &lt;/p&gt;</pests>
  <usdahardinesszone>5B-9A</usdahardinesszone>
  <culturetolerances>
    <saltspraytolerance>none</saltspraytolerance>
    <soilphtolerance>alkaline, acidic</soilphtolerance>
    <lightrequirements>full sun, partial sun or partial shade</lightrequirements>
    <soilsalttolerance>poor</soilsalttolerance>
    <droughttolerance>high</droughttolerance>
    <soildrainagetolerance>extended flooding, well-drained</soildrainagetolerance>
    <soiltexturetolerance>clay, sand, loam</soiltexturetolerance>
  </culturetolerances>
  <nativeorigin>
    <nativestate>Alabama, Mississippi, Louisiana, Texas, Oklahoma, Arkansas, Tennessee, Missouri, Kansas, Iowa, Illinois, Indiana, Kentucky, Ohio</nativestate>
    <nativetonorthamerica>yes</nativetonorthamerica>
    <recommendedfordryclimates>yes</recommendedfordryclimates>
    <nativefloridacounty>Not Native to Florida</nativefloridacounty>
  </nativeorigin>
  <lifespan>more than 50 years</lifespan>
</tree>