<?xml version="1.0" encoding="UTF-8" standalone="no"?><tree>
  <foliage>
    <shape>oblong</shape>
    <summercolor>green</summercolor>
    <spiny>no</spiny>
    <type>even-pinnately compound</type>
    <arrangement>alternate</arrangement>
    <bladelength>less than 2 inches</bladelength>
    <venation>pinnate</venation>
    <fallcharacteristics>not showy</fallcharacteristics>
    <margin>entire</margin>
    <fallcolor>no color change</fallcolor>
    <persistence>semi-evergreen</persistence>
  </foliage>
  <pestresistance>resistant to pests/diseases</pestresistance>
  <lifespan>unknown</lifespan>
  <culturetolerances>
    <saltspraytolerance>unknown</saltspraytolerance>
    <soilphtolerance>acidic, slightly alkaline</soilphtolerance>
    <lightrequirements>partial sun or partial shade, full sun</lightrequirements>
    <soilsalttolerance>unknown</soilsalttolerance>
    <droughttolerance>moderate</droughttolerance>
    <soildrainagetolerance>well-drained</soildrainagetolerance>
    <soiltexturetolerance>sand, loam, clay</soiltexturetolerance>
  </culturetolerances>
  <flower>
    <season>flowers in fall</season>
    <color>yellow</color>
    <fragrance>no</fragrance>
    <showiness>very showy</showiness>
  </flower>
  <diseases/>
  <planttype>shrub</planttype>
  <use>trained as a standard, specimen, hedge</use>
  <usdahardinesszone>9A-11</usdahardinesszone>
  <nativeorigin>
    <nativestate>Oregon</nativestate>
    <nativetonorthamerica>no</nativetonorthamerica>
    <recommendedfordryclimates>no</recommendedfordryclimates>
    <nativefloridacounty>Not Native to Florida</nativefloridacounty>
  </nativeorigin>
  <size>
    <height>10 to 15 feet</height>
    <maturespread>6 to 10 feet</maturespread>
    <maintainableheight>not suitable for clipping</maintainableheight>
    <matureheight>10 to 15 feet</matureheight>
    <spread>6 to 10 feet</spread>
  </size>
  <factsheet/>
  <trunkandbranches>
    <currentyeartwigcolor>green</currentyeartwigcolor>
    <numberoftrunks>typically multi-trunked</numberoftrunks>
    <pruningrequirement>little required</pruningrequirement>
    <showiness>not showy</showiness>
    <currentyeartwigthickness>medium</currentyeartwigthickness>
    <trunkandbranchbreakage>susceptible to breakage</trunkandbranchbreakage>
    <woodspecificgravity>unknown</woodspecificgravity>
    <branchdrooping>branches droop</branchdrooping>
    <crownshaft>not applicable</crownshaft>
    <barkthickness>thin bark</barkthickness>
    <thorns>no</thorns>
  </trunkandbranches>
  <pests/>
  <fruit>
    <composition>dry or hard</composition>
    <attractiontowildlife>unknown</attractiontowildlife>
    <edible>unknown</edible>
    <shape>pod or pod-like</shape>
    <showiness>unknown</showiness>
    <length>unknown</length>
    <persistant>yes</persistant>
    <litter>unknown</litter>
    <color>unknown</color>
  </fruit>
  <name>
    <listingname>Flowery Senna</listingname>
    <family>Fabaceae</family>
    <pronunciation/>
    <species>corymbosa</species>
    <genus>Cassia</genus>
    <cultivar/>
    <commonname>Flowery Senna</commonname>
  </name>
  <photographs>
    <spring>13116184</spring>
    <flower>7072733</flower>
    <fruit>9627206</fruit>
    <foliage>6760144</foliage>
  </photographs>
  <crowncanopy>
    <texture>fine</texture>
    <density>open</density>
    <shape>round, vase</shape>
    <uniformity>irregular</uniformity>
  </crowncanopy>
  <other>
    <verticilliumwilt>resistant</verticilliumwilt>
    <outstandingtree>no</outstandingtree>
    <winterinterest>no</winterinterest>
    <invasivepotential>not a problem species</invasivepotential>
    <surfacerooting>unknown</surfacerooting>
    <availability>generally available</availability>
    <ozonesensitivity>unknown</ozonesensitivity>
  </other>
  <descriptivetext>&lt;p align="left"&gt;

Tolerant of many soil conditions, Butterfly Bush needs full sun for best growth and flowering, and needs little care once established.  Plant it and forget about it, except for occasional watering during drought.  A good plant for highway median or roadside specimen or cluster planting.   Butterfly Bush benefits from frequent pinching of the young shoot tips during the growing season up to the beginning of September; this encourages branching and increases the number of flowers.  Appropriate training can produce a very small specimen tree which looks nice growing in a low ground cover.  Trees often fall over and will require staking to hold them upright.  For this reason, it is easiest to place it in a shrub border among other shrubs which will help hold it erect.&lt;/p&gt;&lt;p align="left"&gt;

Plants serve as larvae hosts for the Cloudless sulfur (Phoebis sennae) butterfly.&lt;/p&gt;</descriptivetext>
  <growthrate>moderate</growthrate>
</tree>