<?xml version="1.0" encoding="UTF-8" standalone="no"?><tree>
  <other>
    <verticilliumwilt>unknown</verticilliumwilt>
    <outstandingtree>no</outstandingtree>
    <winterinterest>no</winterinterest>
    <invasivepotential>not assessed or incomplete data</invasivepotential>
    <surfacerooting>not a problem</surfacerooting>
    <availability>somewhat available</availability>
    <ozonesensitivity>unknown</ozonesensitivity>
  </other>
  <fruit>
    <composition>dry or hard</composition>
    <attractiontowildlife>little</attractiontowildlife>
    <edible>no</edible>
    <shape>pod or pod-like, elongated</shape>
    <showiness>not showy</showiness>
    <length>3 to 6 inches</length>
    <persistant>yes</persistant>
    <litter>fruit/leaves a litter problem</litter>
    <color>brown</color>
  </fruit>
  <foliage>
    <shape>elliptic (oval), oblong</shape>
    <summercolor>green</summercolor>
    <spiny>no</spiny>
    <type>even-pinnately compound</type>
    <arrangement>alternate</arrangement>
    <bladelength>less than 2 inches</bladelength>
    <venation>pinnate</venation>
    <fallcharacteristics>not showy</fallcharacteristics>
    <margin>entire</margin>
    <fallcolor>no color change</fallcolor>
    <persistence>semi-evergreen</persistence>
  </foliage>
  <crowncanopy>
    <texture>fine</texture>
    <density>dense</density>
    <shape>spreading, round</shape>
    <uniformity>symmetrical</uniformity>
  </crowncanopy>
  <trunkandbranches>
    <currentyeartwigcolor>brown, green</currentyeartwigcolor>
    <numberoftrunks>typically multi-trunked</numberoftrunks>
    <pruningrequirement>needed for strong structure</pruningrequirement>
    <showiness>not showy</showiness>
    <currentyeartwigthickness>medium</currentyeartwigthickness>
    <trunkandbranchbreakage>susceptible to breakage</trunkandbranchbreakage>
    <woodspecificgravity>unknown</woodspecificgravity>
    <branchdrooping>branches droop</branchdrooping>
    <crownshaft>not applicable</crownshaft>
    <barkthickness>thin bark</barkthickness>
    <thorns>no</thorns>
  </trunkandbranches>
  <planttype>shrub, tree</planttype>
  <use>specimen, container or planter, deck or patio, highway median, street without sidewalk, tree lawn 3-4 feet wide, tree lawn 4-6 feet wide, tree lawn &gt; 6 ft wide, parking lot island &lt; 100 sq ft, parking lot island 100-200 sq ft, parking lot island &gt; 200 sq ft, sidewalk cutout (tree pit), recommended</use>
  <lifespan>25 to 50 years</lifespan>
  <size>
    <height>15 to 25 feet</height>
    <maturespread>20 to 30 feet</maturespread>
    <maintainableheight>6 to 12 feet, 12 or more feet</maintainableheight>
    <matureheight>20 to 25 feet</matureheight>
    <spread>25 to 35 feet</spread>
  </size>
  <culturetolerances>
    <saltspraytolerance>moderate</saltspraytolerance>
    <soilphtolerance>slightly alkaline, acidic</soilphtolerance>
    <lightrequirements>full sun, partial sun or partial shade</lightrequirements>
    <soilsalttolerance>unknown</soilsalttolerance>
    <droughttolerance>moderate</droughttolerance>
    <soildrainagetolerance>well-drained</soildrainagetolerance>
    <soiltexturetolerance>clay, sand, loam</soiltexturetolerance>
  </culturetolerances>
  <usdahardinesszone>10B-11</usdahardinesszone>
  <pestresistance>resistant to pests/diseases</pestresistance>
  <growthrate>fast</growthrate>
  <photographs>
    <entireplant>10825995</entireplant>
    <flower>11361914</flower>
    <foliage>6287851</foliage>
  </photographs>
  <flower>
    <season>flowers in fall</season>
    <color>yellow</color>
    <fragrance>no</fragrance>
    <showiness>very showy</showiness>
  </flower>
  <name>
    <listingname>Cassia</listingname>
    <family>Leguminosae</family>
    <pronunciation>KASS-ee-uh  eck-SELL-suh</pronunciation>
    <species>excelsa</species>
    <genus>Cassia</genus>
    <commonname>Cassia</commonname>
  </name>
  <rangemap>Range Map RM10B11</rangemap>
  <nativeorigin>
    <nativetonorthamerica>no</nativetonorthamerica>
    <recommendedfordryclimates>no</recommendedfordryclimates>
    <nativefloridacounty>Not Native to Florida</nativefloridacounty>
  </nativeorigin>
</tree>