<?xml version="1.0" encoding="UTF-8" standalone="no"?><tree>
  <diseases>&lt;p align="center"&gt;&lt;b&gt;&lt;u&gt;Diseases&lt;/u&gt;&lt;/b&gt;&lt;/p&gt;&lt;p align="left"&gt;

Mildew, leaf spot, root rot diseases. &lt;/p&gt;</diseases>
  <planttype>tree</planttype>
  <size>
    <height>25 to 50 feet</height>
    <maturespread>30 to 40 feet</maturespread>
    <maintainableheight>not suitable for clipping</maintainableheight>
    <matureheight>30 to 40 feet</matureheight>
    <spread>25 to 35 feet</spread>
  </size>
  <use>street without sidewalk, shade, specimen, tree lawn 4-6 feet wide, tree lawn &gt; 6 ft wide, parking lot island 100-200 sq ft, parking lot island &gt; 200 sq ft, highway median, recommended</use>
  <flower>
    <season>flowers in summer</season>
    <color>pink</color>
    <fragrance>no</fragrance>
    <showiness>very showy</showiness>
  </flower>
  <other>
    <verticilliumwilt>unknown</verticilliumwilt>
    <outstandingtree>no</outstandingtree>
    <winterinterest>no</winterinterest>
    <invasivepotential>not assessed or incomplete data</invasivepotential>
    <surfacerooting>not a problem</surfacerooting>
    <availability>somewhat available</availability>
    <ozonesensitivity>unknown</ozonesensitivity>
  </other>
  <fruit>
    <composition>no fruit</composition>
    <attractiontowildlife>no fruit, little</attractiontowildlife>
    <edible>no fruit</edible>
    <shape>no fruit</shape>
    <showiness>no fruit</showiness>
    <length>no fruit</length>
    <persistant>no fruit</persistant>
    <litter>no fruit, fruit/leaves not a litter problem</litter>
    <color>no fruit</color>
  </fruit>
  <factsheet/>
  <growthrate>fast</growthrate>
  <crowncanopy>
    <texture>medium</texture>
    <density>moderate</density>
    <shape>vase, oval</shape>
    <uniformity>irregular</uniformity>
  </crowncanopy>
  <photographs>
    <entireplant>7308680</entireplant>
    <flower>15141503</flower>
    <foliage>11814830</foliage>
  </photographs>
  <name>
    <listingname>Pink-and-White Shower, Shower, Pink-and-White</listingname>
    <family>Leguminosae</family>
    <pronunciation>KASS-ee-uh  FIST-yoo-luh  x  juh-VAN-ih-kuh</pronunciation>
    <species>fistula x javanica</species>
    <genus>Cassia</genus>
    <commonname>Pink-and-White Shower</commonname>
  </name>
  <trunkandbranches>
    <currentyeartwigcolor>brown, gray</currentyeartwigcolor>
    <numberoftrunks>typically one trunk</numberoftrunks>
    <pruningrequirement>needed for strong structure</pruningrequirement>
    <showiness>not showy</showiness>
    <currentyeartwigthickness>medium</currentyeartwigthickness>
    <trunkandbranchbreakage>susceptible to breakage</trunkandbranchbreakage>
    <woodspecificgravity>unknown</woodspecificgravity>
    <branchdrooping>branches droop</branchdrooping>
    <crownshaft>not applicable</crownshaft>
    <barkthickness>thick</barkthickness>
    <thorns>no</thorns>
  </trunkandbranches>
  <rangemap>Range Map RM10B11</rangemap>
  <descriptivetext>&lt;p align="center"&gt;&lt;b&gt;&lt;em&gt;Cassia fistula &lt;/em&gt;Golden-Shower &lt;/b&gt;&lt;/p&gt;&lt;p align="left"&gt;

Golden-Shower is a fast-growing tree which reaches 30 to 40 feet in height and 30 to 40 feet wide.  The well-spaced branches are clothed with pinnately compound leaves, with leaflets up to eight inches long and 2.5 inches wide.  These leaves will drop from the tree for a short period of time and are quickly replaced by new leaves.  In summer, Golden-Shower is decorated with thick clusters of showy yellow blooms which cover the slightly drooping branches.  The blooms are followed by the production of two-foot-long, dark brown, cylindrical seedpods which persist on the tree throughout the winter before falling to litter the ground.  The seeds contained within are poisonous. &lt;/p&gt;&lt;p align="left"&gt;

Golden-Shower is ideal for use as a specimen planting.  It can look a bit coarse and unkempt for short periods when the leaves drop but the vibrant flower display more than makes up for this.  Some communities have planted this as a street tree where it has held up quite well. &lt;/p&gt;&lt;p align="left"&gt;

Golden-Shower should be grown in full sun on well-drained soil.  The trees are moderately drought- and salt-tolerant.  Although Golden-Shower is damaged by temperatures falling slightly below freezing, it will come back with warmer weather.  Trees will need occasionally pruning when they are young to control shape and develop a uniform crown.  Young trees can grow asymmetrical with branches often drooping toward the ground.  Staking and proper pruning will help develop a well shaped and structured crown. &lt;/p&gt;&lt;p align="left"&gt;

Propagation is by seeds (which are poisonous). &lt;/p&gt;</descriptivetext>
  <pestresistance>resistant to pests/diseases</pestresistance>
  <foliage>
    <shape>elliptic (oval)</shape>
    <summercolor>green</summercolor>
    <spiny>no</spiny>
    <type>even-pinnately compound</type>
    <arrangement>alternate</arrangement>
    <bladelength>2 to 4 inches</bladelength>
    <venation>pinnate</venation>
    <fallcharacteristics>not showy</fallcharacteristics>
    <margin>entire</margin>
    <fallcolor>no color change</fallcolor>
    <persistence>deciduous</persistence>
  </foliage>
  <pests>&lt;p align="center"&gt;&lt;b&gt;&lt;u&gt;Pests&lt;/u&gt;&lt;/b&gt;&lt;/p&gt;&lt;p align="left"&gt;

No pests are of major concern but occasionally bothered by caterpillars. &lt;/p&gt;</pests>
  <usdahardinesszone>10B-11</usdahardinesszone>
  <culturetolerances>
    <saltspraytolerance>moderate</saltspraytolerance>
    <soilphtolerance>alkaline, acidic</soilphtolerance>
    <lightrequirements>full sun</lightrequirements>
    <soilsalttolerance>moderate</soilsalttolerance>
    <droughttolerance>moderate</droughttolerance>
    <soildrainagetolerance>well-drained</soildrainagetolerance>
    <soiltexturetolerance>clay, sand, loam</soiltexturetolerance>
  </culturetolerances>
  <nativeorigin>
    <nativetonorthamerica>no</nativetonorthamerica>
    <recommendedfordryclimates>no</recommendedfordryclimates>
    <nativefloridacounty>Not Native to Florida</nativefloridacounty>
  </nativeorigin>
  <lifespan>25 to 50 years</lifespan>
</tree>