<?xml version="1.0" encoding="UTF-8" standalone="no"?><tree>
  <diseases>&lt;p align="center"&gt;&lt;b&gt;&lt;u&gt;Diseases&lt;/u&gt;&lt;/b&gt;&lt;/p&gt;&lt;p align="left"&gt;

No diseases are of major concern. &lt;/p&gt;</diseases>
  <planttype>shrub, tree</planttype>
  <size>
    <height>10 to 15 feet</height>
    <maturespread>10 to 15 feet</maturespread>
    <maintainableheight>4 to 6 feet, 6 to 12 feet</maintainableheight>
    <matureheight>10 to 15 feet</matureheight>
    <spread>10 to 15 feet</spread>
  </size>
  <use>specimen, container or planter, trained as a standard, deck or patio, highway median, recommended</use>
  <flower>
    <season>flowers in summer, flowers in fall</season>
    <color>yellow</color>
    <fragrance>no</fragrance>
    <showiness>very showy</showiness>
  </flower>
  <other>
    <verticilliumwilt>unknown</verticilliumwilt>
    <outstandingtree>no</outstandingtree>
    <winterinterest>no</winterinterest>
    <invasivepotential>not assessed or incomplete data</invasivepotential>
    <surfacerooting>not a problem</surfacerooting>
    <availability>generally available</availability>
    <ozonesensitivity>unknown</ozonesensitivity>
  </other>
  <fruit>
    <composition>dry or hard</composition>
    <attractiontowildlife>little</attractiontowildlife>
    <edible>no</edible>
    <shape>pod or pod-like</shape>
    <showiness>not showy</showiness>
    <length>6 to 12 inches</length>
    <persistant>no</persistant>
    <litter>fruit/leaves not a litter problem</litter>
    <color>brown</color>
  </fruit>
  <factsheet>ST125</factsheet>
  <growthrate>fast</growthrate>
  <crowncanopy>
    <texture>coarse</texture>
    <density>open</density>
    <shape>oval</shape>
    <uniformity>irregular</uniformity>
  </crowncanopy>
  <photographs>
    <flower>7718571</flower>
    <foliage>8785482</foliage>
  </photographs>
  <name>
    <listingname>Candlebrush</listingname>
    <family>Leguminosae</family>
    <pronunciation>KASS-ee-uh  uh-LAY-tuh</pronunciation>
    <species>alata</species>
    <genus>Cassia</genus>
    <commonname>Candlebrush</commonname>
  </name>
  <trunkandbranches>
    <currentyeartwigcolor>green</currentyeartwigcolor>
    <numberoftrunks>typically multi-trunked</numberoftrunks>
    <pruningrequirement>needed for strong structure</pruningrequirement>
    <showiness>not showy</showiness>
    <currentyeartwigthickness>thick, medium</currentyeartwigthickness>
    <trunkandbranchbreakage>susceptible to breakage</trunkandbranchbreakage>
    <woodspecificgravity>unknown</woodspecificgravity>
    <branchdrooping>branches don't droop</branchdrooping>
    <crownshaft>not applicable</crownshaft>
    <barkthickness>thin bark</barkthickness>
    <thorns>no</thorns>
  </trunkandbranches>
  <rangemap>Range Map RM10A11</rangemap>
  <descriptivetext>&lt;p align="center"&gt;&lt;b&gt;&lt;em&gt;Cassia alata &lt;/em&gt;Candlebrush &lt;/b&gt;&lt;/p&gt;&lt;p align="left"&gt;

This large, spreading shrub from Argentina, very tender to frost, produces from late summer to fall, large spikes of golden-yellow flowers, opening from bottom to top.  Flower spikes look like golden candles when covered with unopened flower buds.  Reaching a height of 10 to 15 feet with an equal spread, Candlebrush makes an attractive specimen shrub or small tree if it is properly trained. &lt;/p&gt;&lt;p align="left"&gt;

Candlebrush grows rapidly in full sun on a wide range of soils.  Pinching new growth increases branching, creating a fuller canopy which produces more flowers.  Candlebrush produces the nicest flower display next year when it is pruned back hard in the spring.  It makes a beautiful accent in a shrub border or planted as a specimen in a ground cover.  Locate it near the patio or by an entryway for a stunning fall accent plant. &lt;/p&gt;&lt;p align="left"&gt;

Propagation is by cuttings or seed, blooming the first year from seed. &lt;/p&gt;</descriptivetext>
  <pestresistance>resistant to pests/diseases</pestresistance>
  <foliage>
    <shape>obovate, oblong</shape>
    <summercolor>green</summercolor>
    <spiny>no</spiny>
    <type>even-pinnately compound</type>
    <arrangement>alternate</arrangement>
    <bladelength>2 to 4 inches</bladelength>
    <venation>pinnate</venation>
    <fallcharacteristics>not showy</fallcharacteristics>
    <margin>entire</margin>
    <fallcolor>no color change</fallcolor>
    <persistence>evergreen</persistence>
  </foliage>
  <pests>&lt;p align="center"&gt;&lt;b&gt;&lt;u&gt;Pests&lt;/u&gt;&lt;/b&gt;&lt;/p&gt;&lt;p align="left"&gt;

Caterpillars can cause a problem for Candlebrush, eating the foliage and flower buds. &lt;/p&gt;</pests>
  <usdahardinesszone>10A-11</usdahardinesszone>
  <culturetolerances>
    <saltspraytolerance>unknown</saltspraytolerance>
    <soilphtolerance>slightly alkaline, acidic</soilphtolerance>
    <lightrequirements>full sun</lightrequirements>
    <soilsalttolerance>unknown</soilsalttolerance>
    <droughttolerance>moderate</droughttolerance>
    <soildrainagetolerance>well-drained</soildrainagetolerance>
    <soiltexturetolerance>clay, sand, loam</soiltexturetolerance>
  </culturetolerances>
  <nativeorigin>
    <nativetonorthamerica>no</nativetonorthamerica>
    <recommendedfordryclimates>no</recommendedfordryclimates>
    <nativefloridacounty>Not Native to Florida</nativefloridacounty>
  </nativeorigin>
  <lifespan>less than 25 years</lifespan>
</tree>