<?xml version="1.0" encoding="UTF-8" standalone="no"?><tree>
  <foliage>
    <shape>elliptic (oval)</shape>
    <summercolor>green</summercolor>
    <spiny>no</spiny>
    <type>even-pinnately compound</type>
    <arrangement>alternate</arrangement>
    <bladelength>2 to 4 inches</bladelength>
    <venation>pinnate</venation>
    <fallcharacteristics>not showy</fallcharacteristics>
    <margin>entire</margin>
    <fallcolor>no color change</fallcolor>
    <persistence>deciduous</persistence>
  </foliage>
  <pestresistance>resistant to pests/diseases</pestresistance>
  <lifespan>unknown</lifespan>
  <culturetolerances>
    <saltspraytolerance>unknown</saltspraytolerance>
    <soilphtolerance>acidic, slightly alkaline, alkaline</soilphtolerance>
    <lightrequirements>full sun</lightrequirements>
    <soilsalttolerance>moderate</soilsalttolerance>
    <droughttolerance>moderate</droughttolerance>
    <soildrainagetolerance>well-drained</soildrainagetolerance>
    <soiltexturetolerance>sand, loam, clay</soiltexturetolerance>
  </culturetolerances>
  <flower>
    <season>flowers in summer</season>
    <color>pink</color>
    <fragrance>no</fragrance>
    <showiness>very showy</showiness>
  </flower>
  <diseases/>
  <planttype>tree</planttype>
  <use>specimen, street without sidewalk, sidewalk cutout (tree pit)</use>
  <usdahardinesszone>10B-11</usdahardinesszone>
  <nativeorigin>
    <nativestate>Oregon</nativestate>
    <nativetonorthamerica>no</nativetonorthamerica>
    <recommendedfordryclimates>no</recommendedfordryclimates>
    <nativefloridacounty>Not Native to Florida</nativefloridacounty>
  </nativeorigin>
  <size>
    <height>25 to 50 feet</height>
    <maturespread>25 to 35 feet</maturespread>
    <maintainableheight>not suitable for clipping</maintainableheight>
    <matureheight>25 to 50 feet</matureheight>
    <spread>25 to 35 feet</spread>
  </size>
  <factsheet/>
  <trunkandbranches>
    <currentyeartwigcolor>unknown</currentyeartwigcolor>
    <numberoftrunks>typically one trunk</numberoftrunks>
    <pruningrequirement>needed for strong structure</pruningrequirement>
    <showiness>not showy</showiness>
    <currentyeartwigthickness>medium</currentyeartwigthickness>
    <trunkandbranchbreakage>resistant</trunkandbranchbreakage>
    <woodspecificgravity>unknown</woodspecificgravity>
    <branchdrooping>branches droop</branchdrooping>
    <crownshaft>not applicable</crownshaft>
    <barkthickness>thin bark</barkthickness>
    <thorns>no</thorns>
  </trunkandbranches>
  <pests/>
  <fruit>
    <composition>no fruit</composition>
    <attractiontowildlife>no fruit</attractiontowildlife>
    <edible>no fruit</edible>
    <shape>no fruit</shape>
    <showiness>no fruit</showiness>
    <length>no fruit</length>
    <persistant>no fruit</persistant>
    <litter>no fruit</litter>
    <color>no fruit</color>
  </fruit>
  <name>
    <listingname>Pink Shower Tree, Rainbow Shower Tree</listingname>
    <family>Fabaceae</family>
    <pronunciation/>
    <species>javanica</species>
    <genus>Cassia</genus>
    <cultivar/>
    <commonname>Pink Shower Tree, Rainbow Shower Tree</commonname>
  </name>
  <photographs>
    <entireplant>6888925</entireplant>
    <flower>3551476</flower>
    <other>2110291</other>
    <foliage>3742205</foliage>
  </photographs>
  <crowncanopy>
    <texture>medium</texture>
    <density>moderate</density>
    <shape>oval, vase</shape>
    <uniformity>irregular</uniformity>
  </crowncanopy>
  <other>
    <verticilliumwilt>resistant</verticilliumwilt>
    <outstandingtree>yes</outstandingtree>
    <winterinterest>no</winterinterest>
    <invasivepotential>not a problem species</invasivepotential>
    <surfacerooting>unknown</surfacerooting>
    <availability>somewhat available</availability>
    <ozonesensitivity>unknown</ozonesensitivity>
  </other>
  <descriptivetext>&lt;p align="left"&gt;

Pink and White Shower tree grows best in full sun on well-drained soil. Trees in partial shade flower poorly; trees receiving light from only one side grow mostly toward the light. Although Pink and White Shower is damaged by temperatures falling slightly below freezing, it will come back with warmer weather; however, sprouts may develop along the main branches.&lt;/p&gt;&lt;p align="left"&gt;

Trees will need occasionally pruning when they are young to control shape, to develop a uniform crown and to create good structure. Young trees can grow asymmetrical with branches often drooping toward the ground. Staking and proper pruning on young trees will help develop a well shaped and structured crown. Trees receive moderate damage in hurricanes compared to other tropical trees. Pollen can cause some allergies in certain people. Seeds are considered poisonous.&lt;/p&gt;</descriptivetext>
  <growthrate>fast</growthrate>
</tree>