<?xml version="1.0" encoding="UTF-8" standalone="no"?><tree>
  <foliage>
    <shape>lanceolate, oblong</shape>
    <summercolor>green</summercolor>
    <spiny>yes</spiny>
    <type>simple</type>
    <arrangement>alternate</arrangement>
    <bladelength>4 to 8 inches</bladelength>
    <venation>pinnate</venation>
    <fallcharacteristics>showy</fallcharacteristics>
    <margin>serrate</margin>
    <fallcolor>copper, yellow</fallcolor>
    <persistence>deciduous</persistence>
  </foliage>
  <pestresistance>free of serious pests and diseases</pestresistance>
  <lifespan>more than 50 years</lifespan>
  <culturetolerances>
    <saltspraytolerance>unknown</saltspraytolerance>
    <soilphtolerance>acidic, slightly alkaline</soilphtolerance>
    <lightrequirements>full sun</lightrequirements>
    <soilsalttolerance>moderate</soilsalttolerance>
    <droughttolerance>moderate</droughttolerance>
    <soildrainagetolerance>well-drained</soildrainagetolerance>
    <soiltexturetolerance>sand, loam, clay</soiltexturetolerance>
  </culturetolerances>
  <flower>
    <season>flowers in summer</season>
    <color>white/cream/gray, yellow</color>
    <fragrance>pleasant</fragrance>
    <showiness>showy</showiness>
  </flower>
  <diseases/>
  <planttype>tree</planttype>
  <use>specimen</use>
  <usdahardinesszone>5A-8A</usdahardinesszone>
  <nativeorigin>
    <nativestate>Oregon</nativestate>
    <nativetonorthamerica>no</nativetonorthamerica>
    <recommendedfordryclimates>no</recommendedfordryclimates>
    <nativefloridacounty>Not Native to Florida</nativefloridacounty>
  </nativeorigin>
  <size>
    <height>25 to 50 feet</height>
    <maturespread>35 to 50 feet</maturespread>
    <maintainableheight>not suitable for clipping</maintainableheight>
    <matureheight>25 to 50 feet</matureheight>
    <spread>35 to 50 feet</spread>
  </size>
  <factsheet/>
  <trunkandbranches>
    <currentyeartwigcolor>unknown</currentyeartwigcolor>
    <numberoftrunks>typically multi-trunked, can be trained to one trunk</numberoftrunks>
    <pruningrequirement>little required</pruningrequirement>
    <showiness>not showy</showiness>
    <currentyeartwigthickness>medium</currentyeartwigthickness>
    <trunkandbranchbreakage>resistant</trunkandbranchbreakage>
    <woodspecificgravity>unknown</woodspecificgravity>
    <branchdrooping>branches droop</branchdrooping>
    <crownshaft>not applicable</crownshaft>
    <barkthickness>thick</barkthickness>
    <thorns>no</thorns>
  </trunkandbranches>
  <pests/>
  <fruit>
    <composition>dry or hard</composition>
    <attractiontowildlife>attracts squirrels/mammals</attractiontowildlife>
    <edible>yes</edible>
    <shape>oval, round</shape>
    <showiness>showy</showiness>
    <length>unknown</length>
    <persistant>no</persistant>
    <litter>fruit/leaves a litter problem</litter>
    <color>green</color>
  </fruit>
  <name>
    <listingname>Sweet Chestnut, Spanish Chestnut</listingname>
    <family>Fagaceae</family>
    <pronunciation>cas-tah-NAY-uh sah-TEE-vuh</pronunciation>
    <species>sativa</species>
    <genus>Castanea</genus>
    <cultivar/>
    <commonname>Sweet Chestnut, Spanish Chestnut</commonname>
  </name>
  <photographs>
  </photographs>
  <crowncanopy>
    <texture>coarse</texture>
    <density>moderate</density>
    <shape>pyramidal, round</shape>
    <uniformity>symmetrical</uniformity>
  </crowncanopy>
  <other>
    <verticilliumwilt>unknown</verticilliumwilt>
    <outstandingtree>yes</outstandingtree>
    <winterinterest>no</winterinterest>
    <invasivepotential>not assessed or incomplete data</invasivepotential>
    <surfacerooting>unknown</surfacerooting>
    <availability>somewhat available</availability>
    <ozonesensitivity>unknown</ozonesensitivity>
  </other>
  <descriptivetext>&lt;p align="left"&gt;

Best growth is in full-day sun. Trees shaded from one side will grow toward the light and become asymmetrical. Chestnut is tolerant of some drought but prefers good soil which is loose, not dry, and not too wet. Any advantages of using this tree may be overshadowed by the potential disease problems (although it is moderately resistant to chestnut blight), so plant it in limited numbers. Perhaps best used as a replacement for the American Chestnut if you must have a chestnut tree. Fruits litter the ground over an extended period.  Wood is considered ring porous.&lt;/p&gt;</descriptivetext>
  <growthrate>moderate</growthrate>
</tree>