<?xml version="1.0" encoding="UTF-8" standalone="no"?><tree>
  <foliage>
    <shape>oblong, lanceolate</shape>
    <summercolor>green</summercolor>
    <spiny>no</spiny>
    <type>simple</type>
    <arrangement>alternate</arrangement>
    <bladelength>2 to 4 inches, 4 to 8 inches</bladelength>
    <venation>pinnate</venation>
    <fallcharacteristics>showy</fallcharacteristics>
    <margin>serrate</margin>
    <fallcolor>yellow, copper</fallcolor>
    <persistence>deciduous</persistence>
  </foliage>
  <rangemap>Range Map RM5A8B</rangemap>
  <pestresistance>resistant to pests/diseases</pestresistance>
  <lifespan>25 to 50 years</lifespan>
  <culturetolerances>
    <saltspraytolerance>moderate</saltspraytolerance>
    <soilphtolerance>acidic, slightly alkaline</soilphtolerance>
    <lightrequirements>full sun</lightrequirements>
    <soilsalttolerance>unknown</soilsalttolerance>
    <droughttolerance>moderate</droughttolerance>
    <soildrainagetolerance>well-drained</soildrainagetolerance>
    <soiltexturetolerance>sand, loam, clay</soiltexturetolerance>
  </culturetolerances>
  <flower>
    <season>flowers in summer</season>
    <color>yellow, white/cream/gray</color>
    <fragrance>pleasant</fragrance>
    <showiness>showy</showiness>
  </flower>
  <planttype>tree</planttype>
  <factsheet>ST128</factsheet>
  <use>specimen, fruit, shade, street without sidewalk, urban tolerant, recommended</use>
  <usdahardinesszone>5A-8B</usdahardinesszone>
  <nativeorigin>
    <nativetonorthamerica>no</nativetonorthamerica>
    <recommendedfordryclimates>no</recommendedfordryclimates>
    <nativefloridacounty>Not Native to Florida</nativefloridacounty>
  </nativeorigin>
  <size>
    <height>25 to 50 feet</height>
    <maturespread>40 to 50 feet</maturespread>
    <maintainableheight>not suitable for clipping</maintainableheight>
    <matureheight>35 to 40 feet</matureheight>
    <spread>35 to 50 feet</spread>
  </size>
  <pestsanddiseases>&lt;p align="center"&gt;&lt;b&gt;&lt;u&gt;Diseases and Pests&lt;/u&gt;&lt;/b&gt;&lt;/p&gt;&lt;p align="left"&gt;

Usually pest-free. &lt;/p&gt;&lt;p align="left"&gt;

Blight of chestnut has virtually eliminated the American Chestnut from the landscape, but Chinese Chestnut is moderately resistant to the disease, not immune.  The disease caused cankers on the branches then moved into the trunk killing the tree.  There is no chemical control for the disease.  Most chestnuts now grown are asiatic types and are resistant (but not immune) to the disease caused by the chestnut blight fungus. &lt;/p&gt;&lt;p align="left"&gt;

Twig canker is a problem on asiatic chestnuts.  The symptoms are a brown discoloration on a twig.  The disease girdles the twig and moves down to a larger branch.  The leaves on the girdled branch wilt, turn brown and die.  The canker is obvious due to callus formation at the canker margin.  The disease attacks seedlings, very old trees, or unhealthy trees of any age.  No chemical control is available.  Prune out diseased branches and prevent the disease by keeping trees healthy. &lt;/p&gt;&lt;p align="left"&gt;

Leaf spots caused by various fungi can be a problem.  These are not serious so no chemical controls are listed.  Clean up and dispose of diseased leaves. &lt;/p&gt;&lt;p align="left"&gt;

Powdery mildew causes a white powdery growth on the leaves. &lt;/p&gt;</pestsanddiseases>
  <trunkandbranches>
    <currentyeartwigcolor>brown</currentyeartwigcolor>
    <numberoftrunks>can be trained to one trunk, typically multi-trunked</numberoftrunks>
    <pruningrequirement>needed for strong structure</pruningrequirement>
    <showiness>not showy</showiness>
    <currentyeartwigthickness>medium</currentyeartwigthickness>
    <trunkandbranchbreakage>resistant</trunkandbranchbreakage>
    <woodspecificgravity>unknown</woodspecificgravity>
    <branchdrooping>branches droop</branchdrooping>
    <crownshaft>not applicable</crownshaft>
    <barkthickness>thick</barkthickness>
    <thorns>no</thorns>
  </trunkandbranches>
  <fruit>
    <composition>dry or hard</composition>
    <attractiontowildlife>attracts squirrels/mammals</attractiontowildlife>
    <edible>yes</edible>
    <shape>oval, round</shape>
    <showiness>showy</showiness>
    <length>1 to 3 inches</length>
    <persistant>no</persistant>
    <litter>fruit/leaves a litter problem</litter>
    <color>green</color>
  </fruit>
  <name>
    <listingname>Chinese Chestnut, Chestnut, Chinese</listingname>
    <family>Fagaceae</family>
    <pronunciation>kass-TAY-nee-uh  maw-LISS-sim-uh</pronunciation>
    <species>mollissima</species>
    <genus>Castanea</genus>
    <commonname>Chinese Chestnut</commonname>
  </name>
  <photographs>
    <trunk>4288650</trunk>
    <flower>4819517</flower>
    <spring>9832405</spring>
    <fruit>1988464</fruit>
    <fall>9303715</fall>
    <entireplant>5246810</entireplant>
  </photographs>
  <crowncanopy>
    <texture>coarse</texture>
    <density>moderate</density>
    <shape>round</shape>
    <uniformity>symmetrical</uniformity>
  </crowncanopy>
  <other>
    <verticilliumwilt>unknown</verticilliumwilt>
    <outstandingtree>no</outstandingtree>
    <winterinterest>no</winterinterest>
    <invasivepotential>not assessed or incomplete data</invasivepotential>
    <surfacerooting>not a problem</surfacerooting>
    <availability>somewhat available</availability>
    <ozonesensitivity>unknown</ozonesensitivity>
  </other>
  <descriptivetext>&lt;p align="center"&gt;&lt;b&gt;&lt;em&gt;Castanea mollissima &lt;/em&gt;Chinese Chestnut &lt;/b&gt;&lt;/p&gt;&lt;p align="left"&gt;

Chinese Chestnut reaches a height and spread of about 40 feet in a sunny, open exposure and a well-drained soil.  It usually branches close to the ground making it a good candidate for a specimen or as a tree to climb.  The tree is hard to transplant, perhaps due to a coarse root system.  The chief ornamental feature is yellowish white catkins, present in early summer, and a coarse foliage.  A very striking tree.  The odor given off by the flowers for a short period may be considered offensive to some people.  The nuts are edible but not as sweet as the American Chestnut.  The soft, spiny nut could become a hazard on sidewalks (pedestrians could roll on the fruit and fall), so locate them accordingly.  But it is also fun for children to collect. In cold climates the growing season may not be long enough for the nuts to mature. &lt;/p&gt;&lt;p align="left"&gt;

This is an urban-tough tree which may not be a suitable tree for street or parking lot locations but it can make a nice shade tree.  Any advantages of using this tree may be overshadowed by the potential disease problems (although it is moderately resistant to chestnut blight), so plant it in limited numbers.  Makes a nice tree to line entry roads or along walks to create a low-canopy shade tree.  The fruit attracts wildlife, and could be used in natural areas or other non-traffic situations, away from pedestrian traffic.  This is a novelty tree which should be planted occasionally rather than a staple for urban planting. &lt;/p&gt;&lt;p align="left"&gt;

Best growth is in full-day sun.  Chinese Chestnut is tolerant of some drought but prefers good soil which is loose, not dry, and not too wet. &lt;/p&gt;&lt;p align="left"&gt;

The following four cultivars have been selected for their nut production: `Abundance', `Meiling', `Nanking', and `Kuling'.  Others include: `Estate-jap' - highly resistant to chestnut blight; `Sleeping Giant' - grows larger than species; `Kelsey' - smaller tree with good nut quality. &lt;/p&gt;</descriptivetext>
  <growthrate>moderate</growthrate>
</tree>