<?xml version="1.0" encoding="UTF-8" standalone="no"?><tree>
  <foliage>
    <shape>lanceolate, oblong</shape>
    <summercolor>green</summercolor>
    <spiny>no</spiny>
    <type>simple</type>
    <arrangement>alternate</arrangement>
    <bladelength>4 to 8 inches</bladelength>
    <venation>pinnate</venation>
    <fallcharacteristics>showy</fallcharacteristics>
    <margin>serrate</margin>
    <fallcolor>copper, yellow</fallcolor>
    <persistence>deciduous</persistence>
  </foliage>
  <pestresistance>free of serious pests and diseases</pestresistance>
  <lifespan>unknown</lifespan>
  <culturetolerances>
    <saltspraytolerance>unknown</saltspraytolerance>
    <soilphtolerance>acidic, slightly alkaline</soilphtolerance>
    <lightrequirements>partial sun or partial shade, full sun</lightrequirements>
    <soilsalttolerance>unknown</soilsalttolerance>
    <droughttolerance>moderate</droughttolerance>
    <soildrainagetolerance>well-drained</soildrainagetolerance>
    <soiltexturetolerance>sand, loam, clay</soiltexturetolerance>
  </culturetolerances>
  <flower>
    <season>flowers in summer</season>
    <color>yellow, white/cream/gray</color>
    <fragrance>pleasant</fragrance>
    <showiness>showy</showiness>
  </flower>
  <diseases/>
  <planttype>tree</planttype>
  <use>recommended</use>
  <usdahardinesszone>4A-8A</usdahardinesszone>
  <nativeorigin>
    <nativestate>Maine, Vermont, New Hampshire, Connecticut, Rhode Island, New York, New Jersey, Pennsylvania, Delaware, Maryland, Virginia, North Carolina, South Carolina, Georgia, Florida, Kentucky, Ohio, Michigan, Indiana, Massachusetts</nativestate>
    <nativetonorthamerica>yes</nativetonorthamerica>
    <recommendedfordryclimates>no</recommendedfordryclimates>
    <nativefloridacounty>Okaloosa, Escambia</nativefloridacounty>
  </nativeorigin>
  <size>
    <height>25 to 50 feet</height>
    <maturespread>35 to 40 feet</maturespread>
    <maintainableheight>not suitable for clipping</maintainableheight>
    <matureheight>25 to 50 feet</matureheight>
    <spread>25 to 35 feet</spread>
  </size>
  <factsheet/>
  <trunkandbranches>
    <currentyeartwigcolor>green</currentyeartwigcolor>
    <numberoftrunks>typically multi-trunked</numberoftrunks>
    <pruningrequirement>little required</pruningrequirement>
    <showiness>showy</showiness>
    <currentyeartwigthickness>medium</currentyeartwigthickness>
    <trunkandbranchbreakage>resistant</trunkandbranchbreakage>
    <woodspecificgravity>unknown</woodspecificgravity>
    <branchdrooping>branches droop</branchdrooping>
    <crownshaft>not applicable</crownshaft>
    <barkthickness>thick</barkthickness>
    <thorns>no</thorns>
  </trunkandbranches>
  <pests/>
  <fruit>
    <composition>dry or hard</composition>
    <attractiontowildlife>attracts squirrels/mammals</attractiontowildlife>
    <edible>no</edible>
    <shape>oval, round</shape>
    <showiness>showy</showiness>
    <length>unknown</length>
    <persistant>no</persistant>
    <litter>fruit/leaves a litter problem</litter>
    <color>green</color>
  </fruit>
  <name>
    <listingname>American Sweet Chestnut</listingname>
    <family>Fagaceae</family>
    <pronunciation>cas-TAY-nee-uh den-TAH-tuh</pronunciation>
    <species>dentata</species>
    <genus>Castanea</genus>
    <cultivar/>
    <commonname>American Sweet Chestnut</commonname>
  </name>
  <photographs>
  </photographs>
  <crowncanopy>
    <texture>coarse</texture>
    <density>moderate</density>
    <shape>round</shape>
    <uniformity>symmetrical</uniformity>
  </crowncanopy>
  <other>
    <verticilliumwilt>unknown</verticilliumwilt>
    <outstandingtree>no</outstandingtree>
    <winterinterest>no</winterinterest>
    <invasivepotential>native to North America</invasivepotential>
    <surfacerooting>unknown</surfacerooting>
    <availability>somewhat available</availability>
    <ozonesensitivity>unknown</ozonesensitivity>
  </other>
  <descriptivetext>&lt;p align="left"&gt;

The American Chestnut was a grand tree in the eastern North America deciduous forest - perhaps the grandest of them all. That all changed when the chestnut blight fungus reached the United States. It wiped out the chestnut so that today only large sprouts can be found in the woods. This photograph was taken at the Montreal Botanical Garden. Other trees of this size can occasionally be found at other botanical gardens and arboreta and in the woods.&lt;/p&gt;&lt;p align="left"&gt;

&lt;/p&gt;&lt;p align="left"&gt;

Chestnut is tolerant of some drought but prefers good soil which is loose, not dry, and not too wet.  Any advantages of using this tree are overshadowed by the disease problem. Chinese Chestnut is moderately resistant to chestnut blight. Researchers continue to develop crosses, mostly with C. mollissima, in hopes of producing a blight resistant tree.  Wood is considered ring porous.&lt;/p&gt;</descriptivetext>
  <growthrate>moderate</growthrate>
</tree>