<?xml version="1.0" encoding="UTF-8" standalone="no"?><tree>
  <diseases>&lt;p align="center"&gt;&lt;b&gt;&lt;u&gt;Diseases&lt;/u&gt;&lt;/b&gt;&lt;/p&gt;&lt;p align="left"&gt;

Root rot. &lt;/p&gt;</diseases>
  <planttype>tree</planttype>
  <size>
    <height>50 to 75 feet</height>
    <maturespread>30 to 40 feet</maturespread>
    <maintainableheight>not suitable for clipping</maintainableheight>
    <matureheight>70 to 90 feet</matureheight>
    <spread>35 to 50 feet</spread>
  </size>
  <use>not recommended</use>
  <flower>
    <season>flowers in spring</season>
    <color>yellow</color>
    <fragrance>no</fragrance>
    <showiness>not showy</showiness>
  </flower>
  <other>
    <verticilliumwilt>unknown</verticilliumwilt>
    <outstandingtree>no</outstandingtree>
    <winterinterest>no</winterinterest>
    <invasivepotential>invasive: not recommended</invasivepotential>
    <surfacerooting>can form large surface roots</surfacerooting>
    <availability>rarely available</availability>
    <ozonesensitivity>unknown</ozonesensitivity>
  </other>
  <fruit>
    <composition>dry or hard</composition>
    <attractiontowildlife>little</attractiontowildlife>
    <edible>no</edible>
    <shape>round, oval</shape>
    <showiness>not showy</showiness>
    <length>less than .5 inch</length>
    <persistant>yes</persistant>
    <litter>fruit/leaves a litter problem</litter>
    <color>brown</color>
  </fruit>
  <factsheet>ST129</factsheet>
  <growthrate>fast</growthrate>
  <crowncanopy>
    <texture>fine</texture>
    <density>open</density>
    <shape>upright/erect</shape>
    <uniformity>irregular</uniformity>
  </crowncanopy>
  <photographs>
    <fruit>11105829</fruit>
    <other>5538588</other>
    <trunk>14144677</trunk>
  </photographs>
  <name>
    <listingname>Australian-Pine, Casuarina</listingname>
    <family>Casuarinaceae</family>
    <pronunciation>kass-yoo-ar-EYE-nuh  species</pronunciation>
    <species>spp.</species>
    <genus>Casuarina</genus>
    <commonname>Australian-Pine, Casuarina</commonname>
  </name>
  <trunkandbranches>
    <currentyeartwigcolor>green</currentyeartwigcolor>
    <numberoftrunks>typically one trunk</numberoftrunks>
    <pruningrequirement>needed for strong structure</pruningrequirement>
    <showiness>not showy</showiness>
    <currentyeartwigthickness>thin, medium</currentyeartwigthickness>
    <trunkandbranchbreakage>susceptible to breakage</trunkandbranchbreakage>
    <woodspecificgravity>unknown</woodspecificgravity>
    <branchdrooping>branches droop</branchdrooping>
    <crownshaft>not applicable</crownshaft>
    <barkthickness>thick</barkthickness>
    <thorns>no</thorns>
  </trunkandbranches>
  <rangemap>Range Map RM9B11</rangemap>
  <descriptivetext>&lt;p align="center"&gt;&lt;b&gt;&lt;em&gt;Casuarina spp. &lt;/em&gt;Australian-Pine, Casuarina &lt;/b&gt;&lt;/p&gt;&lt;p align="left"&gt;

Long-favored for use in erosion control along beaches, Australian-Pine Tree is now outlawed in many parts of Florida due to its invasive nature, rapid growth rate, and non-native status.  It is not a true pine tree and is not related to the pines.  A straight, upright tree capable of reaching 70 to 90 feet in height and possessing rough, fissured, dark gray bark, Australian-Pine has what appear to be long, soft, gray/green needles but these "needles" are actually multi-jointed branchlets, the true leaves being rather inconspicuous.  These "needles" sway gently in the breeze and give off a distinctive, soft whistle when winds are particularly strong.  The insignificant flowers are followed by small, spiny cones, less than one-inch-long. &lt;/p&gt;&lt;p align="left"&gt;

Highly salt- and drought-tolerant, Australian-Pine was widely used in seaside landscapes as a windbreak, screen, clipped hedge, and for topiary.  Its ability to withstand heat and other adverse conditions made Australian-Pine a favorite for street tree or specimen use also.  It is not planted now due to the problems it has created including the elimination of habitat for native plants.  Injured trees compartmentalize wounds poorly and decay advances rapidly through the trunk.  Old trees which have been topped and abused often become hazardous and they can fall over or drop large limbs. &lt;/p&gt;&lt;p align="left"&gt;

Growing in full sun or partial shade, Australian-Pine will tolerate many adverse conditions, dry or wet soil, heat or high winds.  Trees are hardy to about 25-degrees F.  Vigorous sprouts often originate from the roots of older trees knocked back by the cold. &lt;/p&gt;</descriptivetext>
  <pestresistance>resistant to pests/diseases</pestresistance>
  <foliage>
    <shape>scale-like</shape>
    <summercolor>green</summercolor>
    <spiny>no</spiny>
    <type>simple</type>
    <arrangement>whorled</arrangement>
    <bladelength>less than 2 inches</bladelength>
    <venation>unknown</venation>
    <fallcharacteristics>not showy</fallcharacteristics>
    <margin>entire</margin>
    <fallcolor>no color change</fallcolor>
    <persistence>evergreen</persistence>
  </foliage>
  <pests>&lt;p align="center"&gt;&lt;b&gt;&lt;u&gt;Pests&lt;/u&gt;&lt;/b&gt;&lt;/p&gt;&lt;p align="left"&gt;

No pests are of major concern. &lt;/p&gt;</pests>
  <usdahardinesszone>9B-11</usdahardinesszone>
  <culturetolerances>
    <saltspraytolerance>high</saltspraytolerance>
    <soilphtolerance>alkaline, acidic</soilphtolerance>
    <lightrequirements>full sun, partial sun or partial shade</lightrequirements>
    <soilsalttolerance>good</soilsalttolerance>
    <droughttolerance>high</droughttolerance>
    <soildrainagetolerance>occasionally wet, well-drained</soildrainagetolerance>
    <soiltexturetolerance>clay, sand, loam</soiltexturetolerance>
  </culturetolerances>
  <nativeorigin>
    <nativetonorthamerica>no</nativetonorthamerica>
    <recommendedfordryclimates>no</recommendedfordryclimates>
    <nativefloridacounty>Not Native to Florida</nativefloridacounty>
  </nativeorigin>
  <lifespan>25 to 50 years</lifespan>
</tree>