<?xml version="1.0" encoding="UTF-8" standalone="no"?><tree>
  <diseases>&lt;p align="center"&gt;&lt;b&gt;&lt;u&gt;Diseases&lt;/u&gt;&lt;/b&gt;&lt;/p&gt;&lt;p align="left"&gt;

Anthracnose will cause dead areas on the leaves. &lt;/p&gt;&lt;p align="left"&gt;

Brown leaf spots caused by several fungi can attack Catalpa.  They are rarely serious so no chemical control is suggested. &lt;/p&gt;&lt;p align="left"&gt;

Powdery mildew causes a white powdery coating on the leaves.  When severe, the leaves yellow and fall off. &lt;/p&gt;&lt;p align="left"&gt;

Catalpa is susceptible to verticillium wilt.  Branches die and eventually the entire tree may die.  A symptom of verticillium wilt is discoloration of the sapwood but the symptom is hard to find. &lt;/p&gt;&lt;p align="left"&gt;

During hot, dry seasons the leaves may turn yellow and brown due to scorch, but the tree lives.  Little can be done other than watering. &lt;/p&gt;&lt;p align="left"&gt;

Catalpa may turn chlorotic due to a high soil pH, but the tree does not appear to otherwise suffer from alkaline soil. &lt;/p&gt;</diseases>
  <planttype>tree</planttype>
  <size>
    <height>25 to 50 feet</height>
    <maturespread>40 to 50 feet</maturespread>
    <maintainableheight>not suitable for clipping</maintainableheight>
    <matureheight>50 to 60 feet</matureheight>
    <spread>35 to 50 feet</spread>
  </size>
  <use>urban tolerant, reclamation, shade, recommended</use>
  <flower>
    <season>flowers in spring, flowers in summer</season>
    <color>white/cream/gray</color>
    <fragrance>no</fragrance>
    <showiness>very showy</showiness>
  </flower>
  <other>
    <verticilliumwilt>susceptible</verticilliumwilt>
    <outstandingtree>no</outstandingtree>
    <winterinterest>no</winterinterest>
    <invasivepotential>native to North America</invasivepotential>
    <surfacerooting>not a problem</surfacerooting>
    <availability>somewhat available</availability>
    <ozonesensitivity>unknown</ozonesensitivity>
  </other>
  <fruit>
    <composition>dry or hard</composition>
    <attractiontowildlife>attracts squirrels/mammals</attractiontowildlife>
    <edible>no</edible>
    <shape>elongated</shape>
    <showiness>showy</showiness>
    <length>12 inches or more</length>
    <persistant>no</persistant>
    <litter>fruit/leaves a litter problem</litter>
    <color>brown</color>
  </fruit>
  <factsheet>ST130</factsheet>
  <growthrate>fast</growthrate>
  <crowncanopy>
    <texture>coarse</texture>
    <density>moderate</density>
    <shape>oval</shape>
    <uniformity>irregular</uniformity>
  </crowncanopy>
  <photographs>
    <foliage>5432179</foliage>
    <trunk>2416951</trunk>
    <flower>12949361</flower>
    <fruit>8704728</fruit>
    <fall>16222171</fall>
    <entireplant>6292071</entireplant>
  </photographs>
  <name>
    <listingname>Catalpa</listingname>
    <family>Bignoniaceae</family>
    <pronunciation>kuh-TAL-puh  species</pronunciation>
    <species>spp.</species>
    <genus>Catalpa</genus>
    <commonname>Catalpa</commonname>
  </name>
  <trunkandbranches>
    <currentyeartwigcolor>green, brown</currentyeartwigcolor>
    <numberoftrunks>typically one trunk</numberoftrunks>
    <pruningrequirement>needed for strong structure</pruningrequirement>
    <showiness>not showy</showiness>
    <currentyeartwigthickness>very thick</currentyeartwigthickness>
    <trunkandbranchbreakage>resistant</trunkandbranchbreakage>
    <woodspecificgravity>unknown</woodspecificgravity>
    <branchdrooping>branches droop</branchdrooping>
    <crownshaft>not applicable</crownshaft>
    <barkthickness>thin bark</barkthickness>
    <thorns>no</thorns>
  </trunkandbranches>
  <rangemap>Range Map RM5A9A</rangemap>
  <descriptivetext>&lt;p align="center"&gt;&lt;b&gt;&lt;em&gt;Catalpa &lt;/em&gt; spp.Catalpa &lt;/b&gt;&lt;/p&gt;&lt;p align="left"&gt;

&lt;em&gt;Catalpa speciosa &lt;/em&gt; (Northern Catalpa) grows in a loose oval, 50 feet tall in most urban locations, but occasionally grows to 90 feet.  This coarse, large leaved tree spreads 50 feet and tolerates hot, dry weather, but leaves may scorch and some drop from the tree in very dry summers.   &lt;em&gt;Catalpa bignonioides &lt;/em&gt; (Southern Catalpa) is somewhat smaller reaching about 30 to 40 feet tall, leaves are arranged opposite or in whorls ( &lt;em&gt;speciosa &lt;/em&gt; leaves are opposite) and it is native and has some salt tolerance.  A sunny exposure and a well-drained, moist, rich soil are preferred for best growth of Catalpa but they will tolerate a range of soils from acid to calcareous.  Both trees have a coarse, very open growth habit forming an irregularly-shaped crown.  Popular in older gardens and has a moderately-long life (60 years or so), but trunks on large trees often contain rot.  Catalpas are very adaptable and they are tough trees, having naturalized in many parts of the south. &lt;/p&gt;&lt;p align="left"&gt;

Growth is rapid at first but slows down with age as the crown begins to round out and the tree increases in spread.  The main ornamental feature is panicles of white with yellow and purple markings produced in spring and early summer, depending on the particular tree.  But leaves fall throughout the summer in USDA hardiness zone 8 making a mess and the tree looks ragged with yellow leaves in late summer.  Flowers make somewhat of a slimy mess for a short period when they drop on a sidewalk but are no problem falling into shrubs, groundcovers, or turf.  The fruit is a long pod (up to two feet long) resembling a string bean that can be a slight litter problem to some, but it is quite interesting.  The tree is useful in areas where quick growth is desired, but there are better, more durable trees available for street and parking lot plantings.  Sixty-year-old trees in Williamsburg, Virginia have three to four-foot-diameter trunks and are 40 feet tall.  Catalpa often escapes cultivation and invades surrounding woodlands. &lt;/p&gt;&lt;p align="left"&gt;

Catalpas are planted to attract Catalpa worms, a large caterpillar prized for fish bait because the skin is very tough and the caterpillar is juicy.  The caterpillar can be frozen for use as a fish bait at a later time.  The caterpillar can defoliate the tree once or twice a year but there appear to be no adverse consequences to the tree. &lt;/p&gt;&lt;p align="left"&gt;

Catalpa tolerates a wide range of soils, including pH in the 7's, and is moderately drought-tolerant.  It is a tough tree suited for planting in large-scale landscapes. &lt;/p&gt;</descriptivetext>
  <pestresistance>sensitive to pests/diseases</pestresistance>
  <foliage>
    <shape>ovate</shape>
    <summercolor>green</summercolor>
    <spiny>no</spiny>
    <type>simple</type>
    <arrangement>opposite/subopposite, whorled</arrangement>
    <bladelength>8 to 12 inches</bladelength>
    <venation>pinnate</venation>
    <fallcharacteristics>not showy</fallcharacteristics>
    <margin>entire</margin>
    <fallcolor>yellow</fallcolor>
    <persistence>deciduous</persistence>
  </foliage>
  <pests>&lt;p align="center"&gt;&lt;b&gt;&lt;u&gt;Pests&lt;/u&gt;&lt;/b&gt;&lt;/p&gt;&lt;p align="left"&gt;

The larva of the Catalpa sphinx moth can eat large quantities of leaves.  The caterpillar is yellow with black markings.  The tree is regularly defoliated and often looks terrible by the end of the summer. &lt;/p&gt;</pests>
  <usdahardinesszone>5A-9A</usdahardinesszone>
  <culturetolerances>
    <saltspraytolerance>moderate</saltspraytolerance>
    <soilphtolerance>alkaline, acidic</soilphtolerance>
    <lightrequirements>full sun, partial sun or partial shade</lightrequirements>
    <soilsalttolerance>moderate</soilsalttolerance>
    <droughttolerance>high</droughttolerance>
    <soildrainagetolerance>occasionally wet, well-drained</soildrainagetolerance>
    <soiltexturetolerance>clay, sand, loam</soiltexturetolerance>
  </culturetolerances>
  <nativeorigin>
    <nativestate>Florida, Georgia, Alabama, Mississippi</nativestate>
    <nativetonorthamerica>yes</nativetonorthamerica>
    <recommendedfordryclimates>yes</recommendedfordryclimates>
    <nativefloridacounty>Not Native to Florida</nativefloridacounty>
  </nativeorigin>
  <lifespan>25 to 50 years</lifespan>
</tree>