<?xml version="1.0" encoding="UTF-8" standalone="no"?><tree>
  <foliage>
    <shape>needle-like (filiform)</shape>
    <summercolor>blue or blue-green</summercolor>
    <spiny>no</spiny>
    <type>simple</type>
    <arrangement>spiral</arrangement>
    <bladelength>less than 2 inches</bladelength>
    <venation>parallel</venation>
    <fallcharacteristics>not showy</fallcharacteristics>
    <margin>entire</margin>
    <fallcolor>no color change</fallcolor>
    <persistence>evergreen, needled evergreen</persistence>
  </foliage>
  <rangemap>Range Map RM6A8B</rangemap>
  <pestresistance>free of serious pests and diseases</pestresistance>
  <lifespan>more than 50 years</lifespan>
  <culturetolerances>
    <saltspraytolerance>moderate</saltspraytolerance>
    <soilphtolerance>slightly alkaline, acidic</soilphtolerance>
    <lightrequirements>full sun, partial sun or partial shade</lightrequirements>
    <soilsalttolerance>unknown</soilsalttolerance>
    <droughttolerance>high</droughttolerance>
    <soildrainagetolerance>well-drained</soildrainagetolerance>
    <soiltexturetolerance>clay, sand, loam</soiltexturetolerance>
  </culturetolerances>
  <flower>
    <season>flowers in spring</season>
    <color>unknown</color>
    <fragrance>no</fragrance>
    <showiness>not showy</showiness>
  </flower>
  <planttype>tree</planttype>
  <factsheet>ST133</factsheet>
  <use>specimen, bonsai, recommended</use>
  <usdahardinesszone>6A-8B</usdahardinesszone>
  <nativeorigin>
    <nativetonorthamerica>no</nativetonorthamerica>
    <recommendedfordryclimates>no</recommendedfordryclimates>
    <nativefloridacounty>Not Native to Florida</nativefloridacounty>
  </nativeorigin>
  <size>
    <height>50 to 75 feet</height>
    <maturespread>25 to 40 feet</maturespread>
    <maintainableheight>not suitable for clipping</maintainableheight>
    <matureheight>40 to 60 feet</matureheight>
    <spread>35 to 50 feet</spread>
  </size>
  <pestsanddiseases>&lt;p align="center"&gt;&lt;b&gt;&lt;u&gt;Pests and Diseases&lt;/u&gt;&lt;/b&gt;&lt;/p&gt;&lt;p align="left"&gt;

No pests or diseases are of major concern.  Generally free of insect pests and resistant to diseases, they may occasionally fall prey to tip blight, root rots (in poorly-drained soil) or black scale and the Deodar weevil.  Usually no pest protection or control is necessary. &lt;/p&gt;&lt;p align="left"&gt;

Sap-suckers are attracted to the trunk and often riddle it with small holes.  This usually does little lasting harm to the tree. &lt;/p&gt;</pestsanddiseases>
  <trunkandbranches>
    <currentyeartwigcolor>green, brown</currentyeartwigcolor>
    <numberoftrunks>typically one trunk</numberoftrunks>
    <pruningrequirement>little required</pruningrequirement>
    <showiness>not showy</showiness>
    <currentyeartwigthickness>medium</currentyeartwigthickness>
    <trunkandbranchbreakage>resistant</trunkandbranchbreakage>
    <woodspecificgravity>unknown</woodspecificgravity>
    <branchdrooping>branches droop</branchdrooping>
    <crownshaft>not applicable</crownshaft>
    <barkthickness>thick</barkthickness>
    <thorns>no</thorns>
  </trunkandbranches>
  <fruit>
    <composition>dry or hard</composition>
    <attractiontowildlife>little</attractiontowildlife>
    <edible>no</edible>
    <shape>oval, cone</shape>
    <showiness>not showy</showiness>
    <length>3 to 6 inches</length>
    <persistant>no</persistant>
    <litter>fruit/leaves not a litter problem</litter>
    <color>brown</color>
  </fruit>
  <name>
    <listingname>Blue Atlas Cedar, Cedar, Blue Atlas</listingname>
    <family>Pinaceae</family>
    <pronunciation>SEE-drus  at-LAN-tih-kuh</pronunciation>
    <species>atlantica</species>
    <genus>Cedrus</genus>
    <cultivar>'Glauca'</cultivar>
    <commonname>Blue Atlas Cedar</commonname>
  </name>
  <photographs>
    <entireplant>190596</entireplant>
    <other>16376746</other>
    <foliage>3793209</foliage>
  </photographs>
  <crowncanopy>
    <texture>fine</texture>
    <density>moderate</density>
    <shape>pyramidal</shape>
    <uniformity>irregular</uniformity>
  </crowncanopy>
  <other>
    <verticilliumwilt>resistant</verticilliumwilt>
    <outstandingtree>yes</outstandingtree>
    <winterinterest>no</winterinterest>
    <invasivepotential>not assessed or incomplete data</invasivepotential>
    <surfacerooting>not a problem</surfacerooting>
    <availability>generally available</availability>
    <ozonesensitivity>unknown</ozonesensitivity>
  </other>
  <descriptivetext>&lt;p align="center"&gt;&lt;b&gt;&lt;em&gt;Cedrus atlantica &lt;/em&gt; `Glauca'Blue Atlas Cedar &lt;/b&gt;&lt;/p&gt;&lt;p align="left"&gt;

A handsome evergreen with blue, bluish-green or light green foliage, `Glauca' Atlas Cedar is perfect for specimen planting where it can grow without being crowded since the tree looks its best when branches are left on the tree to the ground.  This shows off the wonderful irregular, open pyramidal form with lower branches spreading about half the height.  It grows rapidly when young, then slowly, reaching 40 to 60 feet tall by 30 to 40 feet wide.  The trunk stays fairly straight with lateral branches nearly horizontal.  Allow plenty of room for these trees to spread.  They are best located as a lawn specimen away from walks, streets, and sidewalks so branches will not have to be pruned.  It looks odd if lower branches are removed.  Older trees become flat-topped and are a beautiful sight to behold. &lt;/p&gt;&lt;p align="left"&gt;

Difficult to transplant, `Glauca' Atlas Cedar should be planted from a container.  Soil preference is for well-drained deep loam, on the acid side, but it can tolerate sandy or clay soils and alkaline soil if they are very well-drained.  The tree looks its best when sheltered from strong winds but tolerates open conditions, and will grow in full sun or partial shade.  Allow for plenty of soil space around the tree since growth will be poor in restricted soil space.  Tolerates extensive drought only when grown in an area where roots can explore a large soil area.  Performs well in all areas within its hardiness range.  It may be suited for zone 9 in California and Florida. &lt;/p&gt;&lt;p align="left"&gt;

Propagation is by seed. &lt;/p&gt;&lt;p align="left"&gt;

`Pendula' has a very strong weeping habit but must be staked and trained to make a tree, 15 feet tall; `Argentea' has silver, almost white foliage. &lt;/p&gt;</descriptivetext>
  <growthrate>moderate</growthrate>
</tree>