<?xml version="1.0" encoding="UTF-8" standalone="no"?><tree>
  <foliage>
    <shape>needle-like (filiform)</shape>
    <summercolor>green</summercolor>
    <spiny>no</spiny>
    <type>simple</type>
    <arrangement>spiral</arrangement>
    <bladelength>less than 2 inches</bladelength>
    <venation>parallel</venation>
    <fallcharacteristics>not showy</fallcharacteristics>
    <margin>entire</margin>
    <fallcolor>no color change</fallcolor>
    <persistence>evergreen, needled evergreen</persistence>
  </foliage>
  <rangemap>Range Map RM5B10A</rangemap>
  <pestresistance>free of serious pests and diseases</pestresistance>
  <lifespan>more than 50 years</lifespan>
  <culturetolerances>
    <saltspraytolerance>unknown</saltspraytolerance>
    <soilphtolerance>alkaline, acidic</soilphtolerance>
    <lightrequirements>full sun</lightrequirements>
    <soilsalttolerance>unknown</soilsalttolerance>
    <droughttolerance>high</droughttolerance>
    <soildrainagetolerance>well-drained</soildrainagetolerance>
    <soiltexturetolerance>clay, sand, loam</soiltexturetolerance>
  </culturetolerances>
  <flower>
    <season>unknown</season>
    <color>brown, purple</color>
    <fragrance>no</fragrance>
    <showiness>not showy</showiness>
  </flower>
  <planttype>tree</planttype>
  <factsheet>ST136</factsheet>
  <use>specimen, street without sidewalk, tree lawn &gt; 6 ft wide, highway median, recommended</use>
  <usdahardinesszone>5B-10A</usdahardinesszone>
  <nativeorigin>
    <nativetonorthamerica>no</nativetonorthamerica>
    <recommendedfordryclimates>yes</recommendedfordryclimates>
    <nativefloridacounty>Not Native to Florida</nativefloridacounty>
  </nativeorigin>
  <size>
    <height>50 to 75 feet</height>
    <maturespread>20 to 30 feet</maturespread>
    <maintainableheight>not suitable for clipping</maintainableheight>
    <matureheight>40 to 50 feet</matureheight>
    <spread>25 to 35 feet</spread>
  </size>
  <pestsanddiseases>&lt;p align="center"&gt;&lt;b&gt;&lt;u&gt;Pests and Diseases&lt;/u&gt;&lt;/b&gt;&lt;/p&gt;&lt;p align="left"&gt;

No pests or diseases are of major concern. &lt;/p&gt;</pestsanddiseases>
  <trunkandbranches>
    <currentyeartwigcolor>green, brown</currentyeartwigcolor>
    <numberoftrunks>typically one trunk</numberoftrunks>
    <pruningrequirement>little required</pruningrequirement>
    <showiness>not showy</showiness>
    <currentyeartwigthickness>medium</currentyeartwigthickness>
    <trunkandbranchbreakage>resistant</trunkandbranchbreakage>
    <woodspecificgravity>unknown</woodspecificgravity>
    <branchdrooping>branches droop</branchdrooping>
    <crownshaft>not applicable</crownshaft>
    <barkthickness>thick</barkthickness>
    <thorns>no</thorns>
  </trunkandbranches>
  <fruit>
    <composition>dry or hard</composition>
    <attractiontowildlife>little</attractiontowildlife>
    <edible>no</edible>
    <shape>oval, cone</shape>
    <showiness>showy</showiness>
    <length>3 to 6 inches</length>
    <persistant>no</persistant>
    <litter>fruit/leaves not a litter problem</litter>
    <color>green, blue</color>
  </fruit>
  <name>
    <listingname>Cedar-of-Lebanon</listingname>
    <family>Pinaceae</family>
    <pronunciation>SEE-drus  LIB-an-eye</pronunciation>
    <species>libani</species>
    <genus>Cedrus</genus>
    <commonname>Cedar-of-Lebanon</commonname>
  </name>
  <photographs>
    <entireplant>2292582</entireplant>
    <flower>14568046</flower>
    <fruit>12849904</fruit>
    <foliage>11266215</foliage>
    <trunk>2127644</trunk>
  </photographs>
  <crowncanopy>
    <texture>medium</texture>
    <density>open</density>
    <shape>pyramidal</shape>
    <uniformity>irregular</uniformity>
  </crowncanopy>
  <other>
    <verticilliumwilt>resistant</verticilliumwilt>
    <outstandingtree>yes</outstandingtree>
    <winterinterest>no</winterinterest>
    <invasivepotential>not assessed or incomplete data</invasivepotential>
    <surfacerooting>not a problem</surfacerooting>
    <availability>somewhat available</availability>
    <ozonesensitivity>unknown</ozonesensitivity>
  </other>
  <descriptivetext>&lt;p align="center"&gt;&lt;b&gt;&lt;em&gt;Cedrus libani &lt;/em&gt;Cedar-of-Lebanon &lt;/b&gt;&lt;/p&gt;&lt;p align="left"&gt;

This is a large stately evergreen, with a massive trunk when mature, and wide-sweeping, sometimes upright branches (more often horizontal) which originate on the lower trunk.  Allow plenty of space for proper development.  Dark green needles and cones, which are held upright above the foliage, add to the impressive appearance.  Young specimens retain a pyramidal shape but the tree takes on a more open form with age.  Like most true cedars, it does not like to be transplanted, and prefers a pollution-free, sunny environment. &lt;/p&gt;&lt;p align="left"&gt;

Cedars are not well-suited for street tree planting in downtown situations, but are unrivaled as specimens, even for hot, dry locations.  There are examples of residential street tree plantings on 20-foot-centers which look rather striking.  Adapted to high pH and dry soil. &lt;/p&gt;</descriptivetext>
  <growthrate>slow</growthrate>
</tree>