<?xml version="1.0" encoding="UTF-8" standalone="no"?><tree>
  <foliage>
    <shape>needle-like (filiform)</shape>
    <summercolor>blue or blue-green</summercolor>
    <spiny>no</spiny>
    <type>simple</type>
    <arrangement>spiral</arrangement>
    <bladelength>less than 2 inches</bladelength>
    <venation>parallel</venation>
    <fallcharacteristics>not showy</fallcharacteristics>
    <margin>entire</margin>
    <fallcolor>no color change</fallcolor>
    <persistence>evergreen</persistence>
  </foliage>
  <pestresistance>free of serious pests and diseases</pestresistance>
  <lifespan>more than 50 years</lifespan>
  <culturetolerances>
    <saltspraytolerance>unknown</saltspraytolerance>
    <soilphtolerance>acidic, slightly alkaline</soilphtolerance>
    <lightrequirements>partial sun or partial shade, full sun</lightrequirements>
    <soilsalttolerance>moderate</soilsalttolerance>
    <droughttolerance>high</droughttolerance>
    <soildrainagetolerance>well-drained</soildrainagetolerance>
    <soiltexturetolerance>sand, loam, clay</soiltexturetolerance>
  </culturetolerances>
  <flower>
    <season>flowers in spring</season>
    <color>unknown</color>
    <fragrance>no</fragrance>
    <showiness>not showy</showiness>
  </flower>
  <diseases/>
  <planttype>tree</planttype>
  <use>specimen</use>
  <usdahardinesszone>5A-8A</usdahardinesszone>
  <nativeorigin>
    <nativestate>Oregon</nativestate>
    <nativetonorthamerica>no</nativetonorthamerica>
    <recommendedfordryclimates>no</recommendedfordryclimates>
    <nativefloridacounty>Not Native to Florida</nativefloridacounty>
  </nativeorigin>
  <size>
    <height>50 to 75 feet</height>
    <maturespread>35 to 50 feet</maturespread>
    <maintainableheight>not suitable for clipping</maintainableheight>
    <matureheight>50 to 75 feet</matureheight>
    <spread>35 to 50 feet</spread>
  </size>
  <factsheet/>
  <trunkandbranches>
    <currentyeartwigcolor>unknown</currentyeartwigcolor>
    <numberoftrunks>typically one trunk</numberoftrunks>
    <pruningrequirement>little required</pruningrequirement>
    <showiness>not showy</showiness>
    <currentyeartwigthickness>medium</currentyeartwigthickness>
    <trunkandbranchbreakage>resistant</trunkandbranchbreakage>
    <woodspecificgravity>unknown</woodspecificgravity>
    <branchdrooping>branches droop</branchdrooping>
    <crownshaft>not applicable</crownshaft>
    <barkthickness>thick</barkthickness>
    <thorns>no</thorns>
  </trunkandbranches>
  <pests/>
  <fruit>
    <composition>dry or hard</composition>
    <attractiontowildlife>little</attractiontowildlife>
    <edible>no</edible>
    <shape>cone, oval</shape>
    <showiness>showy</showiness>
    <length>unknown</length>
    <persistant>no</persistant>
    <litter>fruit/leaves not a litter problem</litter>
    <color>brown</color>
  </fruit>
  <name>
    <listingname>Cedrus libani ssp. stenocoma</listingname>
    <family>Pinaceae</family>
    <pronunciation>SEE-drus lih-BAN-eye steh-no-KO-muh</pronunciation>
    <species>libani</species>
    <genus>Cedrus</genus>
    <cultivar>ssp. stenocoma</cultivar>
    <commonname>Cedar</commonname>
  </name>
  <photographs>
  </photographs>
  <crowncanopy>
    <texture>fine</texture>
    <density>moderate</density>
    <shape>pyramidal</shape>
    <uniformity>irregular</uniformity>
  </crowncanopy>
  <other>
    <verticilliumwilt>resistant</verticilliumwilt>
    <outstandingtree>yes</outstandingtree>
    <winterinterest>yes</winterinterest>
    <invasivepotential>not assessed or incomplete data</invasivepotential>
    <surfacerooting>unknown</surfacerooting>
    <availability>somewhat available</availability>
    <ozonesensitivity>unknown</ozonesensitivity>
  </other>
  <descriptivetext>&lt;p align="left"&gt;

Difficult to transplant from a field nursery unless it is root pruned regularly prior to moving. Soil preference is for well-drained deep loam, on the acid side, but it can tolerate sandy or clay soils, if they are well-drained. The tree looks its best when it sheltered from strong wind. The tree looks its best when sheltered from strong winds but tolerates open conditions, and will grow in full sun or partial shade. Allow for plenty of soil space around the tree since growth will be poor in restricted soil space. Tolerates extensive drought only when grown in an area where roots can explore a large soil area.&lt;/p&gt;&lt;p align="left"&gt;

&lt;/p&gt;&lt;p align="left"&gt;

Performs well in all areas within its hardiness range. The best plants I (Dr. Gilman) have seen are growing in areas with plenty of open soil space for expansion. This subspecies may be more cold hardy than the species.&lt;/p&gt;&lt;p align="left"&gt;

&lt;/p&gt;&lt;p align="left"&gt;

The tree has been successfully used as a street or median planting with lower branches removed. It appears to tolerate compacted, poor soil but declines in areas where smog is a problem. Plant on 20-foot-centers to create a canopy of blue foliage over a narrow street or walkway. Provide plenty of soil space for root expansion to help keep the plant vigorous. This is probably the best true cedar for the South. For street tree use, remove any branches or stems that grow in an upright fashion so they do not compete with the leader. Double leaders can split from the tree if they have included bark in the branch union. Those with wide angles of attachment and no included bark can be left to develop a wide, sweeping, low habit if there is sufficient room for this form such as in a large lawn or park.&lt;/p&gt;</descriptivetext>
  <growthrate>moderate</growthrate>
</tree>