<?xml version="1.0" encoding="UTF-8" standalone="no"?><tree>
  <foliage>
    <shape>needle-like (filiform)</shape>
    <summercolor>green, silver</summercolor>
    <spiny>no</spiny>
    <type>simple</type>
    <arrangement>spiral</arrangement>
    <bladelength>less than 2 inches</bladelength>
    <venation>parallel</venation>
    <fallcharacteristics>not showy</fallcharacteristics>
    <margin>entire</margin>
    <fallcolor>no color change</fallcolor>
    <persistence>evergreen, needled evergreen</persistence>
  </foliage>
  <rangemap>Range Map RM7A9A</rangemap>
  <pestresistance>resistant to pests/diseases</pestresistance>
  <lifespan>more than 50 years</lifespan>
  <culturetolerances>
    <saltspraytolerance>unknown</saltspraytolerance>
    <soilphtolerance>slightly alkaline, acidic</soilphtolerance>
    <lightrequirements>full sun</lightrequirements>
    <soilsalttolerance>unknown</soilsalttolerance>
    <droughttolerance>high</droughttolerance>
    <soildrainagetolerance>occasionally wet, well-drained</soildrainagetolerance>
    <soiltexturetolerance>clay, sand, loam</soiltexturetolerance>
  </culturetolerances>
  <flower>
    <season>flowers in spring</season>
    <color>unknown</color>
    <fragrance>no</fragrance>
    <showiness>not showy</showiness>
  </flower>
  <planttype>tree</planttype>
  <factsheet>ST134</factsheet>
  <use>specimen, screen, street without sidewalk, tree lawn &gt; 6 ft wide, highway median, recommended</use>
  <usdahardinesszone>7A-9A</usdahardinesszone>
  <nativeorigin>
    <nativetonorthamerica>no</nativetonorthamerica>
    <recommendedfordryclimates>yes</recommendedfordryclimates>
    <nativefloridacounty>Not Native to Florida</nativefloridacounty>
  </nativeorigin>
  <size>
    <height>50 to 75 feet</height>
    <maturespread>20 to 30 feet</maturespread>
    <maintainableheight>not suitable for clipping</maintainableheight>
    <matureheight>40 to 60 feet</matureheight>
    <spread>25 to 35 feet</spread>
  </size>
  <pestsanddiseases>&lt;p align="center"&gt;&lt;b&gt;&lt;u&gt;Pests and Diseases&lt;/u&gt;&lt;/b&gt;&lt;/p&gt;&lt;p align="left"&gt;

No pests or diseases are of major concern.  Perhaps scales, borers, deodar weevils, and bagworms.  Following a cold winter, tops often decline and dieback in USDA hardiness zone 7.  Secondary fungi can sometimes be associated with this decline. &lt;/p&gt;</pestsanddiseases>
  <trunkandbranches>
    <currentyeartwigcolor>green, brown</currentyeartwigcolor>
    <numberoftrunks>typically one trunk</numberoftrunks>
    <pruningrequirement>little required</pruningrequirement>
    <showiness>not showy</showiness>
    <currentyeartwigthickness>medium</currentyeartwigthickness>
    <trunkandbranchbreakage>resistant</trunkandbranchbreakage>
    <woodspecificgravity>unknown</woodspecificgravity>
    <branchdrooping>branches droop</branchdrooping>
    <crownshaft>not applicable</crownshaft>
    <barkthickness>thick</barkthickness>
    <thorns>no</thorns>
  </trunkandbranches>
  <fruit>
    <composition>dry or hard</composition>
    <attractiontowildlife>little</attractiontowildlife>
    <edible>no</edible>
    <shape>oval, cone</shape>
    <showiness>showy</showiness>
    <length>3 to 6 inches</length>
    <persistant>yes</persistant>
    <litter>fruit/leaves not a litter problem</litter>
    <color>brown</color>
  </fruit>
  <name>
    <listingname>Deodar Cedar, Cedar, Deodar</listingname>
    <family>Pinaceae</family>
    <pronunciation>SEE-drus  dee-oh-DAR-uh</pronunciation>
    <species>deodara</species>
    <genus>Cedrus</genus>
    <commonname>Deodar Cedar</commonname>
  </name>
  <photographs>
    <entireplant>5787919</entireplant>
    <fruit>11786621</fruit>
    <other>8951119</other>
    <foliage>963293</foliage>
    <trunk>8290648</trunk>
  </photographs>
  <crowncanopy>
    <texture>fine</texture>
    <density>moderate</density>
    <shape>pyramidal</shape>
    <uniformity>symmetrical</uniformity>
  </crowncanopy>
  <other>
    <verticilliumwilt>resistant</verticilliumwilt>
    <outstandingtree>yes</outstandingtree>
    <winterinterest>no</winterinterest>
    <invasivepotential>not assessed or incomplete data</invasivepotential>
    <surfacerooting>not a problem</surfacerooting>
    <availability>generally available</availability>
    <ozonesensitivity>unknown</ozonesensitivity>
  </other>
  <descriptivetext>&lt;p align="center"&gt;&lt;b&gt;&lt;em&gt;Cedrus deodara &lt;/em&gt;Deodar Cedar &lt;/b&gt;&lt;/p&gt;&lt;p align="left"&gt;

With its pyramidal shape, soft grayish-green (or blue) needles and drooping branches, this cedar makes a graceful specimen or accent tree.  Growing rapidly to 40 to 50 feet tall and 20 to 30 feet wide, it also works well as a soft screen.  The trunk stays fairly straight with lateral branches nearly horizontal and drooping.  Lower branches should be left on the tree so the true form of the tree can show.  Allow plenty of room for these to spread.  They are best located as a lawn specimen away from walks, streets, and sidewalks so branches will not have to be pruned.  Large specimens have trunks almost three feet in diameter and spread to 50 feet across. &lt;/p&gt;&lt;p align="left"&gt;

The tree has been successfully used as a street or median planting with lower branches removed.  It appears to tolerate compacted, poor soil but declines in areas where smog is a problem.  Plant on 20-foot-centers to create a canopy of blue foliage over a small residential street.  This is probably the best true cedar for the South. &lt;/p&gt;&lt;p align="left"&gt;

Transplants easily if root-pruned or from a container and protected from sweeping winds.  It does well in dry, sunny spots and will tolerate high pH and clay soil.  Cold-damaged trees die back at the top. &lt;/p&gt;&lt;p align="left"&gt;

There are numerous attractive cultivars.  `Kashmir' has silvery foliage and is hardy in USDA hardiness zone 6; `Aurea' has yellow leaves (looks ill); `Pendula' has long, drooping leaves; `Robusta' has stiffer twigs. &lt;/p&gt;</descriptivetext>
  <growthrate>fast</growthrate>
</tree>