<?xml version="1.0" encoding="UTF-8" standalone="no"?><tree>
  <foliage>
    <shape>needle-like (filiform)</shape>
    <summercolor>blue or blue-green, green</summercolor>
    <spiny>no</spiny>
    <type>simple</type>
    <arrangement>spiral</arrangement>
    <bladelength>less than 2 inches</bladelength>
    <venation>parallel</venation>
    <fallcharacteristics>not showy</fallcharacteristics>
    <margin>entire</margin>
    <fallcolor>no color change</fallcolor>
    <persistence>needled evergreen, evergreen</persistence>
  </foliage>
  <rangemap>Range Map RM6A8B</rangemap>
  <pestresistance>free of serious pests and diseases</pestresistance>
  <lifespan>more than 50 years</lifespan>
  <culturetolerances>
    <saltspraytolerance>moderate</saltspraytolerance>
    <soilphtolerance>slightly alkaline, acidic</soilphtolerance>
    <lightrequirements>full sun, partial sun or partial shade</lightrequirements>
    <soilsalttolerance>unknown</soilsalttolerance>
    <droughttolerance>high</droughttolerance>
    <soildrainagetolerance>well-drained</soildrainagetolerance>
    <soiltexturetolerance>clay, sand, loam</soiltexturetolerance>
  </culturetolerances>
  <flower>
    <season>flowers in spring</season>
    <color>unknown</color>
    <fragrance>no</fragrance>
    <showiness>not showy</showiness>
  </flower>
  <planttype>tree</planttype>
  <factsheet>ST132</factsheet>
  <use>specimen, bonsai, recommended</use>
  <usdahardinesszone>6A-8B</usdahardinesszone>
  <nativeorigin>
    <nativetonorthamerica>no</nativetonorthamerica>
    <recommendedfordryclimates>yes</recommendedfordryclimates>
    <nativefloridacounty>Not Native to Florida</nativefloridacounty>
  </nativeorigin>
  <size>
    <height>10 to 15 feet</height>
    <maturespread>6 to 10 feet</maturespread>
    <maintainableheight>not suitable for clipping</maintainableheight>
    <matureheight>10 to 15 feet</matureheight>
    <spread>6 to 10 feet</spread>
  </size>
  <trunkandbranches>
    <currentyeartwigcolor>green, brown</currentyeartwigcolor>
    <numberoftrunks>typically one trunk</numberoftrunks>
    <pruningrequirement>needed for strong structure</pruningrequirement>
    <showiness>not showy</showiness>
    <currentyeartwigthickness>medium</currentyeartwigthickness>
    <trunkandbranchbreakage>resistant</trunkandbranchbreakage>
    <woodspecificgravity>unknown</woodspecificgravity>
    <branchdrooping>branches droop</branchdrooping>
    <crownshaft>not applicable</crownshaft>
    <barkthickness>thick</barkthickness>
    <thorns>no</thorns>
  </trunkandbranches>
  <pests>&lt;p align="center"&gt;&lt;b&gt;&lt;u&gt;Pests&lt;/u&gt;&lt;/b&gt;&lt;/p&gt;&lt;p align="left"&gt;

Generally free of insect pests and resistant to diseases, they may occasionally fall prey to tip blight, root rots or black scale and the Deodar weevil.  Usually no pest protection or control is necessary. &lt;/p&gt;&lt;p align="left"&gt;

Sap-suckers are attracted to the trunk and often riddle it with small holes.  This usually does little lasting harm to the tree. &lt;/p&gt;</pests>
  <fruit>
    <composition>dry or hard</composition>
    <attractiontowildlife>little</attractiontowildlife>
    <edible>no</edible>
    <shape>oval, cone</shape>
    <showiness>showy</showiness>
    <length>3 to 6 inches</length>
    <persistant>no</persistant>
    <litter>fruit/leaves not a litter problem</litter>
    <color>brown</color>
  </fruit>
  <name>
    <listingname>Weeping Atlas Cedar, Cedar, Weeping Atlas</listingname>
    <family>Pinaceae</family>
    <pronunciation>SEE-drus  at-LAN-tih-kuh</pronunciation>
    <species>atlantica</species>
    <genus>Cedrus</genus>
    <cultivar>'Glauca Pendula'</cultivar>
    <commonname>Weeping Atlas Cedar</commonname>
  </name>
  <photographs>
    <entireplant>7368848</entireplant>
    <other>3183323</other>
    <foliage>15692182</foliage>
    <trunk>5278262</trunk>
  </photographs>
  <crowncanopy>
    <texture>fine</texture>
    <density>moderate</density>
    <shape>weeping</shape>
    <uniformity>irregular</uniformity>
  </crowncanopy>
  <other>
    <verticilliumwilt>resistant</verticilliumwilt>
    <outstandingtree>yes</outstandingtree>
    <winterinterest>no</winterinterest>
    <invasivepotential>not assessed or incomplete data</invasivepotential>
    <surfacerooting>not a problem</surfacerooting>
    <availability>rarely available</availability>
    <ozonesensitivity>unknown</ozonesensitivity>
  </other>
  <descriptivetext>&lt;p align="center"&gt;&lt;b&gt;&lt;em&gt;Cedrus atlantica &lt;/em&gt; `Glauca Pendula'Weeping Atlas Cedar &lt;/b&gt;&lt;/p&gt;&lt;p align="left"&gt;

A handsome evergreen for specimen planting where it will not be crowded since the tree looks its best when branches are left on the tree to the ground.  This shows off the wonderful weeping form with lower branches spreading about half the height.  Spread, height and tree form is somewhat dependant on how the tree was trained.  It can probably reach 30 to 40 feet tall if it was staked.  Allow plenty of room for branches to spread.  The tree is best located as a lawn specimen away from walks, streets, and sidewalks so branches will not have to be pruned.  It looks odd if lower branches are removed.  Older trees become flat-topped and are a beautiful sight to behold. &lt;/p&gt;&lt;p align="left"&gt;

Difficult to transplant, it should be moved as a container plant.  Soil preference is for well-drained deep loam, on the acid side, but it can tolerate sandy or clay soils, if they are well-drained.  The tree looks its best when it sheltered from strong wind.  The tree looks its best when sheltered from strong winds but tolerates open conditions, and will grow in full sun or partial shade.  Allow for plenty of soil space around the tree since growth will be poor in restricted soil space.  Tolerates extensive drought only when grown in an area where roots can explore a large soil area.  Performs well in all areas within its hardiness range.  It is suitable in zone 9 in California and perhaps in Florida. &lt;/p&gt;&lt;p align="left"&gt;

Cultivars:  Two other especially desirable cultivars are  &lt;em&gt;Cedrus atlantica &lt;/em&gt; `Pendula', a weeping form, and  &lt;em&gt;Cedrus atlantica &lt;/em&gt; `Argentea', having beautiful silver-blue foliage. &lt;/p&gt;</descriptivetext>
  <growthrate>moderate</growthrate>
</tree>