<?xml version="1.0" encoding="UTF-8" standalone="no"?><tree>
  <other>
    <verticilliumwilt>unknown</verticilliumwilt>
    <outstandingtree>yes</outstandingtree>
    <winterinterest>yes</winterinterest>
    <invasivepotential>not assessed or incomplete data</invasivepotential>
    <surfacerooting>can form large surface roots</surfacerooting>
    <availability>somewhat available</availability>
    <ozonesensitivity>unknown</ozonesensitivity>
  </other>
  <fruit>
    <composition>dry or hard</composition>
    <attractiontowildlife>little</attractiontowildlife>
    <edible>no</edible>
    <shape>irregular</shape>
    <showiness>showy</showiness>
    <length>3 to 6 inches, 6 to 12 inches</length>
    <persistant>no</persistant>
    <litter>fruit/leaves a litter problem</litter>
    <color>unknown</color>
  </fruit>
  <foliage>
    <shape>obovate, oblong</shape>
    <summercolor>green</summercolor>
    <spiny>no</spiny>
    <type>palmately compound</type>
    <arrangement>alternate</arrangement>
    <bladelength>4 to 8 inches</bladelength>
    <venation>pinnate, brachidodrome</venation>
    <fallcharacteristics>not showy</fallcharacteristics>
    <margin>entire</margin>
    <fallcolor>no color change</fallcolor>
    <persistence>deciduous</persistence>
  </foliage>
  <crowncanopy>
    <texture>coarse</texture>
    <density>dense</density>
    <shape>oval, round, spreading</shape>
    <uniformity>irregular</uniformity>
  </crowncanopy>
  <trunkandbranches>
    <currentyeartwigcolor>green</currentyeartwigcolor>
    <numberoftrunks>typically one trunk</numberoftrunks>
    <pruningrequirement>needed for strong structure</pruningrequirement>
    <showiness>showy</showiness>
    <currentyeartwigthickness>thick</currentyeartwigthickness>
    <trunkandbranchbreakage>resistant</trunkandbranchbreakage>
    <woodspecificgravity>unknown</woodspecificgravity>
    <branchdrooping>branches don't droop</branchdrooping>
    <crownshaft>not applicable</crownshaft>
    <barkthickness>thin bark</barkthickness>
    <thorns>yes</thorns>
  </trunkandbranches>
  <planttype>tree</planttype>
  <use>shade, recommended</use>
  <lifespan>more than 50 years</lifespan>
  <size>
    <height>over 75 feet</height>
    <maturespread>60 to 100 feet</maturespread>
    <maintainableheight>not suitable for clipping</maintainableheight>
    <matureheight>75 to 100 feet</matureheight>
    <spread>over 50 feet</spread>
  </size>
  <culturetolerances>
    <saltspraytolerance>moderate</saltspraytolerance>
    <soilphtolerance>acidic, slightly alkaline</soilphtolerance>
    <lightrequirements>full sun</lightrequirements>
    <soilsalttolerance>unknown</soilsalttolerance>
    <droughttolerance>high</droughttolerance>
    <soildrainagetolerance>well-drained</soildrainagetolerance>
    <soiltexturetolerance>sand, loam, clay</soiltexturetolerance>
  </culturetolerances>
  <usdahardinesszone>10B-11</usdahardinesszone>
  <pestresistance>resistant to pests/diseases</pestresistance>
  <growthrate>fast</growthrate>
  <photographs>
    <entireplant>4877260</entireplant>
    <flower>2487299</flower>
    <other>13974134</other>
    <foliage>716868</foliage>
    <trunk>12576222</trunk>
  </photographs>
  <flower>
    <season>flowers in winter</season>
    <color>yellow, pink, white/cream/gray</color>
    <fragrance>no</fragrance>
    <showiness>showy</showiness>
  </flower>
  <name>
    <listingname>Silk-Cotton Tree, Kapok Tree</listingname>
    <family>Bombacaceae</family>
    <pronunciation>SAY-buh  pen-TAN-druh</pronunciation>
    <species>pentandra</species>
    <genus>Ceiba</genus>
    <commonname>Silk-Cotton Tree, Kapok Tree</commonname>
  </name>
  <rangemap>Range Map RM10B11</rangemap>
  <nativeorigin>
    <nativetonorthamerica>no</nativetonorthamerica>
    <recommendedfordryclimates>no</recommendedfordryclimates>
    <nativefloridacounty>Not Native to Florida</nativefloridacounty>
  </nativeorigin>
</tree>