<?xml version="1.0" encoding="UTF-8" standalone="no"?><tree>
  <diseases>&lt;p align="center"&gt;&lt;b&gt;&lt;u&gt;Diseases&lt;/u&gt;&lt;/b&gt;&lt;/p&gt;&lt;p align="left"&gt;

Native and planted trees died slowly from an unknown cause. &lt;/p&gt;&lt;p align="left"&gt;

Several fungi cause leaf spots on Hackberry.  The disease is worse during wet weather but chemical controls are seldom needed. &lt;/p&gt;&lt;p align="left"&gt;

Witches broom is caused by a mite and powdery mildew.  The main symptom is clusters of twigs scattered throughout the tree crown.  Prune out the clusters of twigs when practical.  It is most common on  &lt;em&gt;Celtis occidentalis &lt;/em&gt;. &lt;/p&gt;&lt;p align="left"&gt;

Powdery mildew may coat the leaves with white powder.  The leaves may be uniformly coated or only in patches. &lt;/p&gt;&lt;p align="left"&gt;

Mistletoe is an effective colonizer of Hackberry, which can kill a tree over a period of time.  It appears as evergreen masses several feet in diameter scattered about the crown. &lt;/p&gt;</diseases>
  <planttype>tree</planttype>
  <size>
    <height>50 to 75 feet</height>
    <maturespread>40 to 50 feet</maturespread>
    <maintainableheight>not suitable for clipping</maintainableheight>
    <matureheight>45 to 80 feet</matureheight>
    <spread>35 to 50 feet</spread>
  </size>
  <use>tree lawn &gt; 6 ft wide, urban tolerant, street without sidewalk, reclamation, shade, highway median, bonsai, recommended</use>
  <flower>
    <season>flowers in spring</season>
    <color>green</color>
    <fragrance>no</fragrance>
    <showiness>not showy</showiness>
  </flower>
  <other>
    <verticilliumwilt>resistant</verticilliumwilt>
    <outstandingtree>no</outstandingtree>
    <winterinterest>yes</winterinterest>
    <invasivepotential>native to North America</invasivepotential>
    <surfacerooting>can form large surface roots</surfacerooting>
    <availability>generally available</availability>
    <ozonesensitivity>tolerant</ozonesensitivity>
  </other>
  <fruit>
    <composition>fleshy</composition>
    <attractiontowildlife>attracts birds, attracts squirrels/mammals</attractiontowildlife>
    <edible>no</edible>
    <shape>round</shape>
    <showiness>not showy</showiness>
    <length>less than .5 inch</length>
    <persistant>no</persistant>
    <litter>fruit/leaves a litter problem</litter>
    <color>red, purple, black</color>
  </fruit>
  <factsheet>ST140</factsheet>
  <growthrate>fast</growthrate>
  <crowncanopy>
    <texture>medium</texture>
    <density>moderate</density>
    <shape>round, vase</shape>
    <uniformity>irregular</uniformity>
  </crowncanopy>
  <photographs>
    <foliage>1402347</foliage>
    <trunk>9480850</trunk>
    <spring>13759824</spring>
    <other>15331052</other>
    <fall>1210345</fall>
    <entireplant>7608227</entireplant>
  </photographs>
  <name>
    <listingname>Common Hackberry, Hackberry, Common</listingname>
    <family>Ulmaceae</family>
    <pronunciation>SELL-tiss  ock-sih-den-TAY-liss</pronunciation>
    <species>occidentalis</species>
    <genus>Celtis</genus>
    <commonname>Common Hackberry</commonname>
  </name>
  <trunkandbranches>
    <currentyeartwigcolor>green, brown</currentyeartwigcolor>
    <numberoftrunks>typically one trunk</numberoftrunks>
    <pruningrequirement>needed for strong structure</pruningrequirement>
    <showiness>showy</showiness>
    <currentyeartwigthickness>thin</currentyeartwigthickness>
    <trunkandbranchbreakage>susceptible to breakage</trunkandbranchbreakage>
    <woodspecificgravity>0.53</woodspecificgravity>
    <branchdrooping>branches don't droop</branchdrooping>
    <crownshaft>not applicable</crownshaft>
    <barkthickness>thin bark</barkthickness>
    <thorns>no</thorns>
  </trunkandbranches>
  <rangemap>Range Map RM3A9B</rangemap>
  <descriptivetext>&lt;p align="center"&gt;&lt;b&gt;&lt;em&gt;Celtis occidentalis &lt;/em&gt;Common Hackberry &lt;/b&gt;&lt;/p&gt;&lt;p align="left"&gt;

The tree forms a rounded vase reaching a height of 40 to 80 feet, is a rapid grower, and transplants easily.  The mature bark is light gray, rough and corky and the small fruit turns from orange red to purple and is relished by birds.  The fruit temporarily stains walks.  Leaves are wider than  &lt;em&gt;Celtis laevigata &lt;/em&gt; and more serrated.  Hackberry may recover from transplanting from a field nursery slowly due to the extensive, coarsely branched root system, but this can be overcome by planting from containers. &lt;/p&gt;&lt;p align="left"&gt;

Hackberry grows naturally in moist bottomland soil but will grow rapidly in a variety of soil types from moist, fertile soils to hot, dry, rocky locations in the full sun.  Hackberry is tolerant of highly alkaline soil whereas Sugarberry is not.  It is wind, drought, salt and pollution tolerant once established and is considered a moderately tough, urban-tolerant tree.  Skilled pruning is required several times during the first 15 years of life to prevent formation of weak branch crotches and weak multiple trunks.   &lt;/p&gt;&lt;p align="left"&gt;

It was extensively used in street plantings in parts of Texas and in other cities as it tolerates most soils except extremely alkaline (pH &amp;gt; 8), and grows in sun or partial shade but branches may break out from the trunk if proper pruning and training is not conducted early in the life of the tree.  Even slight injury to the trunk and branches can initiate extensive decay inside the tree.  If you use this tree, locate it where it will be protected from mechanical injury.  Best for low-use areas such as along the edge of woods or in an open lawn, not for along streets.  The tree is very susceptible to damage in an ice storm. &lt;/p&gt;&lt;p align="left"&gt;

One especially nice cultivar is `Prairie Pride', a quick-growing tree with a uniform, upright, compact crown.  Prune and thin the canopy to prevent formation of weak, multi-trunk trees. &lt;/p&gt;</descriptivetext>
  <pestresistance>resistant to pests/diseases</pestresistance>
  <foliage>
    <shape>elliptic (oval), ovate</shape>
    <summercolor>green</summercolor>
    <spiny>no</spiny>
    <type>simple</type>
    <arrangement>alternate</arrangement>
    <bladelength>2 to 4 inches</bladelength>
    <venation>pinnate</venation>
    <fallcharacteristics>showy</fallcharacteristics>
    <margin>serrate</margin>
    <fallcolor>yellow</fallcolor>
    <persistence>deciduous</persistence>
  </foliage>
  <pests>&lt;p align="center"&gt;&lt;b&gt;&lt;u&gt;Pests&lt;/u&gt;&lt;/b&gt;&lt;/p&gt;&lt;p align="left"&gt;

The most common insect on Hackberry causes the Hackberry nipple gall.  A pouch or gall forms on the lower leaf surface in response to feeding.  There are sprays available if you care to reduce this cosmetic problem. &lt;/p&gt;&lt;p align="left"&gt;

Scales of various types may be found on Hackberry.  These may be partially controlled with horticultural oil sprays. &lt;/p&gt;</pests>
  <usdahardinesszone>3A-9B</usdahardinesszone>
  <culturetolerances>
    <saltspraytolerance>moderate</saltspraytolerance>
    <soilphtolerance>alkaline, acidic</soilphtolerance>
    <lightrequirements>full sun, partial sun or partial shade</lightrequirements>
    <soilsalttolerance>good</soilsalttolerance>
    <droughttolerance>high</droughttolerance>
    <soildrainagetolerance>extended flooding, well-drained</soildrainagetolerance>
    <soiltexturetolerance>clay, sand, loam</soiltexturetolerance>
  </culturetolerances>
  <nativeorigin>
    <nativestate>Vermont, New Hampshire, Massachusetts, Rhode Island, Connecticut, New York, Pennsylvania, Maryland, Delaware, District of Columbia, Virginia, West Virginia, Ohio, Michigan, Indiana, Illinois, Kentucky, Tennessee, North Carolina, Wisconsin, Minnesota, North Dakota, South Dakota, Nebraska, Kansas, Oklahoma, Colorado, Iowa, Missouri, Arkansas, New Jersey, South Carolina, Georgia, Florida, Alabama, Mississippi</nativestate>
    <nativetonorthamerica>yes</nativetonorthamerica>
    <recommendedfordryclimates>yes</recommendedfordryclimates>
    <nativefloridacounty>Alachua, Gadsden, Holmes, Jackson, Jefferson, Leon, Liberty, Okaloosa, Santa Rosa, Suwannee, Walton</nativefloridacounty>
  </nativeorigin>
  <lifespan>more than 50 years</lifespan>
</tree>