<?xml version="1.0" encoding="UTF-8" standalone="no"?><tree>
  <foliage>
    <shape>elliptic (oval)</shape>
    <summercolor>green</summercolor>
    <spiny>no</spiny>
    <type>simple</type>
    <arrangement>alternate</arrangement>
    <bladelength>2 to 4 inches</bladelength>
    <venation>pinnate, bowed</venation>
    <fallcharacteristics>not showy</fallcharacteristics>
    <margin>serrate</margin>
    <fallcolor>yellow</fallcolor>
    <persistence>deciduous</persistence>
  </foliage>
  <rangemap>Range Map RM5A9B</rangemap>
  <pestresistance>resistant to pests/diseases</pestresistance>
  <lifespan>more than 50 years</lifespan>
  <culturetolerances>
    <saltspraytolerance>unknown</saltspraytolerance>
    <soilphtolerance>slightly alkaline, acidic</soilphtolerance>
    <lightrequirements>full sun, partial sun or partial shade</lightrequirements>
    <soilsalttolerance>unknown</soilsalttolerance>
    <droughttolerance>high</droughttolerance>
    <soildrainagetolerance>well-drained, occasionally wet</soildrainagetolerance>
    <soiltexturetolerance>clay, sand, loam</soiltexturetolerance>
  </culturetolerances>
  <flower>
    <season>flowers in spring</season>
    <color>unknown</color>
    <fragrance>no</fragrance>
    <showiness>not showy</showiness>
  </flower>
  <planttype>tree</planttype>
  <factsheet>ST142</factsheet>
  <use>tree lawn &gt; 6 ft wide, street without sidewalk, shade, highway median, recommended</use>
  <usdahardinesszone>5A-9B</usdahardinesszone>
  <nativeorigin>
    <nativetonorthamerica>no</nativetonorthamerica>
    <recommendedfordryclimates>no</recommendedfordryclimates>
    <nativefloridacounty>Not Native to Florida</nativefloridacounty>
  </nativeorigin>
  <size>
    <height>50 to 75 feet</height>
    <maturespread>35 to 50 feet</maturespread>
    <maintainableheight>not suitable for clipping</maintainableheight>
    <matureheight>40 to 60 feet</matureheight>
    <spread>35 to 50 feet</spread>
  </size>
  <pestsanddiseases>&lt;p align="center"&gt;&lt;b&gt;&lt;u&gt;Pests and Diseases&lt;/u&gt;&lt;/b&gt;&lt;/p&gt;&lt;p align="left"&gt;

No pests or diseases are of major concern.  If this tree responds similarly to Common Hackberry, the trunk can rot following mechanical injury.  Not seen with leaf gall which is so common on  &lt;em&gt;Celtis occidentalis &lt;/em&gt;. &lt;/p&gt;</pestsanddiseases>
  <trunkandbranches>
    <currentyeartwigcolor>green, brown</currentyeartwigcolor>
    <numberoftrunks>typically one trunk</numberoftrunks>
    <pruningrequirement>needed for strong structure</pruningrequirement>
    <showiness>showy</showiness>
    <currentyeartwigthickness>thin</currentyeartwigthickness>
    <trunkandbranchbreakage>susceptible to breakage</trunkandbranchbreakage>
    <woodspecificgravity>unknown</woodspecificgravity>
    <branchdrooping>branches droop</branchdrooping>
    <crownshaft>not applicable</crownshaft>
    <barkthickness>thin bark</barkthickness>
    <thorns>no</thorns>
  </trunkandbranches>
  <fruit>
    <composition>fleshy</composition>
    <attractiontowildlife>attracts birds, attracts squirrels/mammals</attractiontowildlife>
    <edible>no</edible>
    <shape>round</shape>
    <showiness>not showy</showiness>
    <length>less than .5 inch</length>
    <persistant>no</persistant>
    <litter>fruit/leaves a litter problem</litter>
    <color>orange</color>
  </fruit>
  <name>
    <listingname>Japanese Hackberry, Chinese Hackberry, Hackberry, Japanese, Hackberry, Chinese</listingname>
    <family>Ulmaceae</family>
    <pronunciation>SELL-tiss  sye-NEN-sis</pronunciation>
    <species>sinensis</species>
    <genus>Celtis</genus>
    <commonname>Japanese Hackberry, Chinese Hackberry</commonname>
  </name>
  <photographs>
    <entireplant>14429719</entireplant>
    <foliage>13282870</foliage>
    <trunk>12642214</trunk>
  </photographs>
  <crowncanopy>
    <texture>medium</texture>
    <density>moderate</density>
    <shape>round, spreading</shape>
    <uniformity>irregular</uniformity>
  </crowncanopy>
  <other>
    <verticilliumwilt>unknown</verticilliumwilt>
    <outstandingtree>no</outstandingtree>
    <winterinterest>yes</winterinterest>
    <invasivepotential>not assessed or incomplete data</invasivepotential>
    <surfacerooting>can form large surface roots</surfacerooting>
    <availability>rarely available</availability>
    <ozonesensitivity>unknown</ozonesensitivity>
  </other>
  <descriptivetext>&lt;p align="center"&gt;&lt;b&gt;&lt;em&gt;Celtis sinensis &lt;/em&gt;Japanese Hackberry, Chinese Hackberry &lt;/b&gt;&lt;/p&gt;&lt;p align="left"&gt;

Japanese Hackberry reaches a height of 40 to 60 feet, is a rapid-grower, and transplants easily.  It can be 20 to 25 feet tall and wide 10 years after planting.  Trees are very similar to the Common Hackberry,  &lt;em&gt;Celtis occidentalis &lt;/em&gt;, just smaller, and the four-inch-long leaves have wavy, toothed margins.  The mature bark is light grey, rough and corky, and the small, dark orange-colored fruits are relished by birds.  The seeds are hard and people could slip and fall on them if they drop on a hard surface. &lt;/p&gt;&lt;p align="left"&gt;

Skilled pruning is required several times during the first 15 years of life to prevent formation of weak branch crotches and multiple trunks.  It could be used in street plantings where there is plenty of soil space since it tolerates most soils and grows in sun or partial shade, but branches may break out from the trunk if proper pruning and training is not conducted early in the life of the tree. &lt;/p&gt;&lt;p align="left"&gt;

The trunk is often injured if the tree is planted too close to the street in a restricted soil space.  Hackberry has a reputation for internal trunk rot, particularly following mechanical injury to the trunk.  Locate the tree so it will not be injured by mowing equipment or other vehicles, and keep grass away from the base of the trunk so string trimmers will not cause injury. &lt;/p&gt;&lt;p align="left"&gt;

No leaf galls form on the foliage of this species which is quite unlike other species of Hackberry.  But large-diameter surface roots can form (particularly in poorly-drained soil) raising sidewalks and making mowing grass difficult.  Locate the tree eight feet or more from a sidewalk or street to help keep them intact. &lt;/p&gt;&lt;p align="left"&gt;

Japanese Hackberry will grow rapidly in a variety of soil types from moist, fertile soils to hot, dry locations in the full sun.  It is wind- and drought-tolerant once established. &lt;/p&gt;&lt;p align="left"&gt;

Propagation is by seed or cuttings. &lt;/p&gt;</descriptivetext>
  <growthrate>fast</growthrate>
</tree>