<?xml version="1.0" encoding="UTF-8" standalone="no"?><tree>
  <diseases>&lt;p align="center"&gt;&lt;b&gt;&lt;u&gt;Diseases&lt;/u&gt;&lt;/b&gt;&lt;/p&gt;&lt;p align="left"&gt;

Many native and planted trees died slowly from an unknown cause. &lt;/p&gt;&lt;p align="left"&gt;

Several fungi cause leaf spots on Hackberry.  The disease is worse during wet weather but chemical controls are seldom needed. &lt;/p&gt;&lt;p align="left"&gt;

This cultivar is mostly resistant to witches broom.  Witches broom is caused by a mite and powdery mildew.  The main symptom is clusters of twigs scattered throughout the tree crown.  Prune out the clusters of twigs when practical.  Most common on  &lt;em&gt;Celtis occidentalis &lt;/em&gt;. &lt;/p&gt;&lt;p align="left"&gt;

Powdery mildew may coat the leaves with white powder.  The leaves may be uniformly coated or only in patches. &lt;/p&gt;&lt;p align="left"&gt;

Mistletoe is an effective colonizer of Sugarberry, which can kill a tree over a period of time.  It appears as evergreen masses several feet in diameter scattered about the crown. &lt;/p&gt;</diseases>
  <planttype>tree</planttype>
  <size>
    <height>25 to 50 feet</height>
    <maturespread>40 to 50 feet</maturespread>
    <maintainableheight>not suitable for clipping</maintainableheight>
    <matureheight>40 to 55 feet</matureheight>
    <spread>35 to 50 feet</spread>
  </size>
  <use>parking lot island &gt; 200 sq ft, urban tolerant, street without sidewalk, reclamation, shade, highway median, tree lawn 4-6 feet wide, tree lawn &gt; 6 ft wide, recommended</use>
  <flower>
    <season>flowers in spring</season>
    <color>green</color>
    <fragrance>no</fragrance>
    <showiness>not showy</showiness>
  </flower>
  <other>
    <verticilliumwilt>resistant</verticilliumwilt>
    <outstandingtree>no</outstandingtree>
    <winterinterest>yes</winterinterest>
    <invasivepotential>native to North America</invasivepotential>
    <surfacerooting>can form large surface roots</surfacerooting>
    <availability>generally available</availability>
    <ozonesensitivity>unknown</ozonesensitivity>
  </other>
  <fruit>
    <composition>fleshy</composition>
    <attractiontowildlife>attracts birds, attracts squirrels/mammals</attractiontowildlife>
    <edible>no</edible>
    <shape>round</shape>
    <showiness>not showy</showiness>
    <length>less than .5 inch</length>
    <persistant>no</persistant>
    <litter>fruit/leaves a litter problem</litter>
    <color>red, purple, black</color>
  </fruit>
  <factsheet>ST141</factsheet>
  <growthrate>fast</growthrate>
  <crowncanopy>
    <texture>medium</texture>
    <density>dense</density>
    <shape>round, oval</shape>
    <uniformity>irregular</uniformity>
  </crowncanopy>
  <photographs>
    <entireplant>7102498</entireplant>
    <fall>8303284</fall>
    <fruit>4040110</fruit>
    <foliage>13541745</foliage>
  </photographs>
  <name>
    <listingname>`Prairie Pride' Common Hackberry, Hackberry, `Prairie Pride' Common</listingname>
    <family>Ulmaceae</family>
    <pronunciation>SELL-tiss  ock-sih-den-TAY-liss</pronunciation>
    <species>occidentalis</species>
    <genus>Celtis</genus>
    <cultivar>'Prairie Pride'</cultivar>
    <commonname>'Prairie Pride' Common Hackberry</commonname>
  </name>
  <trunkandbranches>
    <currentyeartwigcolor>green, brown</currentyeartwigcolor>
    <numberoftrunks>typically one trunk</numberoftrunks>
    <pruningrequirement>needed for strong structure</pruningrequirement>
    <showiness>showy</showiness>
    <currentyeartwigthickness>thin</currentyeartwigthickness>
    <trunkandbranchbreakage>resistant</trunkandbranchbreakage>
    <woodspecificgravity>0.53</woodspecificgravity>
    <branchdrooping>branches don't droop</branchdrooping>
    <crownshaft>not applicable</crownshaft>
    <barkthickness>thin bark</barkthickness>
    <thorns>no</thorns>
  </trunkandbranches>
  <rangemap>Range Map RM3B9A</rangemap>
  <descriptivetext>&lt;p align="center"&gt;&lt;b&gt;&lt;em&gt;Celtis occidentalis &lt;/em&gt; `Prairie Pride' `Prairie Pride' Common Hackberry &lt;/b&gt;&lt;/p&gt;&lt;p align="left"&gt;

The tree forms a rounded vase reaching a height of 40 to 50 feet, is a moderately-rapid grower. The mature bark is light gray, rough and corky and the small fruit turns from orange red to purple and is relished by birds.  The fruit temporarily stains walks but this cultivar fruits far less than the species.  Leaves are wider than  &lt;em&gt;Celtis laevigata &lt;/em&gt; and more serrated.  Hackberry may recover from transplanting from a field nursery slowly due to the extensive, coarsely branched root system, but this can be overcome by planting from containers. &lt;/p&gt;&lt;p align="left"&gt;

Hackberry grows naturally in moist bottomland soil but will grow rapidly in a variety of soil types from moist, fertile soils to hot, dry, rocky locations in the full sun.  Hackberry is tolerant of highly alkaline soil whereas Sugarberry is not.  It is wind, drought, salt and pollution tolerant once established and is considered a moderately tough, urban-tolerant tree.  Skilled pruning is required for the species several times during the first 15 years of life to prevent formation of weak branch crotches and weak multiple trunks.  However, this cultivar reportedly forms a central trunk better than other Hackberries and unlike the species, many branches originate from the trunk.  This should make it easier to train into a strong, well-formed urban tree. &lt;/p&gt;&lt;p align="left"&gt;

The species was extensively used in street plantings in parts of Texas and in other cities as it tolerates most soils except extremely alkaline (pH &amp;gt; 8), and grows in sun or partial shade but branches may break out from the trunk if proper pruning and training is not conducted early in the life of the tree.  Further testing is needed to determine if this cultivar resists breakage better than the species.  Even slight injury to the trunk and branches can initiate decay inside the tree.  If you use this tree, locate it where it will be protected from mechanical injury.  If used along streets where the trunk would be injured, internal root may develop. &lt;/p&gt;&lt;p align="left"&gt;

Prune and thin the canopy to prevent formation of weak, multi-trunk trees.  The tree is susceptible to breakage in ice storms. &lt;/p&gt;</descriptivetext>
  <pestresistance>resistant to pests/diseases</pestresistance>
  <foliage>
    <shape>elliptic (oval)</shape>
    <summercolor>green</summercolor>
    <spiny>no</spiny>
    <type>simple</type>
    <arrangement>alternate</arrangement>
    <bladelength>2 to 4 inches</bladelength>
    <venation>pinnate, bowed</venation>
    <fallcharacteristics>showy</fallcharacteristics>
    <margin>serrate</margin>
    <fallcolor>yellow</fallcolor>
    <persistence>deciduous</persistence>
  </foliage>
  <pests>&lt;p align="center"&gt;&lt;b&gt;&lt;u&gt;Pests&lt;/u&gt;&lt;/b&gt;&lt;/p&gt;&lt;p align="left"&gt;

The most common insect on Hackberry causes the Hackberry nipple gall.  A pouch or gall forms on the lower leaf surface in response to feeding.  There are sprays available if you care to reduce this cosmetic problem. &lt;/p&gt;&lt;p align="left"&gt;

Scales of various types may be found on Hackberry.  These may be controlled with horticultural oil sprays. &lt;/p&gt;</pests>
  <usdahardinesszone>3B-9A</usdahardinesszone>
  <culturetolerances>
    <saltspraytolerance>moderate</saltspraytolerance>
    <soilphtolerance>acidic, alkaline</soilphtolerance>
    <lightrequirements>full sun, partial sun or partial shade</lightrequirements>
    <soilsalttolerance>good</soilsalttolerance>
    <droughttolerance>high</droughttolerance>
    <soildrainagetolerance>well-drained, extended flooding</soildrainagetolerance>
    <soiltexturetolerance>clay, sand, loam</soiltexturetolerance>
  </culturetolerances>
  <nativeorigin>
    <nativetonorthamerica>yes</nativetonorthamerica>
    <recommendedfordryclimates>yes</recommendedfordryclimates>
    <nativefloridacounty>Not Native to Florida</nativefloridacounty>
  </nativeorigin>
  <lifespan>more than 50 years</lifespan>
</tree>