<?xml version="1.0" encoding="UTF-8" standalone="no"?><tree>
  <diseases>&lt;p align="center"&gt;&lt;b&gt;&lt;u&gt;Diseases&lt;/u&gt;&lt;/b&gt;&lt;/p&gt;&lt;p align="left"&gt;

Trunk rot and leaf spots. &lt;/p&gt;&lt;p align="left"&gt;

Several fungi cause leaf spots on Hackberry.  The disease is worse during wet weather but chemical controls are seldom needed. &lt;/p&gt;&lt;p align="left"&gt;

Generally resistant to witches broom.  Witches broom is caused by a mite and powdery mildew.  The main symptom is clusters of abnormally short twigs which are scattered throughout the tree crown.  Prune out the clusters of twigs when practical. &lt;/p&gt;&lt;p align="left"&gt;

Powdery mildew may coat the leaves with white powder.  The leaves may be uniformly coated or only in patches. &lt;/p&gt;&lt;p align="left"&gt;

Sugarberry is a favority host for mistletoe. &lt;/p&gt;</diseases>
  <planttype>tree</planttype>
  <size>
    <height>50 to 75 feet</height>
    <maturespread>35 to 55 feet</maturespread>
    <maintainableheight>not suitable for clipping</maintainableheight>
    <matureheight>40 to 60 feet</matureheight>
    <spread>over 50 feet</spread>
  </size>
  <use>parking lot island &gt; 200 sq ft, urban tolerant, shade, street without sidewalk, reclamation, highway median, specimen, bonsai, tree lawn &gt; 6 ft wide, recommended</use>
  <flower>
    <season>flowers in spring</season>
    <color>green</color>
    <fragrance>no</fragrance>
    <showiness>not showy</showiness>
  </flower>
  <other>
    <verticilliumwilt>unknown</verticilliumwilt>
    <outstandingtree>yes</outstandingtree>
    <winterinterest>yes</winterinterest>
    <invasivepotential>native to North America</invasivepotential>
    <surfacerooting>can form large surface roots</surfacerooting>
    <availability>somewhat available</availability>
    <ozonesensitivity>unknown</ozonesensitivity>
  </other>
  <fruit>
    <composition>fleshy</composition>
    <attractiontowildlife>attracts squirrels/mammals, attracts birds</attractiontowildlife>
    <edible>no</edible>
    <shape>round</shape>
    <showiness>not showy</showiness>
    <length>less than .5 inch</length>
    <persistant>no</persistant>
    <litter>fruit/leaves a litter problem</litter>
    <color>red, black</color>
  </fruit>
  <factsheet>ST139</factsheet>
  <growthrate>moderate</growthrate>
  <crowncanopy>
    <texture>medium</texture>
    <density>moderate</density>
    <shape>round, vase</shape>
    <uniformity>symmetrical</uniformity>
  </crowncanopy>
  <photographs>
    <entireplant>15440119</entireplant>
    <fall>8251128</fall>
    <foliage>602496</foliage>
    <trunk>11031847</trunk>
  </photographs>
  <name>
    <listingname>`All Seasons' Sugarberry, `All Seasons' Sugar Hackberry, Sugarberry, `All Seasons', Hackberry, `All Seasons' Sugar</listingname>
    <family>Ulmaceae</family>
    <pronunciation>SELL-tiss  lee-vih-GAY-tuh</pronunciation>
    <species>laevigata</species>
    <genus>Celtis</genus>
    <cultivar>'All Seasons'</cultivar>
    <commonname>'All Seasons' Sugarberry, `All Seasons' Sugar Hackberry</commonname>
  </name>
  <trunkandbranches>
    <currentyeartwigcolor>green, brown</currentyeartwigcolor>
    <numberoftrunks>typically one trunk</numberoftrunks>
    <pruningrequirement>needed for strong structure</pruningrequirement>
    <showiness>showy</showiness>
    <currentyeartwigthickness>thin</currentyeartwigthickness>
    <trunkandbranchbreakage>resistant</trunkandbranchbreakage>
    <woodspecificgravity>unknown</woodspecificgravity>
    <branchdrooping>branches droop</branchdrooping>
    <crownshaft>not applicable</crownshaft>
    <barkthickness>thin bark</barkthickness>
    <thorns>no</thorns>
  </trunkandbranches>
  <rangemap>Range Map RM5B10B</rangemap>
  <descriptivetext>&lt;p align="center"&gt;&lt;b&gt;&lt;em&gt;Celtis laevigata &lt;/em&gt; `All Seasons' `All Seasons' Sugarberry, `All Seasons' Sugar Hackberry &lt;/b&gt;&lt;/p&gt;&lt;p align="left"&gt;

This very large, broad, fast growing deciduous North American native tree has a rounded vase crown with spreading, pendulous branches.  This cultivar provides for a more uniform crown shape than the species and does not shed twigs as the species does.  The medium-textured, light green leaves turn bright yellow in fall and can be showy in some years.  Fall color is more reliable north of USDA hardiness zone 8b.  Leaves have a longer, more slender tip than  &lt;em&gt;Celtis occidentalis &lt;/em&gt;.  The grey-brown to silvery bark has some warty projections or corky ridges, making it attractive in wintertime but the trunk on most trees is smooth.  Sugarberry commonly reaches 40 to 50 feet in height with a somewhat lesser spread, and makes a wonderful shade tree.  It could be grown and used more in urban areas but, unfortunately, may compartmentalize injury poorly as the species does, resulting in branch and trunk rot. &lt;/p&gt;&lt;p align="left"&gt;

The tiny, red to black, berry-like, sweet fruits attract many birds, and Sugarberry should be included in any natural landscape setting.  It will grow rapidly and require regular pruning and training to develop a strong branch structure and to keep it looking neat in the nursery.  Lack of popularity may be due to the open, awkward appearance of young trees of the species, but this cultivar is much more uniform in shape and the tree should be used more.  Avoid injury to the trunk and existing trees will serve you for many years. &lt;/p&gt;&lt;p align="left"&gt;

Sugarberry will grow in a variety of soil types but grows best in moist, fertile soils in a full sun location, though it will tolerate partial shade.  It is sensitive to highly alkaline soils.  Chlorosis develops on alkaline soil, but witches broom and nipple gall are not a problem as they are on Common Hackberry.  Sugarberry is moderately drought- and salt-tolerant once established and is very adaptable, growing in wet sites fairly well.  Skilled pruning is required several times during the first 15 years of life to prevent formation of weak branch crotches and multiple trunks.  But once this is accomplished, trees should grow with little care.   Avoid pruning large-diameter branches at the trunk since the tree compartmentalizes decay poorly.  A number of southern cities use Sugarberry as a street tree while others ban it.  Give this cultivar a try in some of your urban and suburban plantings. &lt;/p&gt;&lt;p align="left"&gt;

The wood is used in much the same way as elm in the lumber industry for plywood, furniture and veneer. &lt;/p&gt;&lt;p align="left"&gt;

In the North and Midwest, the native  &lt;em&gt;Celtis occidentalis &lt;/em&gt; is used in place of  &lt;em&gt;Celtis laevigata &lt;/em&gt;.  Somewhat similar in overall appearance, it is a smaller tree with a more warty bark and smaller, sandpapery leaves than  &lt;em&gt;Celtis laevigata &lt;/em&gt;. &lt;/p&gt;&lt;p align="left"&gt;

Propagation of the species is by seed.  The cultivar is cutting propagated. &lt;/p&gt;</descriptivetext>
  <pestresistance>free of serious pests and diseases</pestresistance>
  <foliage>
    <shape>ovate, lanceolate</shape>
    <summercolor>green</summercolor>
    <spiny>no</spiny>
    <type>simple</type>
    <arrangement>alternate</arrangement>
    <bladelength>2 to 4 inches</bladelength>
    <venation>pinnate, brachidodrome, reticulate, bowed</venation>
    <fallcharacteristics>showy</fallcharacteristics>
    <margin>serrate</margin>
    <fallcolor>yellow</fallcolor>
    <persistence>deciduous</persistence>
  </foliage>
  <pests>&lt;p align="center"&gt;&lt;b&gt;&lt;u&gt;Pests&lt;/u&gt;&lt;/b&gt;&lt;/p&gt;&lt;p align="left"&gt;

The most common insect on Hackberry causes the Hackberry nipple gall, but this is not much of a problem on this tree.  A pouch or gall forms on the lower leaf surface in response to feeding. &lt;/p&gt;&lt;p align="left"&gt;

Scales of various types may be found on Hackberry.  These may be controlled with horticultural oil sprays. &lt;/p&gt;</pests>
  <usdahardinesszone>5B-11</usdahardinesszone>
  <culturetolerances>
    <saltspraytolerance>high</saltspraytolerance>
    <soilphtolerance>acidic, alkaline</soilphtolerance>
    <lightrequirements>full sun, partial sun or partial shade</lightrequirements>
    <soilsalttolerance>good</soilsalttolerance>
    <droughttolerance>high</droughttolerance>
    <soildrainagetolerance>well-drained, extended flooding</soildrainagetolerance>
    <soiltexturetolerance>sand, loam, clay</soiltexturetolerance>
  </culturetolerances>
  <nativeorigin>
    <nativetonorthamerica>yes</nativetonorthamerica>
    <recommendedfordryclimates>yes</recommendedfordryclimates>
    <nativefloridacounty>Not Native to Florida</nativefloridacounty>
  </nativeorigin>
  <lifespan>25 to 50 years</lifespan>
</tree>