<?xml version="1.0" encoding="UTF-8" standalone="no"?><tree>
  <foliage>
    <shape>ovate</shape>
    <summercolor>green</summercolor>
    <spiny>no</spiny>
    <type>simple</type>
    <arrangement>alternate</arrangement>
    <bladelength>4 to 8 inches</bladelength>
    <venation>pinnate, bowed, reticulate</venation>
    <fallcharacteristics>not showy</fallcharacteristics>
    <margin>serrate</margin>
    <fallcolor>yellow</fallcolor>
    <persistence>deciduous</persistence>
  </foliage>
  <rangemap>Range Map RM7B9B</rangemap>
  <pestresistance>resistant to pests/diseases</pestresistance>
  <lifespan>more than 50 years</lifespan>
  <culturetolerances>
    <saltspraytolerance>moderate</saltspraytolerance>
    <soilphtolerance>slightly alkaline, acidic</soilphtolerance>
    <lightrequirements>full sun</lightrequirements>
    <soilsalttolerance>unknown</soilsalttolerance>
    <droughttolerance>high</droughttolerance>
    <soildrainagetolerance>well-drained</soildrainagetolerance>
    <soiltexturetolerance>clay, sand, loam</soiltexturetolerance>
  </culturetolerances>
  <flower>
    <season>flowers in spring</season>
    <color>unknown</color>
    <fragrance>no</fragrance>
    <showiness>not showy</showiness>
  </flower>
  <planttype>tree</planttype>
  <factsheet>ST137</factsheet>
  <use>tree lawn &gt; 6 ft wide, street without sidewalk, reclamation, shade, bonsai, highway median, recommended</use>
  <usdahardinesszone>7B-9B</usdahardinesszone>
  <nativeorigin>
    <nativetonorthamerica>no</nativetonorthamerica>
    <recommendedfordryclimates>no</recommendedfordryclimates>
    <nativefloridacounty>Not Native to Florida</nativefloridacounty>
  </nativeorigin>
  <size>
    <height>50 to 75 feet</height>
    <maturespread>40 to 50 feet</maturespread>
    <maintainableheight>not suitable for clipping</maintainableheight>
    <matureheight>40 to 70 feet</matureheight>
    <spread>35 to 50 feet</spread>
  </size>
  <pestsanddiseases>&lt;p align="center"&gt;&lt;b&gt;&lt;u&gt;Pests and Diseases&lt;/u&gt;&lt;/b&gt;&lt;/p&gt;&lt;p align="left"&gt;

No pests or diseases are of major concern but twigs may occasionally die from the parasitic fungus which causes witches' broom.  Affected wood should simply be removed when noticed.  It is not often seen with the leaf gall which is so common on  &lt;em&gt;Celtis occidentalis &lt;/em&gt;. &lt;/p&gt;</pestsanddiseases>
  <trunkandbranches>
    <currentyeartwigcolor>green, brown</currentyeartwigcolor>
    <numberoftrunks>typically one trunk</numberoftrunks>
    <pruningrequirement>needed for strong structure</pruningrequirement>
    <showiness>showy</showiness>
    <currentyeartwigthickness>thin</currentyeartwigthickness>
    <trunkandbranchbreakage>susceptible to breakage</trunkandbranchbreakage>
    <woodspecificgravity>unknown</woodspecificgravity>
    <branchdrooping>branches droop</branchdrooping>
    <crownshaft>not applicable</crownshaft>
    <barkthickness>thin bark</barkthickness>
    <thorns>no</thorns>
  </trunkandbranches>
  <fruit>
    <composition>fleshy</composition>
    <attractiontowildlife>attracts squirrels/mammals, attracts birds</attractiontowildlife>
    <edible>no</edible>
    <shape>round</shape>
    <showiness>not showy</showiness>
    <length>less than .5 inch</length>
    <persistant>no</persistant>
    <litter>fruit/leaves a litter problem</litter>
    <color>purple</color>
  </fruit>
  <name>
    <listingname>Mediterranean Hackberry, European Hackberry, Hackberry, Mediterranean, Hackberry, European</listingname>
    <family>Ulmaceae</family>
    <pronunciation>SELL-tiss  oss-TRAY-liss</pronunciation>
    <species>australis</species>
    <genus>Celtis</genus>
    <commonname>Mediterranean Hackberry, European Hackberry</commonname>
  </name>
  <photographs>
    <foliage>6198542</foliage>
    <trunk>8236457</trunk>
    <spring>13141892</spring>
    <fruit>1882499</fruit>
    <other>12935948</other>
    <entireplant>7632882</entireplant>
  </photographs>
  <crowncanopy>
    <texture>medium</texture>
    <density>moderate</density>
    <shape>round, spreading</shape>
    <uniformity>irregular</uniformity>
  </crowncanopy>
  <other>
    <verticilliumwilt>unknown</verticilliumwilt>
    <outstandingtree>no</outstandingtree>
    <winterinterest>yes</winterinterest>
    <invasivepotential>not assessed or incomplete data</invasivepotential>
    <surfacerooting>can form large surface roots</surfacerooting>
    <availability>rarely available</availability>
    <ozonesensitivity>unknown</ozonesensitivity>
  </other>
  <descriptivetext>&lt;p align="center"&gt;&lt;b&gt;&lt;em&gt;Celtis australis &lt;/em&gt;Mediterranean Hackberry, European Hackberry &lt;/b&gt;&lt;/p&gt;&lt;p align="left"&gt;

European Hackberry is a deciduous tree, 40 to 70 feet tall by 40 to 50 feet wide, with smooth, light grey, somewhat warty bark and a wide, broad, rounded canopy, making it a good potential shade tree.  The six-inch-long, sharply toothed leaves are dark grey/green throughout the year fading to a pale yellow before falling in autumn.  Tiny, round, dark purple fruits hang in short clusters and are extremely popular with birds and other wildlife.  But they are hard and people can roll and slip on them when they drop onto sidewalks and other hard surfaces. &lt;/p&gt;&lt;p align="left"&gt;

Trees benefit from some pruning in the nursery and landscape.  Often, there are only a small number of large-diameter branches in the crown, and these can develop embedded bark next to the trunk if they are allowed to become very large relative to the size of the trunk.  This problem can be avoided by pruning back these branches to slow their growth so more, smaller-diameter dominant branches develop in the crown.  Be sure that branches arise from the trunk at a wide angle, and slow the growth of these branches by pruning.  This will help the tree develop a strong branch structure since Hackberry appears to develop embedded bark on major branches more often than some other trees.  But large-diameter surface roots can form (particularly in poorly-drained soil) raising sidewalks and making mowing grass difficult.  Locate the tree eight feet or more from a sidewalk or street to help keep them intact. &lt;/p&gt;&lt;p align="left"&gt;

Hackberry has a reputation for internal trunk rot, particularly following mechanical injury to the trunk.  Locate the tree so it will not be injured by mowing equipment or other vehicles, and keep grass away from the base of the trunk so string trimmers will not cause injury. &lt;/p&gt;&lt;p align="left"&gt;

European Hackberry will display quickest growth in full sun on moist soil but will tolerate poorer soil conditions very well with slower growth.  It is moderately drought-tolerant. &lt;/p&gt;&lt;p align="left"&gt;

Propagation is by seed, layering, and cuttings. &lt;/p&gt;</descriptivetext>
  <growthrate>fast</growthrate>
</tree>