<?xml version="1.0" encoding="UTF-8" standalone="no"?><tree>
  <diseases>&lt;p align="center"&gt;&lt;b&gt;&lt;u&gt;Diseases&lt;/u&gt;&lt;/b&gt;&lt;/p&gt;&lt;p align="left"&gt;

Canker is the biggest problem with Redbud.  The fungus enters through wounds or dead and dying branches.  Dieback begins as a canker on a branch.  The cankers, at first small and sunken, enlarge to girdle the branch.  Bark in the canker turns black and a crack forms between diseased and healthy bark.  Once girdled, the part of the stem beyond the canker wilts and dies.  There is no chemical control.  Prune out diseased branches.  &lt;/p&gt;&lt;p align="left"&gt;

Leaf spots can be a problem during wet weather.  Since the disease is rarely serious, no chemical controls are suggested.  &lt;/p&gt;&lt;p align="left"&gt;

Verticillium wilt attacks and kills Redbud.  Fertilize affected trees and prune out wilted branches.  &lt;/p&gt;</diseases>
  <planttype>tree</planttype>
  <size>
    <height>15 to 25 feet</height>
    <maturespread>15 to 20 feet</maturespread>
    <maintainableheight>not suitable for clipping</maintainableheight>
    <matureheight>20 to 25 feet</matureheight>
    <spread>15 to 25 feet</spread>
  </size>
  <use>street without sidewalk, sidewalk cutout (tree pit), deck or patio, shade, specimen, reclamation, highway median, tree lawn &gt; 6 ft wide, tree lawn 4-6 feet wide, tree lawn 3-4 feet wide, parking lot island &gt; 200 sq ft, parking lot island 100-200 sq ft, parking lot island &lt; 100 sq ft, container or planter, recommended</use>
  <flower>
    <season>flowers in spring</season>
    <color>pink, purple, lavender</color>
    <fragrance>no</fragrance>
    <showiness>very showy</showiness>
  </flower>
  <other>
    <verticilliumwilt>susceptible</verticilliumwilt>
    <outstandingtree>yes</outstandingtree>
    <winterinterest>no</winterinterest>
    <invasivepotential>not a problem species</invasivepotential>
    <surfacerooting>not a problem</surfacerooting>
    <availability>somewhat available</availability>
    <ozonesensitivity>unknown</ozonesensitivity>
  </other>
  <fruit>
    <composition>dry or hard</composition>
    <attractiontowildlife>attracts birds</attractiontowildlife>
    <edible>no</edible>
    <shape>elongated, pod or pod-like</shape>
    <showiness>showy</showiness>
    <length>1 to 3 inches</length>
    <persistant>yes</persistant>
    <litter>fruit/leaves not a litter problem</litter>
    <color>purple</color>
  </fruit>
  <factsheet>ST153</factsheet>
  <growthrate>fast</growthrate>
  <crowncanopy>
    <texture>coarse</texture>
    <density>moderate</density>
    <shape>round, vase</shape>
    <uniformity>irregular</uniformity>
  </crowncanopy>
  <photographs>
    <spring>593683</spring>
    <entireplant>8834559</entireplant>
    <fruit>15538164</fruit>
    <other>1430737</other>
    <foliage>8427978</foliage>
  </photographs>
  <name>
    <listingname>Oklahoma Redbud, Redbud, Oklahoma</listingname>
    <family>Leguminosae</family>
    <pronunciation>SER-sis  renn-ih-FOR-miss</pronunciation>
    <species>reniformis</species>
    <genus>Cercis</genus>
    <cultivar>'Oklahoma'</cultivar>
    <commonname>Oklahoma Redbud</commonname>
  </name>
  <trunkandbranches>
    <currentyeartwigcolor>brown</currentyeartwigcolor>
    <numberoftrunks>can be trained to one trunk, typically multi-trunked</numberoftrunks>
    <pruningrequirement>needed for strong structure</pruningrequirement>
    <showiness>not showy</showiness>
    <currentyeartwigthickness>medium</currentyeartwigthickness>
    <trunkandbranchbreakage>susceptible to breakage</trunkandbranchbreakage>
    <woodspecificgravity>unknown</woodspecificgravity>
    <branchdrooping>branches droop</branchdrooping>
    <crownshaft>not applicable</crownshaft>
    <barkthickness>thin bark</barkthickness>
    <thorns>no</thorns>
  </trunkandbranches>
  <rangemap>Range Map RM6B9A</rangemap>
  <descriptivetext>&lt;p align="center"&gt;&lt;b&gt;&lt;em&gt;Cercis reniformis &lt;/em&gt; `Oklahoma' `Oklahoma' Redbud &lt;/b&gt;&lt;/p&gt;&lt;p align="left"&gt;

`Oklahoma' Redbud is a deciduous tree, native to southwestern North America including Texas, which reaches 30 to 40 feet in height with a 15 to 20-foot width, and grows slowly into a rounded or vase shape.  Young trees are a bit irregularly-shaped and benefit from some training and pruning to form an upright, more uniform crown.  The incredibly shiny, thick, leathery, dark green leaves have rounded or notched tips, are two to three inches wide, and turn yellow before dropping in the fall.  The deep pink to red flowers appear in profusion up and down the tree limbs in springtime, well before the leaves begin to emerge, creating probably the best Redbud display.  The four-inch-long seedpods which follow are a lovely purple color and remain on the tree well into the winter. &lt;/p&gt;&lt;p align="left"&gt;

The tree usually branches low on the trunk and if left intact forms a graceful multitrunked habit.  Be sure to avoid weak forks by pruning to reduce the size of lateral branches and saving those which form a `U'-shaped crotch, not a `V'.  Keep them less than half the diameter of the main trunk to increase the longevity of the tree.  This will reduce branch splitting.  The low branching habit makes Redbud ideal for use as a specimen, deck, or patio tree, and it is especially suited for planting on 15-foot-centers on both sides of an entry walk or long entrance driveway.  Unfortunately, disease often shortens its life, but the tree puts on quite a show for a couple of decades and it is well worth the effort to have to replant at this time. &lt;/p&gt;&lt;p align="left"&gt;

`Oklahoma' Redbud should be grown in full sun or partial shade on moist, well-drained soil.  This is one of the nicest (if not the nicest) Redbuds and should be grown by the industry.  The glossy leaves always draw attention to the tree even by those unconcerned about trees.  It is highly drought tolerant once established and grows well in all areas within its hardiness range. &lt;/p&gt;&lt;p align="left"&gt;

Propagation is by budding only. &lt;/p&gt;</descriptivetext>
  <pestresistance>resistant to pests/diseases</pestresistance>
  <foliage>
    <shape>orbiculate, ovate, cordate</shape>
    <summercolor>green</summercolor>
    <spiny>no</spiny>
    <type>simple</type>
    <arrangement>alternate</arrangement>
    <bladelength>2 to 4 inches</bladelength>
    <venation>palmate</venation>
    <fallcharacteristics>showy</fallcharacteristics>
    <margin>entire</margin>
    <fallcolor>yellow</fallcolor>
    <persistence>deciduous</persistence>
  </foliage>
  <pests>&lt;p align="center"&gt;&lt;b&gt;&lt;u&gt;Pests&lt;/u&gt;&lt;/b&gt;&lt;/p&gt;&lt;p align="left"&gt;

Treehoppers lay eggs under the bark of twigs.  The insect itself is not seen but the white, sticky froth covering the eggs is quite noticeable. &lt;/p&gt;&lt;p align="left"&gt;

Scale insects can usually be controlled with horticultural sprays.  &lt;/p&gt;</pests>
  <usdahardinesszone>6B-9A</usdahardinesszone>
  <culturetolerances>
    <saltspraytolerance>none</saltspraytolerance>
    <soilphtolerance>acidic, alkaline</soilphtolerance>
    <lightrequirements>full sun, partial sun or partial shade</lightrequirements>
    <soilsalttolerance>unknown</soilsalttolerance>
    <droughttolerance>high</droughttolerance>
    <soildrainagetolerance>well-drained</soildrainagetolerance>
    <soiltexturetolerance>clay, sand, loam</soiltexturetolerance>
  </culturetolerances>
  <nativeorigin>
    <nativestate>Native But State Unknown</nativestate>
    <nativetonorthamerica>yes</nativetonorthamerica>
    <recommendedfordryclimates>yes</recommendedfordryclimates>
    <nativefloridacounty>Not Native to Florida</nativefloridacounty>
  </nativeorigin>
  <lifespan>25 to 50 years</lifespan>
</tree>