<?xml version="1.0" encoding="UTF-8" standalone="no"?><tree>
  <diseases>&lt;p align="center"&gt;&lt;b&gt;&lt;u&gt;Diseases&lt;/u&gt;&lt;/b&gt;&lt;/p&gt;&lt;p align="left"&gt;

Canker is the biggest problem with Eastern Redbud.  Dieback begins as a canker on a branch.  The cankers, at first small and sunken, enlarge to girdle the branch.  Bark in the canker turns black and a crack forms between diseased and healthy bark.  The fungus enters through wounds or dead and dying branches.  Once girdled, the part of the stem beyond the canker wilts and dies.  There is no chemical control.  Prune out diseased branches. &lt;/p&gt;&lt;p align="left"&gt;

Leaf spots can be a problem during wet weather.  Since the disease is rarely serious, no chemical controls are suggested. &lt;/p&gt;&lt;p align="left"&gt;

Verticillium wilt attacks and kills Eastern Redbud. &lt;/p&gt;</diseases>
  <planttype>tree</planttype>
  <size>
    <height>25 to 50 feet</height>
    <maturespread>15 to 25 feet</maturespread>
    <maintainableheight>not suitable for clipping</maintainableheight>
    <matureheight>20 to 30 feet</matureheight>
    <spread>15 to 25 feet</spread>
  </size>
  <use>tree lawn 3-4 feet wide, tree lawn 4-6 feet wide, tree lawn &gt; 6 ft wide, street without sidewalk, sidewalk cutout (tree pit), container or planter, parking lot island &lt; 100 sq ft, parking lot island 100-200 sq ft, parking lot island &gt; 200 sq ft, deck or patio, shade, specimen, reclamation, highway median, recommended</use>
  <flower>
    <season>flowers in spring</season>
    <color>pink, lavender, purple</color>
    <fragrance>no</fragrance>
    <showiness>very showy</showiness>
  </flower>
  <other>
    <verticilliumwilt>susceptible</verticilliumwilt>
    <outstandingtree>no</outstandingtree>
    <winterinterest>no</winterinterest>
    <invasivepotential>not a problem species</invasivepotential>
    <surfacerooting>not a problem</surfacerooting>
    <availability>generally available</availability>
    <ozonesensitivity>sensitive</ozonesensitivity>
  </other>
  <fruit>
    <composition>dry or hard</composition>
    <attractiontowildlife>little</attractiontowildlife>
    <edible>no</edible>
    <shape>pod or pod-like</shape>
    <showiness>showy</showiness>
    <length>1 to 3 inches</length>
    <persistant>yes</persistant>
    <litter>fruit/leaves not a litter problem</litter>
    <color>brown</color>
  </fruit>
  <factsheet>ST145</factsheet>
  <growthrate>fast</growthrate>
  <crowncanopy>
    <texture>coarse</texture>
    <density>moderate</density>
    <shape>vase, round</shape>
    <uniformity>irregular</uniformity>
  </crowncanopy>
  <photographs>
    <foliage>15524691</foliage>
    <trunk>2397244</trunk>
    <flower>16409309</flower>
    <fruit>10816835</fruit>
    <other>12758145</other>
    <fall>16125009</fall>
  </photographs>
  <name>
    <listingname>Eastern Redbud, Redbud, Eastern</listingname>
    <family>Leguminosae</family>
    <pronunciation>SER-sis  kan-uh-DEN-sis</pronunciation>
    <species>canadensis</species>
    <genus>Cercis</genus>
    <commonname>Eastern Redbud</commonname>
  </name>
  <trunkandbranches>
    <currentyeartwigcolor>brown</currentyeartwigcolor>
    <numberoftrunks>can be trained to one trunk, typically multi-trunked</numberoftrunks>
    <pruningrequirement>needed for strong structure</pruningrequirement>
    <showiness>not showy</showiness>
    <currentyeartwigthickness>medium</currentyeartwigthickness>
    <trunkandbranchbreakage>susceptible to breakage</trunkandbranchbreakage>
    <woodspecificgravity>unknown</woodspecificgravity>
    <branchdrooping>branches droop</branchdrooping>
    <crownshaft>not applicable</crownshaft>
    <barkthickness>thin bark</barkthickness>
    <thorns>no</thorns>
  </trunkandbranches>
  <rangemap>Range Map RM4B9A</rangemap>
  <descriptivetext>&lt;p align="center"&gt;&lt;b&gt;&lt;em&gt;Cercis canadensis &lt;/em&gt;Eastern Redbud &lt;/b&gt;&lt;/p&gt;&lt;p align="left"&gt;

The state tree of Oklahoma, Eastern Redbud is a moderate to rapid-grower when young, reaching a height of 20 to 30 feet.  Thirty-year-old specimens are rare but they can reach 35 feet in height forming a rounded vase.  Trees of this size are often found on moist sites.  The splendid purple-pink flowers appear all over the tree in spring, just before the leaves emerge.  Eastern Redbud has an irregular growth habit when young but forms a graceful flat-topped vase-shape as it gets older.  The tree usually branches low on the trunk, and if left intact forms a graceful multitrunked habit.  Be sure to avoid weak forks by pruning to reduce the size of lateral branches and save those which form a `U'-shaped crotch, not a `V'.  Keep them less than half the diameter of the main trunk to increase longevity of the tree.  Do not allow multiple trunks to grow with tight crotches, instead space branches about 6 to 10 inches apart along a main trunk.  Yellow (although somewhat variable and unreliable) fall color and tolerance to partial shade make this a suitable, attractive tree for understory or specimen planting.  Best not used extensively as a street tree due to low disease resistance and short life, but is nice in commercial and residential landscapes.  Plant in a shrub border for a spring and fall color display.   &lt;/p&gt;&lt;p align="left"&gt;

Eastern Redbuds grow well in full sun in the northern part of its range but will benefit from some shade in the southern zones, particularly in the lower mid-west where summers are hot.  Best growth occurs in a light, rich, moist soil but Eastern Redbud adapts well to a variety of soil including sandy or alkaline.  Trees look better when they receive some irrigation in summer dry spells.  Its native habitat ranges from stream bank to dry ridge, demonstrating its adaptability.  Trees are sold as single or multistemmed.  Young trees are easiest to transplant and survive best when planted in the spring or fall.  Containerized trees can be planted anytime.  The beans provide food for some birds.  Trees are short-lived but provide a wonderful show in the spring and fall. &lt;/p&gt;&lt;p align="left"&gt;

Several cultivars of Eastern Redbud may be seen: forma  &lt;em&gt;alba &lt;/em&gt; - white flowers, blooms about a week later; `Pink Charm' - flowers pink; `Pinkbud' - flowers pink; `Purple Leaf' - young foliage purple; `Silver Cloud' - leaves variegated with white; `Flame' - more erect branching, flowers double, blooms later, sterile so no seed pods form.  `Forest Pansy' is a particularly attractive cultivar with purple-red leaves in the spring, but color fades to green in the summer in the south.   &lt;em&gt;Cercis canadensis &lt;/em&gt; var.  &lt;em&gt;texensis &lt;/em&gt; `Texas White' and  &lt;em&gt;Cercis reniformis &lt;/em&gt; `Oklahoma' have far superior foliage and make wonderful substitutes for Eastern Redbud, particularly in non-irrigated areas.  These are also better for central and western Oklahoma and Texas, as is the Mexican Redbud. &lt;/p&gt;&lt;p align="left"&gt;

Cercis are best propagated by seed.  Use ripe seed to plant directly, or, if seed has been stored, stratification is necessary before sowing in a greenhouse.  Cultivars can be propagated by grafting onto seedlings, or by summer cuttings under mist or in a greenhouse. &lt;/p&gt;</descriptivetext>
  <pestresistance>resistant to pests/diseases</pestresistance>
  <foliage>
    <shape>ovate, orbiculate</shape>
    <summercolor>green</summercolor>
    <spiny>no</spiny>
    <type>simple</type>
    <arrangement>alternate</arrangement>
    <bladelength>2 to 4 inches, 4 to 8 inches</bladelength>
    <venation>palmate, reticulate, brachidodrome, pinnate</venation>
    <fallcharacteristics>showy</fallcharacteristics>
    <margin>entire</margin>
    <fallcolor>yellow</fallcolor>
    <persistence>deciduous</persistence>
  </foliage>
  <pests>&lt;p align="center"&gt;&lt;b&gt;&lt;u&gt;Pests&lt;/u&gt;&lt;/b&gt;&lt;/p&gt;&lt;p align="left"&gt;

Borers attack the trunk of older and stressed trees.  Keep the plant vigorous. &lt;/p&gt;&lt;p align="left"&gt;

Scale insects can usually be controlled with horticultural sprays. &lt;/p&gt;&lt;p align="left"&gt;

Webworm can defoliate parts of the tree in summer and fall. &lt;/p&gt;</pests>
  <usdahardinesszone>4B-9A</usdahardinesszone>
  <culturetolerances>
    <saltspraytolerance>none</saltspraytolerance>
    <soilphtolerance>alkaline, acidic</soilphtolerance>
    <lightrequirements>full sun, partial sun or partial shade</lightrequirements>
    <soilsalttolerance>poor</soilsalttolerance>
    <droughttolerance>high</droughttolerance>
    <soildrainagetolerance>occasionally wet, well-drained</soildrainagetolerance>
    <soiltexturetolerance>clay, sand, loam</soiltexturetolerance>
  </culturetolerances>
  <nativeorigin>
    <nativestate>Iowa, Nebraska, Kansas, Oklahoma, Texas, Missouri, Arkansas, Louisiana, Illinois, Indiana, Michigan, Ohio, Pennsylvania, West Virginia, Virginia, New Jersey, Maryland, District of Columbia, North Carolina, South Carolina, Florida, Georgia, Alabama, Mississippi, Tennessee, Kentucky</nativestate>
    <nativetonorthamerica>yes</nativetonorthamerica>
    <recommendedfordryclimates>no</recommendedfordryclimates>
    <nativefloridacounty>Alachua, Citrus, Clay, Columbia, Dixie, Escambia, Franklin, Gadsden, Gilchrist, Hamilton, Hernando, Jackson, Jefferson, Lake, Leon, Levy, Liberty, Madison, Marion, Polk, Santa Rosa, Suwannee, Sumter, Taylor, Washington</nativefloridacounty>
  </nativeorigin>
  <lifespan>25 to 50 years</lifespan>
</tree>