<?xml version="1.0" encoding="UTF-8" standalone="no"?><tree>
  <foliage>
    <shape>ovate, orbiculate</shape>
    <summercolor>green</summercolor>
    <spiny>no</spiny>
    <type>simple</type>
    <arrangement>opposite/subopposite</arrangement>
    <bladelength>2 to 4 inches</bladelength>
    <venation>palmate, reticulate</venation>
    <fallcharacteristics>showy</fallcharacteristics>
    <margin>crenate</margin>
    <fallcolor>yellow</fallcolor>
    <persistence>deciduous</persistence>
  </foliage>
  <rangemap>Range Map RM4B8B</rangemap>
  <pestresistance>free of serious pests and diseases</pestresistance>
  <lifespan>more than 50 years</lifespan>
  <culturetolerances>
    <saltspraytolerance>moderate</saltspraytolerance>
    <soilphtolerance>slightly alkaline, acidic</soilphtolerance>
    <lightrequirements>full sun, partial sun or partial shade</lightrequirements>
    <soilsalttolerance>unknown</soilsalttolerance>
    <droughttolerance>moderate</droughttolerance>
    <soildrainagetolerance>well-drained</soildrainagetolerance>
    <soiltexturetolerance>clay, sand, loam</soiltexturetolerance>
  </culturetolerances>
  <flower>
    <season>flowers in spring</season>
    <color>green</color>
    <fragrance>no</fragrance>
    <showiness>not showy</showiness>
  </flower>
  <planttype>tree</planttype>
  <factsheet>ST143</factsheet>
  <use>shade, street without sidewalk, specimen, parking lot island 100-200 sq ft, parking lot island &gt; 200 sq ft, tree lawn 4-6 feet wide, tree lawn &gt; 6 ft wide, highway median, recommended</use>
  <usdahardinesszone>4B-8B</usdahardinesszone>
  <nativeorigin>
    <nativetonorthamerica>no</nativetonorthamerica>
    <recommendedfordryclimates>no</recommendedfordryclimates>
    <nativefloridacounty>Not Native to Florida</nativefloridacounty>
  </nativeorigin>
  <size>
    <height>25 to 50 feet</height>
    <maturespread>35 to 60 feet</maturespread>
    <maintainableheight>not suitable for clipping</maintainableheight>
    <matureheight>40 to 60 feet</matureheight>
    <spread>25 to 35 feet</spread>
  </size>
  <pestsanddiseases>&lt;p align="center"&gt;&lt;b&gt;&lt;u&gt;Pests and diseases&lt;/u&gt;&lt;/b&gt;&lt;/p&gt;&lt;p align="left"&gt;

None serious.  Occasionally chewing insects eat the foliage. &lt;/p&gt;</pestsanddiseases>
  <trunkandbranches>
    <currentyeartwigcolor>brown</currentyeartwigcolor>
    <numberoftrunks>typically multi-trunked, can be trained to one trunk</numberoftrunks>
    <pruningrequirement>needed for strong structure</pruningrequirement>
    <showiness>showy</showiness>
    <currentyeartwigthickness>thin</currentyeartwigthickness>
    <trunkandbranchbreakage>susceptible to breakage</trunkandbranchbreakage>
    <woodspecificgravity>unknown</woodspecificgravity>
    <branchdrooping>branches droop</branchdrooping>
    <crownshaft>not applicable</crownshaft>
    <barkthickness>thick</barkthickness>
    <thorns>no</thorns>
  </trunkandbranches>
  <fruit>
    <composition>dry or hard</composition>
    <attractiontowildlife>little</attractiontowildlife>
    <edible>no</edible>
    <shape>pod or pod-like, elongated</shape>
    <showiness>not showy</showiness>
    <length>.5 to 1 inch</length>
    <persistant>no</persistant>
    <litter>fruit/leaves not a litter problem</litter>
    <color>unknown</color>
  </fruit>
  <name>
    <listingname>Katsuratree</listingname>
    <family>Cercidiphyllaceae</family>
    <pronunciation>ser-sih-dih-FILL-um  juh-PAWN-ih-kum</pronunciation>
    <species>japonicum</species>
    <genus>Cercidiphyllum</genus>
    <commonname>Katsuratree</commonname>
  </name>
  <photographs>
    <foliage>11337174</foliage>
    <trunk>12564843</trunk>
    <flower>15729662</flower>
    <other>6660328</other>
    <fall>9536634</fall>
    <entireplant>537549</entireplant>
  </photographs>
  <crowncanopy>
    <texture>medium</texture>
    <density>moderate</density>
    <shape>oval, upright/erect, pyramidal, spreading</shape>
    <uniformity>symmetrical</uniformity>
  </crowncanopy>
  <other>
    <verticilliumwilt>resistant</verticilliumwilt>
    <outstandingtree>yes</outstandingtree>
    <winterinterest>yes</winterinterest>
    <invasivepotential>not assessed or incomplete data</invasivepotential>
    <surfacerooting>can form large surface roots</surfacerooting>
    <availability>generally available</availability>
    <ozonesensitivity>unknown</ozonesensitivity>
  </other>
  <descriptivetext>&lt;p align="center"&gt;&lt;b&gt;&lt;em&gt;Cercidiphyllum japonicum &lt;/em&gt;Katsuratree &lt;/b&gt;&lt;/p&gt;&lt;p align="left"&gt;

Katsuratree grows best in a sunny exposure and in a moist soil, but is considered drought-tolerant once established.  The tree reaches a mature height and spread of 40 to 60 feet with a symmetrical canopy and new growth is reddish turning a light pale green.  Fall color is a spectacular yellow, with some red.  The growth rate is moderately rapid when young but slows down with age.  The tree has a shallow root system and some of the roots can grow to six inches in diameter or more above the soil.  The trunk normally flares out at the base, gracefully dividing into the numerous shallow roots often prominent at the soil surface. &lt;/p&gt;&lt;p align="left"&gt;

Katsuratree has an oval or pyramidal form in youth becoming more upright spreading with age and makes a good shade tree for residential property due to the medium stature.  Male trees are more upright, female trees are more spreading.  It may also have uses as a street tree where there is adequate soil space to prevent surface roots from raising walks and curbing.  Select single stemmed specimens for street tree use and be sure that the major limbs are well spaced along a central trunk to prevent branches from splitting from the tree.  Multistemmed trees are also sold and they make nice specimens for lawn and park areas, not street trees.  Katsuratree has proven to be fairly pest free.  Transplant in spring. &lt;/p&gt;&lt;p align="left"&gt;

Katsuratree is intolerant of drought and should be protected from direct exposure to wind.  Leaves often drop in mid to late summer in response to dry weather.  Not suited for compacted soil since the shallow roots will be a nuisance for lawn and sidewalk maintenance.  Provide irrigation and keep the soil beneath the canopy mulched.  Coarse root system calls for production in fabric containers, frequent root pruning field-grown stock, or growing in air root-pruned containers. &lt;/p&gt;&lt;p align="left"&gt;

The cultivar `Pendula' grows 15 to 25 feet tall and displays a beautifully graceful, weeping form but it is hard to find. &lt;/p&gt;</descriptivetext>
  <growthrate>fast</growthrate>
</tree>