<?xml version="1.0" encoding="UTF-8" standalone="no"?><tree>
  <foliage>
    <shape>cordate, ovate</shape>
    <summercolor>green</summercolor>
    <spiny>no</spiny>
    <type>simple</type>
    <arrangement>alternate</arrangement>
    <bladelength>2 to 4 inches</bladelength>
    <venation>palmate, reticulate</venation>
    <fallcharacteristics>showy</fallcharacteristics>
    <margin>entire</margin>
    <fallcolor>yellow</fallcolor>
    <persistence>deciduous</persistence>
  </foliage>
  <pestresistance>sensitive to pests/diseases</pestresistance>
  <lifespan>less than 25 years</lifespan>
  <culturetolerances>
    <saltspraytolerance>unknown</saltspraytolerance>
    <soilphtolerance>acidic, alkaline</soilphtolerance>
    <lightrequirements>full sun, partial sun or partial shade</lightrequirements>
    <soilsalttolerance>unknown</soilsalttolerance>
    <droughttolerance>high</droughttolerance>
    <soildrainagetolerance>well-drained</soildrainagetolerance>
    <soiltexturetolerance>sand, loam, clay</soiltexturetolerance>
  </culturetolerances>
  <flower>
    <season>flowers in spring</season>
    <color>pink</color>
    <fragrance>no</fragrance>
    <showiness>very showy</showiness>
  </flower>
  <diseases/>
  <planttype>shrub</planttype>
  <use>specimen</use>
  <usdahardinesszone>6A-8A</usdahardinesszone>
  <nativeorigin>
    <nativestate>Oregon</nativestate>
    <nativetonorthamerica>no</nativetonorthamerica>
    <recommendedfordryclimates>no</recommendedfordryclimates>
    <nativefloridacounty>Not Native to Florida</nativefloridacounty>
  </nativeorigin>
  <size>
    <height>10 to 15 feet</height>
    <maturespread>6 to 10 feet</maturespread>
    <maintainableheight>not suitable for clipping</maintainableheight>
    <matureheight>10 to 15 feet</matureheight>
    <spread>6 to 10 feet</spread>
  </size>
  <factsheet/>
  <trunkandbranches>
    <currentyeartwigcolor>green</currentyeartwigcolor>
    <numberoftrunks>typically multi-trunked, can be trained to one trunk</numberoftrunks>
    <pruningrequirement>little required</pruningrequirement>
    <showiness>not showy</showiness>
    <currentyeartwigthickness>medium</currentyeartwigthickness>
    <trunkandbranchbreakage>resistant</trunkandbranchbreakage>
    <woodspecificgravity>unknown</woodspecificgravity>
    <branchdrooping>branches droop</branchdrooping>
    <crownshaft>not applicable</crownshaft>
    <barkthickness>thick</barkthickness>
    <thorns>no</thorns>
  </trunkandbranches>
  <pests/>
  <fruit>
    <composition>dry or hard</composition>
    <attractiontowildlife>unknown</attractiontowildlife>
    <edible>unknown</edible>
    <shape>pod or pod-like</shape>
    <showiness>showy</showiness>
    <length>unknown</length>
    <persistant>yes</persistant>
    <litter>unknown</litter>
    <color>brown</color>
  </fruit>
  <name>
    <listingname>Cercis chinensis</listingname>
    <family>Fabaceae</family>
    <pronunciation>SIR-sis chi-NEN-sis</pronunciation>
    <species>chinensis</species>
    <genus>Cercis</genus>
    <cultivar/>
    <commonname>Chinese Redbud</commonname>
  </name>
  <photographs>
  </photographs>
  <crowncanopy>
    <texture>fine</texture>
    <density>open</density>
    <shape>round, vase</shape>
    <uniformity>irregular</uniformity>
  </crowncanopy>
  <other>
    <verticilliumwilt>susceptible</verticilliumwilt>
    <outstandingtree>yes</outstandingtree>
    <winterinterest>no</winterinterest>
    <invasivepotential>not assessed or incomplete data</invasivepotential>
    <surfacerooting>not a problem</surfacerooting>
    <availability>somewhat available</availability>
    <ozonesensitivity>unknown</ozonesensitivity>
  </other>
  <descriptivetext>&lt;p align="left"&gt;

Best growth occurs in a light, rich, moist soil but it adapts well to a variety of soil including sandy or alkaline.  It grows well in its native habitat on limestone soils.  Trees look better when they receive some irrigation in summer dry spells, especially if they are located in a restricted soil space.  Trees are sold as single or multi-stemmed.  Young trees are easiest to transplant and survive best when planted in the spring or fall.  Containerized trees can be planted anytime.  Trees are often short-lived but provide a wonderful show in the spring and fall. This plant is well suited for the high desert country, but has been cultivated in the eastern US. Pruning should be completed after flowering and by late spring to ensure next year's flower buds are not removed.&lt;/p&gt;</descriptivetext>
  <growthrate>slow</growthrate>
</tree>