<?xml version="1.0" encoding="UTF-8" standalone="no"?><tree>
  <diseases>&lt;p align="center"&gt;&lt;b&gt;&lt;u&gt;Diseases&lt;/u&gt;&lt;/b&gt;&lt;/p&gt;&lt;p align="left"&gt;

Canker is the biggest problem with Redbud.  Dieback begins as a canker on a branch.  The cankers, at first small and sunken, enlarge to girdle the branch.  Bark in the canker turns black and a crack forms between diseased and healthy bark.  The fungus enters through wounds or dead and dying branches.  Once girdled, the part of the stem beyond the canker wilts and dies.  There is no chemical control.  Prune out diseased branches. &lt;/p&gt;&lt;p align="left"&gt;

Leaf spots can be a problem during wet weather.  Since the disease is rarely serious, no chemical controls are suggested. &lt;/p&gt;&lt;p align="left"&gt;

Verticillium wilt attacks and kills Redbud. &lt;/p&gt;</diseases>
  <planttype>tree</planttype>
  <size>
    <height>15 to 25 feet</height>
    <maturespread>18 to 25 feet</maturespread>
    <maintainableheight>not suitable for clipping</maintainableheight>
    <matureheight>18 to 25 feet</matureheight>
    <spread>15 to 25 feet</spread>
  </size>
  <use>tree lawn 3-4 feet wide, tree lawn 4-6 feet wide, tree lawn &gt; 6 ft wide, sidewalk cutout (tree pit), parking lot island &lt; 100 sq ft, parking lot island 100-200 sq ft, parking lot island &gt; 200 sq ft, deck or patio, shade, specimen, reclamation, highway median, container or planter, street without sidewalk, recommended</use>
  <flower>
    <season>flowers in spring</season>
    <color>pink</color>
    <fragrance>no</fragrance>
    <showiness>very showy</showiness>
  </flower>
  <other>
    <verticilliumwilt>susceptible</verticilliumwilt>
    <outstandingtree>yes</outstandingtree>
    <winterinterest>no</winterinterest>
    <invasivepotential>not a problem species</invasivepotential>
    <surfacerooting>not a problem</surfacerooting>
    <availability>somewhat available</availability>
    <ozonesensitivity>unknown</ozonesensitivity>
  </other>
  <fruit>
    <composition>dry or hard</composition>
    <attractiontowildlife>attracts birds</attractiontowildlife>
    <edible>no</edible>
    <shape>pod or pod-like</shape>
    <showiness>showy</showiness>
    <length>1 to 3 inches</length>
    <persistant>yes</persistant>
    <litter>fruit/leaves not a litter problem</litter>
    <color>brown</color>
  </fruit>
  <factsheet>ST151</factsheet>
  <growthrate>slow</growthrate>
  <crowncanopy>
    <texture>coarse</texture>
    <density>open</density>
    <shape>round, vase</shape>
    <uniformity>irregular</uniformity>
  </crowncanopy>
  <photographs>
    <entireplant>5102262</entireplant>
    <other>10614710</other>
    <foliage>828161</foliage>
  </photographs>
  <name>
    <listingname>Mexican Redbud, Redbud, Mexican</listingname>
    <family>Leguminosae</family>
    <pronunciation>SER-sis  meck-sih-KAY-nuh</pronunciation>
    <species>mexicana</species>
    <genus>Cercis</genus>
    <commonname>Mexican Redbud</commonname>
  </name>
  <trunkandbranches>
    <currentyeartwigcolor>brown</currentyeartwigcolor>
    <numberoftrunks>can be trained to one trunk, typically multi-trunked</numberoftrunks>
    <pruningrequirement>needed for strong structure</pruningrequirement>
    <showiness>not showy</showiness>
    <currentyeartwigthickness>medium</currentyeartwigthickness>
    <trunkandbranchbreakage>susceptible to breakage</trunkandbranchbreakage>
    <woodspecificgravity>unknown</woodspecificgravity>
    <branchdrooping>branches droop</branchdrooping>
    <crownshaft>not applicable</crownshaft>
    <barkthickness>thin bark</barkthickness>
    <thorns>no</thorns>
  </trunkandbranches>
  <rangemap>Range Map RM6B8B</rangemap>
  <descriptivetext>&lt;p align="center"&gt;&lt;b&gt;&lt;em&gt;Cercis mexicana &lt;/em&gt;Mexican Redbud &lt;/b&gt;&lt;/p&gt;&lt;p align="left"&gt;

Mexican Redbud is a moderate to rapid-grower when young, reaching a height of 18 to 25 feet.  The splendid purple-pink flowers appear all over the tree in spring, just before the leaves emerge.  Leaves are considerably smaller than those on Texas Redbud and Eastern Redbud, and the edges are distinctly undulating.  Mexican Redbud has an irregular growth habit when young but forms a graceful flat-topped vase-shape as it gets older.  The tree usually branches low on the trunk, and if left intact forms a graceful multi-trunked habit.  It and Texas Redbud are the best suited Redbuds for western and central Texas and Oklahoma. &lt;/p&gt;&lt;p align="left"&gt;

Be sure to avoid weak forks by pruning to reduce the size of lateral branches and save those which form a `U'-shaped crotch, not a `V'.  Keep them less than half the diameter of the main trunk to increase longevity of the tree.  Do not allow multiple trunks to grow with tight crotches, instead space branches about 6 to 10 inches apart along a main trunk.  Yellow (although somewhat variable and unreliable) fall color and tolerance to partial shade make this a suitable, attractive tree for understory or specimen planting.  Best not used extensively as a street tree due to low disease resistance and short life, but is nice in commercial and residential landscapes.  Plant in a shrub border for a spring and fall color display.   &lt;/p&gt;&lt;p align="left"&gt;

Mexican Redbuds grow well in full sun in the northern part of its range but can benefit from some shade in the southern zones, particularly in the lower mid-west where summers are hot.  Best growth occurs in a light, rich, moist soil but it adapts well to a variety of soil including sandy or alkaline.  It grows well in its native habitat on limestones soils.  Trees look better when they receive some irrigation in summer dry spells, especially if they are located in a restricted soil space.  Trees are sold as single or multi-stemmed.  Young trees are easiest to transplant and survive best when planted in the spring or fall.  Containerized trees can be planted anytime.  The beans provide food for some birds.  Trees are often short-lived but provide a wonderful show in the spring and fall. &lt;/p&gt;&lt;p align="left"&gt;

Cercis are best propagated by seed.  Use ripe seed to plant directly, or, if seed has been stored, stratification is necessary before sowing in a greenhouse.  Cultivars can be propagated by grafting onto seedlings, or by summer cuttings under mist or in a greenhouse. &lt;/p&gt;</descriptivetext>
  <pestresistance>resistant to pests/diseases</pestresistance>
  <foliage>
    <shape>orbiculate, ovate, cordate</shape>
    <summercolor>green</summercolor>
    <spiny>no</spiny>
    <type>simple</type>
    <arrangement>alternate</arrangement>
    <bladelength>2 to 4 inches</bladelength>
    <venation>palmate, reticulate</venation>
    <fallcharacteristics>showy</fallcharacteristics>
    <margin>entire, undulate</margin>
    <fallcolor>yellow</fallcolor>
    <persistence>deciduous</persistence>
  </foliage>
  <pests>&lt;p align="center"&gt;&lt;b&gt;&lt;u&gt;Pests&lt;/u&gt;&lt;/b&gt;&lt;/p&gt;&lt;p align="left"&gt;

Borers attack the trunk of older and stressed Redbuds.  Keep the plant vigorous. &lt;/p&gt;&lt;p align="left"&gt;

Scale insects can usually be controlled with horticultural sprays. &lt;/p&gt;&lt;p align="left"&gt;

Webworm can defoliate parts of the tree in summer and fall. &lt;/p&gt;</pests>
  <usdahardinesszone>6B-8B</usdahardinesszone>
  <culturetolerances>
    <saltspraytolerance>none</saltspraytolerance>
    <soilphtolerance>alkaline, acidic</soilphtolerance>
    <lightrequirements>full sun, partial sun or partial shade</lightrequirements>
    <soilsalttolerance>unknown</soilsalttolerance>
    <droughttolerance>high</droughttolerance>
    <soildrainagetolerance>well-drained</soildrainagetolerance>
    <soiltexturetolerance>clay, sand, loam</soiltexturetolerance>
  </culturetolerances>
  <nativeorigin>
    <nativestate>Texas</nativestate>
    <nativetonorthamerica>yes</nativetonorthamerica>
    <recommendedfordryclimates>yes</recommendedfordryclimates>
    <nativefloridacounty>Not Native to Florida</nativefloridacounty>
  </nativeorigin>
  <lifespan>25 to 50 years</lifespan>
</tree>