<?xml version="1.0" encoding="UTF-8" standalone="no"?><tree>
  <foliage>
    <shape>ovate, orbiculate</shape>
    <summercolor>green</summercolor>
    <spiny>no</spiny>
    <type>simple</type>
    <arrangement>opposite/subopposite</arrangement>
    <bladelength>2 to 4 inches</bladelength>
    <venation>palmate, reticulate</venation>
    <fallcharacteristics>showy</fallcharacteristics>
    <margin>crenate</margin>
    <fallcolor>yellow</fallcolor>
    <persistence>deciduous</persistence>
  </foliage>
  <rangemap>Range Map RM4B8B</rangemap>
  <pestresistance>free of serious pests and diseases</pestresistance>
  <lifespan>more than 50 years</lifespan>
  <culturetolerances>
    <saltspraytolerance>moderate</saltspraytolerance>
    <soilphtolerance>slightly alkaline, acidic</soilphtolerance>
    <lightrequirements>full sun, partial sun or partial shade</lightrequirements>
    <soilsalttolerance>unknown</soilsalttolerance>
    <droughttolerance>moderate</droughttolerance>
    <soildrainagetolerance>well-drained</soildrainagetolerance>
    <soiltexturetolerance>clay, sand, loam</soiltexturetolerance>
  </culturetolerances>
  <flower>
    <season>flowers in spring</season>
    <color>green</color>
    <fragrance>no</fragrance>
    <showiness>not showy</showiness>
  </flower>
  <planttype>tree</planttype>
  <factsheet>ST144</factsheet>
  <use>specimen, highway median, recommended</use>
  <usdahardinesszone>4B-8B</usdahardinesszone>
  <nativeorigin>
    <nativetonorthamerica>no</nativetonorthamerica>
    <recommendedfordryclimates>no</recommendedfordryclimates>
    <nativefloridacounty>Not Native to Florida</nativefloridacounty>
  </nativeorigin>
  <size>
    <height>15 to 25 feet</height>
    <maturespread>15 to 25 feet</maturespread>
    <maintainableheight>not suitable for clipping</maintainableheight>
    <matureheight>15 to 30 feet</matureheight>
    <spread>15 to 25 feet</spread>
  </size>
  <pestsanddiseases>&lt;p align="center"&gt;&lt;b&gt;&lt;u&gt;Pests and diseases&lt;/u&gt;&lt;/b&gt;&lt;/p&gt;&lt;p align="left"&gt;

None serious.  Occasionally chewing insects eat the foliage. &lt;/p&gt;</pestsanddiseases>
  <trunkandbranches>
    <currentyeartwigcolor>brown</currentyeartwigcolor>
    <numberoftrunks>typically multi-trunked</numberoftrunks>
    <pruningrequirement>needed for strong structure</pruningrequirement>
    <showiness>showy</showiness>
    <currentyeartwigthickness>thin</currentyeartwigthickness>
    <trunkandbranchbreakage>susceptible to breakage</trunkandbranchbreakage>
    <woodspecificgravity>unknown</woodspecificgravity>
    <branchdrooping>branches droop</branchdrooping>
    <crownshaft>not applicable</crownshaft>
    <barkthickness>thick</barkthickness>
    <thorns>no</thorns>
  </trunkandbranches>
  <fruit>
    <composition>dry or hard</composition>
    <attractiontowildlife>little</attractiontowildlife>
    <edible>no</edible>
    <shape>pod or pod-like, elongated</shape>
    <showiness>not showy</showiness>
    <length>.5 to 1 inch</length>
    <persistant>no</persistant>
    <litter>fruit/leaves not a litter problem</litter>
    <color>unknown</color>
  </fruit>
  <name>
    <listingname>`Pendula' Katsuratree, Katsuratree, `Pendula'</listingname>
    <family>Cercidiphyllaceae</family>
    <pronunciation>ser-sih-dih-FILL-um  juh-PAWN-ih-kum</pronunciation>
    <species>japonicum</species>
    <genus>Cercidiphyllum</genus>
    <cultivar>'Pendula'</cultivar>
    <commonname>'Pendula' Katsuratree</commonname>
  </name>
  <photographs>
    <entireplant>110420</entireplant>
  </photographs>
  <crowncanopy>
    <texture>medium</texture>
    <density>moderate</density>
    <shape>weeping, round</shape>
    <uniformity>symmetrical</uniformity>
  </crowncanopy>
  <other>
    <verticilliumwilt>resistant</verticilliumwilt>
    <outstandingtree>yes</outstandingtree>
    <winterinterest>yes</winterinterest>
    <invasivepotential>not assessed or incomplete data</invasivepotential>
    <surfacerooting>can form large surface roots</surfacerooting>
    <availability>rarely available</availability>
    <ozonesensitivity>unknown</ozonesensitivity>
  </other>
  <descriptivetext>&lt;p align="center"&gt;&lt;b&gt;&lt;em&gt;Cercidiphyllum japonicum &lt;/em&gt; `Pendula' `Pendula' Katsuratree &lt;/b&gt;&lt;/p&gt;&lt;p align="left"&gt;

Weeping Katsuratree grows best in a sunny exposure and in a moist soil, but is considered drought-tolerant once established.  The tree reaches a height of 15 to 30 feet with a cascading irregular canopy and spectacular yellow with some red fall color.  New growth is reddish turning a light pale green.  The growth rate is moderately rapid when young but slows down with age.  The tree often has a shallow root system.  The trunk normally flares out at the base, gracefully dividing into the numerous shallow roots often prominent at the soil surface. &lt;/p&gt;&lt;p align="left"&gt;

The tree is best used as a specimen planted to show off the unusual form and character of the crown.  Katsuratree has proven to be fairly pest free.  Transplant in spring. &lt;/p&gt;&lt;p align="left"&gt;

Katsuratree is intolerant of drought and should be protected from direct exposure to wind.  Leaves often drop in mid to late summer in response to dry weather.  Not suited for compacted soil since the shallow roots will be a nuisance for lawn and sidewalk maintenance.  Provide irrigation and keep the soil beneath the canopy mulched.  Coarse root system calls for production in fabric containers, frequent root pruning field-grown stock, or growing in air root-pruned containers. &lt;/p&gt;</descriptivetext>
  <growthrate>moderate</growthrate>
</tree>