<?xml version="1.0" encoding="UTF-8" standalone="no"?><tree>
  <foliage>
    <shape>elliptic (oval), oblong</shape>
    <summercolor>blue or blue-green</summercolor>
    <spiny>no</spiny>
    <type>even-pinnately compound</type>
    <arrangement>alternate</arrangement>
    <bladelength>less than 2 inches</bladelength>
    <venation>none, or difficult to see</venation>
    <fallcharacteristics>not showy</fallcharacteristics>
    <margin>entire</margin>
    <fallcolor>no color change</fallcolor>
    <persistence>deciduous</persistence>
  </foliage>
  <pestresistance>resistant to pests/diseases</pestresistance>
  <lifespan>unknown</lifespan>
  <culturetolerances>
    <saltspraytolerance>unknown</saltspraytolerance>
    <soilphtolerance>acidic, slightly alkaline, alkaline</soilphtolerance>
    <lightrequirements>partial sun or partial shade, full sun</lightrequirements>
    <soilsalttolerance>unknown</soilsalttolerance>
    <droughttolerance>moderate</droughttolerance>
    <soildrainagetolerance>well-drained</soildrainagetolerance>
    <soiltexturetolerance>sand, loam, clay</soiltexturetolerance>
  </culturetolerances>
  <flower>
    <season>flowers in spring</season>
    <color>yellow</color>
    <fragrance>pleasant</fragrance>
    <showiness>very showy</showiness>
  </flower>
  <diseases/>
  <planttype>tree</planttype>
  <use>specimen, street without sidewalk</use>
  <usdahardinesszone>8A-11</usdahardinesszone>
  <nativeorigin>
    <nativestate>California, Arizona</nativestate>
    <nativetonorthamerica>yes</nativetonorthamerica>
    <recommendedfordryclimates>no</recommendedfordryclimates>
    <nativefloridacounty>Not Native to Florida</nativefloridacounty>
  </nativeorigin>
  <size>
    <height>15 to 25 feet</height>
    <maturespread>15 to 25 feet</maturespread>
    <maintainableheight>not suitable for clipping</maintainableheight>
    <matureheight>15 to 25 feet</matureheight>
    <spread>15 to 25 feet</spread>
  </size>
  <factsheet/>
  <trunkandbranches>
    <currentyeartwigcolor>green</currentyeartwigcolor>
    <numberoftrunks>typically multi-trunked</numberoftrunks>
    <pruningrequirement>little required</pruningrequirement>
    <showiness>not showy</showiness>
    <currentyeartwigthickness>thick</currentyeartwigthickness>
    <trunkandbranchbreakage>resistant</trunkandbranchbreakage>
    <woodspecificgravity>unknown</woodspecificgravity>
    <branchdrooping>branches droop</branchdrooping>
    <crownshaft>not applicable</crownshaft>
    <barkthickness>thick</barkthickness>
    <thorns>yes</thorns>
  </trunkandbranches>
  <pests/>
  <fruit>
    <composition>dry or hard</composition>
    <attractiontowildlife>attracts birds</attractiontowildlife>
    <edible>no</edible>
    <shape>elongated, oval</shape>
    <showiness>unknown</showiness>
    <length>unknown</length>
    <persistant>unknown</persistant>
    <litter>unknown</litter>
    <color>unknown</color>
  </fruit>
  <name>
    <listingname>Blue Palo Verde</listingname>
    <family>Fabaceae</family>
    <pronunciation/>
    <species>floridum</species>
    <genus>Cercidium</genus>
    <cultivar/>
    <commonname>Blue Palo Verde</commonname>
  </name>
  <photographs>
    <foliage>7314160</foliage>
    <trunk>6994103</trunk>
    <spring>11981022</spring>
    <fruit>13662046</fruit>
    <other>13006497</other>
    <entireplant>13437383</entireplant>
  </photographs>
  <crowncanopy>
    <texture>medium</texture>
    <density>open</density>
    <shape>round</shape>
    <uniformity>symmetrical</uniformity>
  </crowncanopy>
  <other>
    <verticilliumwilt>resistant</verticilliumwilt>
    <outstandingtree>yes</outstandingtree>
    <winterinterest>no</winterinterest>
    <invasivepotential>not a problem species</invasivepotential>
    <surfacerooting>unknown</surfacerooting>
    <availability>somewhat available</availability>
    <ozonesensitivity>unknown</ozonesensitivity>
  </other>
  <descriptivetext>&lt;p align="left"&gt;

Leafless most of the year in its native habitat, Blue Palo Verde will remain dense and full of foliage most of the year with irrigation. Leaves are mostly absent when grown in water stressed environments. This is a drought avoidance mechanism common among Parkinsonia. Much of the photosynthesis is carried out in the green trunk and branch tissue. When flowers fill the canopy trees look marvelous.  Some trees live to more than 200 years old. Trees are very tolerant of urban conditions and have survived and grow well along streets. Trees can tolerate lawn conditions where irrigation is common.&lt;/p&gt;&lt;p align="left"&gt;

&lt;/p&gt;&lt;p align="left"&gt;

Seeds will not germinate until cracked open by mechanical force. This force is typically encountered as the seeds are carried in washes and strike against a rock. This ensures that seeds germinate in a suitable environment where moisture will be available, i.e. near boulders. This and P. microphyllum are the state trees of Arizona.  Pollen can cause some allergenic reactions in certain people.&lt;/p&gt;</descriptivetext>
  <growthrate>fast</growthrate>
</tree>