<?xml version="1.0" encoding="UTF-8" standalone="no"?><tree>
  <foliage>
    <shape>scale-like</shape>
    <summercolor>yellow</summercolor>
    <spiny>no</spiny>
    <type>simple</type>
    <arrangement>opposite/subopposite</arrangement>
    <bladelength>less than 2 inches</bladelength>
    <venation>none, or difficult to see</venation>
    <fallcharacteristics>not showy</fallcharacteristics>
    <margin>entire</margin>
    <fallcolor>no color change</fallcolor>
    <persistence>evergreen</persistence>
  </foliage>
  <rangemap>Range Map RM4A8A</rangemap>
  <pestresistance>free of serious pests and diseases</pestresistance>
  <lifespan>more than 50 years</lifespan>
  <culturetolerances>
    <saltspraytolerance>unknown</saltspraytolerance>
    <soilphtolerance>acidic</soilphtolerance>
    <lightrequirements>full sun, partial sun or partial shade</lightrequirements>
    <soilsalttolerance>unknown</soilsalttolerance>
    <droughttolerance>moderate</droughttolerance>
    <soildrainagetolerance>well-drained</soildrainagetolerance>
    <soiltexturetolerance>clay, sand, loam</soiltexturetolerance>
  </culturetolerances>
  <flower>
    <season>unknown</season>
    <color>yellow</color>
    <fragrance>no</fragrance>
    <showiness>not showy</showiness>
  </flower>
  <planttype>tree</planttype>
  <factsheet>ST157</factsheet>
  <use>screen, bonsai, specimen, recommended</use>
  <usdahardinesszone>4A-8A</usdahardinesszone>
  <nativeorigin>
    <nativetonorthamerica>no</nativetonorthamerica>
    <recommendedfordryclimates>no</recommendedfordryclimates>
    <nativefloridacounty>Not Native to Florida</nativefloridacounty>
  </nativeorigin>
  <size>
    <height>50 to 75 feet</height>
    <maturespread>20 to 30 feet</maturespread>
    <maintainableheight>not suitable for clipping</maintainableheight>
    <matureheight>50 to 75 feet</matureheight>
    <spread>15 to 25 feet</spread>
  </size>
  <pestsanddiseases>&lt;p align="center"&gt;&lt;b&gt;&lt;u&gt;Pests and Diseases&lt;/u&gt;&lt;/b&gt;&lt;/p&gt;&lt;p align="left"&gt;

No pests or diseases are of major concern. &lt;/p&gt;</pestsanddiseases>
  <trunkandbranches>
    <currentyeartwigcolor>green, brown</currentyeartwigcolor>
    <numberoftrunks>typically one trunk</numberoftrunks>
    <pruningrequirement>little required</pruningrequirement>
    <showiness>showy</showiness>
    <currentyeartwigthickness>thin</currentyeartwigthickness>
    <trunkandbranchbreakage>resistant</trunkandbranchbreakage>
    <woodspecificgravity>unknown</woodspecificgravity>
    <branchdrooping>branches droop</branchdrooping>
    <crownshaft>not applicable</crownshaft>
    <barkthickness>thick</barkthickness>
    <thorns>no</thorns>
  </trunkandbranches>
  <fruit>
    <composition>dry or hard</composition>
    <attractiontowildlife>little</attractiontowildlife>
    <edible>no</edible>
    <shape>round, cone</shape>
    <showiness>not showy</showiness>
    <length>less than .5 inch</length>
    <persistant>no</persistant>
    <litter>fruit/leaves not a litter problem</litter>
    <color>brown</color>
  </fruit>
  <name>
    <listingname>`Cripps Golden' Hinoki Falsecypress, Falsecypress, `Cripps Golden' Hinoki</listingname>
    <family>Cupressaceae</family>
    <pronunciation>kam-eh-SIP-uh-riss  ob-TOO-suh</pronunciation>
    <species>obtusa</species>
    <genus>Chamaecyparis</genus>
    <cultivar>'Crippsii'</cultivar>
    <commonname>'Cripps Golden' Hinoki Falsecypress</commonname>
  </name>
  <photographs>
    <entireplant>15194022</entireplant>
    <other>7362217</other>
    <foliage>10788592</foliage>
  </photographs>
  <crowncanopy>
    <texture>fine</texture>
    <density>dense</density>
    <shape>spreading, pyramidal</shape>
    <uniformity>symmetrical</uniformity>
  </crowncanopy>
  <other>
    <verticilliumwilt>resistant</verticilliumwilt>
    <outstandingtree>no</outstandingtree>
    <winterinterest>no</winterinterest>
    <invasivepotential>not assessed or incomplete data</invasivepotential>
    <surfacerooting>not a problem</surfacerooting>
    <availability>somewhat available</availability>
    <ozonesensitivity>unknown</ozonesensitivity>
  </other>
  <descriptivetext>&lt;p align="center"&gt;&lt;b&gt;&lt;em&gt;Chamaecyparis obtusa &lt;/em&gt; `Crippsii'Cripp's Golden Hinoki Falsecypress &lt;/b&gt;&lt;/p&gt;&lt;p align="left"&gt;

This broad, sweeping, conical-shaped evergreen has graceful, flattened, fern-like branchlets which gently droop at branch tips.  Beautiful, shiny, new, golden/yellow foliage matures to green throughout the interior of the tree but some random yellow highlights are still obvious in clustered sprays at branch ends, giving the trees a wonderful two-toned effect.  Cripp's Golden Hinoki Falsecypress reaches 50 to 75 feet in height with a spread of 20 to 30 feet, and has attractive, shredding, reddish-brown bark which peels off in long narrow strips. &lt;/p&gt;&lt;p align="left"&gt;

Cripp's Golden Hinoki Falsecypress should be grown in part sun in the south on moist, well-drained soil, in areas of moderate to high humidity, and preferably where the trees can be protected from harsh winds.  Somewhat picky and probably more of a novelty than a staple landscape plant.  Coloration is not as pronounced when grown in partial shade. &lt;/p&gt;&lt;p align="left"&gt;

Propagation is by cuttings. &lt;/p&gt;</descriptivetext>
  <growthrate>moderate</growthrate>
</tree>