<?xml version="1.0" encoding="UTF-8" standalone="no"?><tree>
  <foliage>
    <shape>scale-like</shape>
    <summercolor>blue or blue-green</summercolor>
    <spiny>no</spiny>
    <type>simple</type>
    <arrangement>opposite/subopposite</arrangement>
    <bladelength>less than 2 inches</bladelength>
    <venation>none, or difficult to see</venation>
    <fallcharacteristics>not showy</fallcharacteristics>
    <margin>entire</margin>
    <fallcolor>no color change</fallcolor>
    <persistence>evergreen</persistence>
  </foliage>
  <pestresistance>sensitive to pests/diseases</pestresistance>
  <lifespan>more than 50 years</lifespan>
  <culturetolerances>
    <saltspraytolerance>unknown</saltspraytolerance>
    <soilphtolerance>acidic, slightly alkaline</soilphtolerance>
    <lightrequirements>shade tolerant, full sun</lightrequirements>
    <soilsalttolerance>unknown</soilsalttolerance>
    <droughttolerance>moderate</droughttolerance>
    <soildrainagetolerance>well-drained</soildrainagetolerance>
    <soiltexturetolerance>sand, loam, clay</soiltexturetolerance>
  </culturetolerances>
  <flower>
    <season>flowers in spring</season>
    <color>unknown</color>
    <fragrance>no</fragrance>
    <showiness>not showy</showiness>
  </flower>
  <diseases/>
  <planttype>tree</planttype>
  <use>screen</use>
  <usdahardinesszone>4A-8A</usdahardinesszone>
  <nativeorigin>
    <nativestate>California, Oregon, Washington</nativestate>
    <nativetonorthamerica>yes</nativetonorthamerica>
    <recommendedfordryclimates>no</recommendedfordryclimates>
    <nativefloridacounty>Not Native to Florida</nativefloridacounty>
  </nativeorigin>
  <size>
    <height>50 to 75 feet</height>
    <maturespread>15 to 25 feet</maturespread>
    <maintainableheight>not suitable for clipping</maintainableheight>
    <matureheight>50 to 75 feet</matureheight>
    <spread>15 to 25 feet</spread>
  </size>
  <factsheet/>
  <trunkandbranches>
    <currentyeartwigcolor>unknown</currentyeartwigcolor>
    <numberoftrunks>typically one trunk</numberoftrunks>
    <pruningrequirement>little required</pruningrequirement>
    <showiness>not showy</showiness>
    <currentyeartwigthickness>thin</currentyeartwigthickness>
    <trunkandbranchbreakage>resistant</trunkandbranchbreakage>
    <woodspecificgravity>unknown</woodspecificgravity>
    <branchdrooping>branches don't droop</branchdrooping>
    <crownshaft>not applicable</crownshaft>
    <barkthickness>thick</barkthickness>
    <thorns>no</thorns>
  </trunkandbranches>
  <pests/>
  <fruit>
    <composition>dry or hard</composition>
    <attractiontowildlife>little</attractiontowildlife>
    <edible>no</edible>
    <shape>cone, round</shape>
    <showiness>not showy</showiness>
    <length>unknown</length>
    <persistant>no</persistant>
    <litter>fruit/leaves not a litter problem</litter>
    <color>unknown</color>
  </fruit>
  <name>
    <listingname>Nootka Cypress, Alaska Cedar, Yellow Cypress</listingname>
    <family>Cupressaceae</family>
    <pronunciation>ka-ma-SIP-er-us noot-kah-TEN-sis</pronunciation>
    <species>nootkatensis</species>
    <genus>Chamaecyparis</genus>
    <cultivar/>
    <commonname>Nootka Cypress, Alaska Cedar, Yellow Cypress</commonname>
  </name>
  <photographs>
    <entireplant>9765009</entireplant>
    <other>12388640</other>
    <foliage>4727372</foliage>
  </photographs>
  <crowncanopy>
    <texture>fine</texture>
    <density>dense</density>
    <shape>pyramidal, columnar</shape>
    <uniformity>symmetrical</uniformity>
  </crowncanopy>
  <other>
    <verticilliumwilt>resistant</verticilliumwilt>
    <outstandingtree>yes</outstandingtree>
    <winterinterest>yes</winterinterest>
    <invasivepotential>not a problem species</invasivepotential>
    <surfacerooting>unknown</surfacerooting>
    <availability>somewhat available</availability>
    <ozonesensitivity>unknown</ozonesensitivity>
  </other>
  <descriptivetext>&lt;p align="left"&gt;

Nootka False Cypress is native to coastal Alaska and Washington, performing best in areas with high humidity and moist soil conditions. It makes a striking specimen, with a distinct, graceful, weeping habit.  Even one plant will soften any landscape.  Use it near water or round a patio or as a lawn specimen in residential or commercial landscapes.  It reportedly does best with some shade from the afternoon sun, particularly in the southern part of its range.  Trees in full sun look great in zone 5.  Pollen can cause significant allergenic reactions in certain people.&lt;/p&gt;</descriptivetext>
  <growthrate>slow</growthrate>
</tree>