<?xml version="1.0" encoding="UTF-8" standalone="no"?><tree>
  <diseases>&lt;p align="center"&gt;&lt;b&gt;&lt;u&gt;Diseases&lt;/u&gt;&lt;/b&gt;&lt;/p&gt;&lt;p align="left"&gt;

Blight can be a problem on young plants in nurseries or old plants in landscape situations.  In young plants, branch tips turn brown and die back until the whole branch or young tree is killed.  Trees over five years old are less susceptible.  When older trees in landscapes are affected by tip blight, entire trees are seldom killed. &lt;/p&gt;&lt;p align="left"&gt;

Tip blight can infect trees during wet weather.  The disease causes sooty pustules on the leaves, bark and cones.  &lt;/p&gt;&lt;p align="left"&gt;

Scorch may look like a disease but is caused by excessive direct sun, freezing stress, drought or mites.  Freezing stress can be prevented by shading small plants in winter.  &lt;/p&gt;</diseases>
  <planttype>shrub</planttype>
  <size>
    <height>6 to 10 feet</height>
    <maturespread>3 to 6 feet</maturespread>
    <maintainableheight>not suitable for clipping</maintainableheight>
    <matureheight>6 to 10 feet</matureheight>
    <spread>6 to 10 feet</spread>
  </size>
  <use>screen, bonsai, recommended</use>
  <flower>
    <season>unknown</season>
    <color>yellow</color>
    <fragrance>no</fragrance>
    <showiness>not showy</showiness>
  </flower>
  <other>
    <verticilliumwilt>resistant</verticilliumwilt>
    <outstandingtree>no</outstandingtree>
    <winterinterest>yes</winterinterest>
    <invasivepotential>not assessed or incomplete data</invasivepotential>
    <surfacerooting>unknown</surfacerooting>
    <availability>somewhat available</availability>
    <ozonesensitivity>unknown</ozonesensitivity>
  </other>
  <fruit>
    <composition>dry or hard</composition>
    <attractiontowildlife>little</attractiontowildlife>
    <edible>no</edible>
    <shape>round, cone</shape>
    <showiness>not showy</showiness>
    <length>less than .5 inch</length>
    <persistant>no</persistant>
    <litter>fruit/leaves not a litter problem</litter>
    <color>brown</color>
  </fruit>
  <factsheet>ST156</factsheet>
  <growthrate>slow</growthrate>
  <crowncanopy>
    <texture>fine</texture>
    <density>dense</density>
    <shape>pyramidal</shape>
    <uniformity>symmetrical</uniformity>
  </crowncanopy>
  <photographs>
    <foliage>6999976</foliage>
    <entireplant>6899112</entireplant>
  </photographs>
  <name>
    <listingname>Hinoki Falsecypress, Falsecypress, Hinoki</listingname>
    <family>Cupressaceae</family>
    <pronunciation>kam-eh-SIP-uh-riss  ob-TOO-suh</pronunciation>
    <species>obtusa</species>
    <genus>Chamaecyparis</genus>
    <cultivar>'Kosteri'</cultivar>
    <commonname>Hinoki Falsecypress</commonname>
  </name>
  <trunkandbranches>
    <currentyeartwigcolor>green, brown</currentyeartwigcolor>
    <numberoftrunks>can be trained to one trunk</numberoftrunks>
    <pruningrequirement>little required</pruningrequirement>
    <showiness>showy</showiness>
    <currentyeartwigthickness>thin</currentyeartwigthickness>
    <trunkandbranchbreakage>susceptible to breakage</trunkandbranchbreakage>
    <woodspecificgravity>unknown</woodspecificgravity>
    <branchdrooping>branches droop</branchdrooping>
    <crownshaft>not applicable</crownshaft>
    <barkthickness>thick</barkthickness>
    <thorns>no</thorns>
  </trunkandbranches>
  <rangemap>Range Map RM5A8A</rangemap>
  <descriptivetext>&lt;p align="center"&gt;&lt;b&gt;&lt;em&gt;Chamaecyparis obtusa &lt;/em&gt;Hinoki Falsecypress &lt;/b&gt;&lt;/p&gt;&lt;p align="left"&gt;

This broad, sweeping, conical-shaped evergreen has graceful, flattened, fern-like branchlets which gently droop at branch tips.  Hinoki Falsecypress reaches 50 to 75 feet in height with a spread of 10 to 20 feet, has dark green foliage, and attractive, shredding, reddish-brown bark which peels off in long narrow strips. &lt;/p&gt;&lt;p align="left"&gt;

Hinoki Falsecypress should be grown in full sun on moist, well-drained soil, in areas of moderate to high humidity, and preferably where the trees can be protected from harsh winds.  It is fairly free of pests and diseases. &lt;/p&gt;&lt;p align="left"&gt;

Propagation is by cuttings. &lt;/p&gt;&lt;p align="left"&gt;

There are many cultivars, some quite dwarf.  Other cultivars have excellent foliage coloration or unusual growth habit.  Cultivars include: `Aurea' - golden foliage: `Caespitosa' - rare, miniature, about six inches tall; `Compacta' - dwarf, about three feet tall, dense, conical; `Coralliformis' - branchlets reddish and contorted; `Crippsii' - broad pyramid with spreading branches and golden foliage; `Erecta' - columnar habit; `Ericoides' - low, blue-gray foliage, `Filicoides' - fern-like; `Gracilis' - compact growth habit, tips of branchlets pendulous; `Kosteri' - dwarf, three to four feet tall, branch tips curved; `Mariesii' - dwarf, foliage variegated with yellowish white; `Nana' - very dwarf, height and spread of two feet; `Pygmaea' - dwarf, two feet tall, wider than tall; `Stoneham' - slow, dwarf, tiered branching; `Tetragona' - slow, dwarf, erect.  &lt;/p&gt;</descriptivetext>
  <pestresistance>resistant to pests/diseases</pestresistance>
  <foliage>
    <shape>scale-like</shape>
    <summercolor>green</summercolor>
    <spiny>no</spiny>
    <type>simple</type>
    <arrangement>opposite/subopposite</arrangement>
    <bladelength>less than 2 inches</bladelength>
    <venation>none, or difficult to see</venation>
    <fallcharacteristics>not showy</fallcharacteristics>
    <margin>entire</margin>
    <fallcolor>brown/tan</fallcolor>
    <persistence>evergreen</persistence>
  </foliage>
  <pests>&lt;p align="center"&gt;&lt;b&gt;&lt;u&gt;Pests&lt;/u&gt;&lt;/b&gt;&lt;/p&gt;&lt;p align="left"&gt;

Juniper scale can be controlled by applying pesticides when the crawlers are active.  &lt;/p&gt;&lt;p align="left"&gt;

The bagworm webs dead foliage and other debris together to make a nest.  The covering makes the insect difficult to control.  The nests can be picked off by hand.  &lt;/p&gt;</pests>
  <usdahardinesszone>6A-8A</usdahardinesszone>
  <culturetolerances>
    <saltspraytolerance>unknown</saltspraytolerance>
    <soilphtolerance>acidic</soilphtolerance>
    <lightrequirements>full sun</lightrequirements>
    <soilsalttolerance>unknown</soilsalttolerance>
    <droughttolerance>moderate</droughttolerance>
    <soildrainagetolerance>well-drained</soildrainagetolerance>
    <soiltexturetolerance>clay, sand, loam</soiltexturetolerance>
  </culturetolerances>
  <nativeorigin>
    <nativetonorthamerica>no</nativetonorthamerica>
    <recommendedfordryclimates>no</recommendedfordryclimates>
    <nativefloridacounty>Not Native to Florida</nativefloridacounty>
  </nativeorigin>
  <lifespan>more than 50 years</lifespan>
</tree>