<?xml version="1.0" encoding="UTF-8" standalone="no"?><tree>
  <diseases>&lt;p align="center"&gt;&lt;b&gt;&lt;u&gt;Diseases&lt;/u&gt;&lt;/b&gt;&lt;/p&gt;&lt;p align="left"&gt;

A fungus damages this species by causing root-rot which eventually kills the tree.  Plant only in the most well-drained soil. &lt;/p&gt;&lt;p align="left"&gt;

There is also a branch canker which can cause branch dieback. &lt;/p&gt;</diseases>
  <planttype>tree</planttype>
  <size>
    <height>50 to 75 feet</height>
    <maturespread>15 to 25 feet</maturespread>
    <maintainableheight>not suitable for clipping</maintainableheight>
    <matureheight>40 to 60 feet</matureheight>
    <spread>15 to 25 feet</spread>
  </size>
  <use>specimen, screen, bonsai, recommended</use>
  <flower>
    <season>unknown</season>
    <color>red, blue</color>
    <fragrance>no</fragrance>
    <showiness>not showy</showiness>
  </flower>
  <other>
    <verticilliumwilt>resistant</verticilliumwilt>
    <outstandingtree>yes</outstandingtree>
    <winterinterest>no</winterinterest>
    <invasivepotential>not a problem species</invasivepotential>
    <surfacerooting>not a problem</surfacerooting>
    <availability>rarely available</availability>
    <ozonesensitivity>unknown</ozonesensitivity>
  </other>
  <fruit>
    <composition>dry or hard</composition>
    <attractiontowildlife>little</attractiontowildlife>
    <edible>no</edible>
    <shape>round, cone</shape>
    <showiness>not showy</showiness>
    <length>less than .5 inch</length>
    <persistant>no</persistant>
    <litter>fruit/leaves not a litter problem</litter>
    <color>brown</color>
  </fruit>
  <factsheet>ST154</factsheet>
  <growthrate>moderate</growthrate>
  <crowncanopy>
    <texture>fine</texture>
    <density>dense</density>
    <shape>upright/erect, columnar, pyramidal</shape>
    <uniformity>symmetrical</uniformity>
  </crowncanopy>
  <photographs>
    <entireplant>13699713</entireplant>
    <fruit>15805662</fruit>
    <other>11261633</other>
    <foliage>16404461</foliage>
    <trunk>11036934</trunk>
  </photographs>
  <name>
    <listingname>Lawson Falsecypress, Port-Orford-Cedar, Falsecypress, Lawson</listingname>
    <family>Cupressaceae</family>
    <pronunciation>kam-eh-SIP-uh-riss  law-so-nee-AY-nuh</pronunciation>
    <species>lawsoniana</species>
    <genus>Chamaecyparis</genus>
    <commonname>Lawson Falsecypress, Port-Orford-Cedar</commonname>
  </name>
  <trunkandbranches>
    <currentyeartwigcolor>green, brown</currentyeartwigcolor>
    <numberoftrunks>typically one trunk</numberoftrunks>
    <pruningrequirement>little required</pruningrequirement>
    <showiness>showy</showiness>
    <currentyeartwigthickness>thin</currentyeartwigthickness>
    <trunkandbranchbreakage>resistant</trunkandbranchbreakage>
    <woodspecificgravity>0.43</woodspecificgravity>
    <branchdrooping>branches don't droop</branchdrooping>
    <crownshaft>not applicable</crownshaft>
    <barkthickness>thick</barkthickness>
    <thorns>no</thorns>
  </trunkandbranches>
  <rangemap>Range Map RM5B7B</rangemap>
  <descriptivetext>&lt;p align="center"&gt;&lt;b&gt;&lt;em&gt;Chamaecyparis lawsoniana &lt;/em&gt;Lawson Falsecypress, Port-Orford-Cedar &lt;/b&gt;&lt;/p&gt;&lt;p align="left"&gt;

Often seen at 40 to 60 feet tall by 15 feet wide in its cultivated form, this North American native can soar to heights of 100 to 150 feet in the wild.  The massive, thick trunk and formal, upright, conical silhouette is softened by the gently weeping tips of the short, upright branches.  The flattened, dark blue-green branchlets have a delicate, almost fern-like appearance, which are nicely complemented by the rough, deeply furrowed, reddish-brown bark.  Available in a wide variety of forms and bluish foliage colors, Lawson Falsecypress still remains today an important timber trees from the Pacific Northwest.  But it is rare in the nursery trade and probably not well adapted to most landscapes. &lt;/p&gt;&lt;p align="left"&gt;

Lawson Falsecypress is only suited for the largest landscapes such as in parks, golf courses, large industrial or commercial landscapes or estates.  The unusually blue foliage and dense, symmetrical growth habit make it ideally suited as a screen in a sunny spot protected from constant wind.  It has somewhat picky cultural requirements and should be grown in full sun in moist, well-drained soil (not clay), in areas of moderate to high humidity, and preferably where the trees can be protected from harsh winds.  These sites may be hard to find in the East. &lt;/p&gt;&lt;p align="left"&gt;

Various cultivars are available with different foliage colors (golden, blue, or silver-variegated) and different growth forms (dwarf, columnar, and low-spreading). &lt;/p&gt;&lt;p align="left"&gt;

Propagation is done easily by cuttings taken in fall, or by seeds, with difficulty. &lt;/p&gt;</descriptivetext>
  <pestresistance>resistant to pests/diseases</pestresistance>
  <foliage>
    <shape>scale-like</shape>
    <summercolor>blue or blue-green, green</summercolor>
    <spiny>no</spiny>
    <type>simple</type>
    <arrangement>opposite/subopposite</arrangement>
    <bladelength>less than 2 inches</bladelength>
    <venation>none, or difficult to see</venation>
    <fallcharacteristics>not showy</fallcharacteristics>
    <margin>entire</margin>
    <fallcolor>no color change</fallcolor>
    <persistence>evergreen</persistence>
  </foliage>
  <pests>&lt;p align="center"&gt;&lt;b&gt;&lt;u&gt;Pests&lt;/u&gt;&lt;/b&gt;&lt;/p&gt;&lt;p align="left"&gt;

No pests are of major concern. &lt;/p&gt;</pests>
  <usdahardinesszone>5B-7B</usdahardinesszone>
  <culturetolerances>
    <saltspraytolerance>moderate</saltspraytolerance>
    <soilphtolerance>acidic, slightly alkaline</soilphtolerance>
    <lightrequirements>full sun</lightrequirements>
    <soilsalttolerance>moderate</soilsalttolerance>
    <droughttolerance>moderate</droughttolerance>
    <soildrainagetolerance>well-drained</soildrainagetolerance>
    <soiltexturetolerance>clay, sand, loam</soiltexturetolerance>
  </culturetolerances>
  <nativeorigin>
    <nativestate>Oregon, California</nativestate>
    <nativetonorthamerica>yes</nativetonorthamerica>
    <recommendedfordryclimates>no</recommendedfordryclimates>
    <nativefloridacounty>Not Native to Florida</nativefloridacounty>
  </nativeorigin>
  <lifespan>more than 50 years</lifespan>
</tree>