<?xml version="1.0" encoding="UTF-8" standalone="no"?><tree>
  <diseases>&lt;p align="center"&gt;&lt;b&gt;&lt;u&gt;Diseases&lt;/u&gt;&lt;/b&gt;&lt;/p&gt;&lt;p align="left"&gt;

Blight can be a problem on young plants in nurseries or old plants in landscape situations.  In young plants, branch tips turn brown and die back until the whole branch or young tree is killed.  Tip blight infects trees during wet weather.  The disease causes sooty pustules on the leaves, bark and cones. &lt;/p&gt;&lt;p align="left"&gt;

Trees over five years old are less susceptible.  When older trees in landscapes are affected by tip blight, entire trees are seldom killed. &lt;/p&gt;&lt;p align="left"&gt;

Scorch may look like a disease but is caused by excessive direct sun, freezing stress, drought or mites.  Freezing stress can be prevented by shading small plants in winter. &lt;/p&gt;</diseases>
  <planttype>tree</planttype>
  <size>
    <height>25 to 50 feet</height>
    <maturespread>15 to 20 feet</maturespread>
    <maintainableheight>not suitable for clipping</maintainableheight>
    <matureheight>35 to 50 feet</matureheight>
    <spread>15 to 25 feet</spread>
  </size>
  <use>specimen, deck or patio, highway median, bonsai, container or planter, recommended</use>
  <flower>
    <season>unknown</season>
    <color>unknown</color>
    <fragrance>no</fragrance>
    <showiness>not showy</showiness>
  </flower>
  <other>
    <verticilliumwilt>resistant</verticilliumwilt>
    <outstandingtree>yes</outstandingtree>
    <winterinterest>no</winterinterest>
    <invasivepotential>not a problem species</invasivepotential>
    <surfacerooting>not a problem</surfacerooting>
    <availability>somewhat available</availability>
    <ozonesensitivity>unknown</ozonesensitivity>
  </other>
  <fruit>
    <composition>dry or hard</composition>
    <attractiontowildlife>little</attractiontowildlife>
    <edible>no</edible>
    <shape>round, cone</shape>
    <showiness>not showy</showiness>
    <length>less than .5 inch</length>
    <persistant>no</persistant>
    <litter>fruit/leaves not a litter problem</litter>
    <color>brown</color>
  </fruit>
  <factsheet>ST155</factsheet>
  <growthrate>moderate</growthrate>
  <crowncanopy>
    <texture>fine</texture>
    <density>moderate</density>
    <shape>weeping, pyramidal</shape>
    <uniformity>irregular</uniformity>
  </crowncanopy>
  <photographs>
    <foliage>13009678</foliage>
    <entireplant>15355272</entireplant>
  </photographs>
  <name>
    <listingname>Nootka Falsecypress, Alaska-Cedar, Falsecypress, Nootka</listingname>
    <family>Cupressaceae</family>
    <pronunciation>kam-eh-SIP-uh-riss  noot-kuh-TEN-sis</pronunciation>
    <species>nootkatensis</species>
    <genus>Chamaecyparis</genus>
    <cultivar>'Pendula'</cultivar>
    <commonname>Nootka Falsecypress, Alaska-Cedar</commonname>
  </name>
  <trunkandbranches>
    <currentyeartwigcolor>green, brown</currentyeartwigcolor>
    <numberoftrunks>typically one trunk</numberoftrunks>
    <pruningrequirement>little required</pruningrequirement>
    <showiness>not showy</showiness>
    <currentyeartwigthickness>thin</currentyeartwigthickness>
    <trunkandbranchbreakage>resistant</trunkandbranchbreakage>
    <woodspecificgravity>0.44</woodspecificgravity>
    <branchdrooping>branches droop</branchdrooping>
    <crownshaft>not applicable</crownshaft>
    <barkthickness>thin bark</barkthickness>
    <thorns>no</thorns>
  </trunkandbranches>
  <rangemap>Range Map RM4A8A</rangemap>
  <descriptivetext>&lt;p align="center"&gt;&lt;b&gt;&lt;em&gt;Chamaecyparis nootkatensis &lt;/em&gt; `Pendula'Nootka Falsecypress, Alaska-Cedar &lt;/b&gt;&lt;/p&gt;&lt;p align="left"&gt;

A graceful, weeping, pyramidal evergreen, Nootka Falsecypress can reach 60 to 90 feet in the wild but stays within a height of 35 feet and a spread of 20 feet in cultivation.  The trunk remains straight and dominant throughout the life of the tree.  The long, pendulous, flattened branches are clothed with dark bluish-green or grayish-green, scalelike "needles", which give off a rank odor when bruised or crushed.  Nootka Falsecypress is native to coastal Alaska and Washington, performing best in areas with high humidity and moist soil conditions. &lt;/p&gt;&lt;p align="left"&gt;

It makes a striking specimen, with a distinct, graceful, weeping habit.  Even one plant will soften any landscape.  Use it near water or around a patio or as a lawn specimen in residential or commercial landscapes.  It reportedly does best with some shade from the afternoon sun, particularly in the southern part of its range.  Trees in full sun look great in zone 5. &lt;/p&gt;</descriptivetext>
  <pestresistance>resistant to pests/diseases</pestresistance>
  <foliage>
    <shape>scale-like</shape>
    <summercolor>blue or blue-green, green</summercolor>
    <spiny>no</spiny>
    <type>simple</type>
    <arrangement>opposite/subopposite</arrangement>
    <bladelength>less than 2 inches</bladelength>
    <venation>none, or difficult to see</venation>
    <fallcharacteristics>not showy</fallcharacteristics>
    <margin>entire</margin>
    <fallcolor>no color change</fallcolor>
    <persistence>evergreen, fragrant</persistence>
  </foliage>
  <pests>&lt;p align="center"&gt;&lt;b&gt;&lt;u&gt;Pests&lt;/u&gt;&lt;/b&gt;&lt;/p&gt;&lt;p align="left"&gt;

Juniper scale can be controlled by applying pesticides when the crawlers are active. &lt;/p&gt;&lt;p align="left"&gt;

The bagworm webs foliage and debris together to make a case.  The covering makes the insect difficult to control.  The nests can be picked off by hand. &lt;/p&gt;</pests>
  <usdahardinesszone>4A-8A</usdahardinesszone>
  <culturetolerances>
    <saltspraytolerance>unknown</saltspraytolerance>
    <soilphtolerance>acidic</soilphtolerance>
    <lightrequirements>partial sun or partial shade, shade tolerant, full sun</lightrequirements>
    <soilsalttolerance>unknown</soilsalttolerance>
    <droughttolerance>moderate</droughttolerance>
    <soildrainagetolerance>well-drained</soildrainagetolerance>
    <soiltexturetolerance>clay, sand, loam</soiltexturetolerance>
  </culturetolerances>
  <nativeorigin>
    <nativestate>Native But State Unknown</nativestate>
    <nativetonorthamerica>yes</nativetonorthamerica>
    <recommendedfordryclimates>yes</recommendedfordryclimates>
    <nativefloridacounty>Not Native to Florida</nativefloridacounty>
  </nativeorigin>
  <lifespan>more than 50 years</lifespan>
</tree>