<?xml version="1.0" encoding="UTF-8" standalone="no"?><tree>
  <foliage>
    <shape>fan-shaped, star-shaped</shape>
    <summercolor>green, silver, blue or blue-green</summercolor>
    <spiny>yes</spiny>
    <type>simple</type>
    <arrangement>spiral, alternate</arrangement>
    <bladelength>18 to 36 inches, more than 36 inches</bladelength>
    <venation>palmate</venation>
    <fallcharacteristics>not showy</fallcharacteristics>
    <margin>lobed</margin>
    <fallcolor>no color change</fallcolor>
    <persistence>evergreen</persistence>
  </foliage>
  <rangemap>Range Map RM8B11</rangemap>
  <pestresistance>resistant to pests/diseases</pestresistance>
  <lifespan>25 to 50 years</lifespan>
  <culturetolerances>
    <saltspraytolerance>high</saltspraytolerance>
    <soilphtolerance>alkaline, acidic</soilphtolerance>
    <lightrequirements>full sun, partial sun or partial shade</lightrequirements>
    <soilsalttolerance>poor</soilsalttolerance>
    <droughttolerance>high</droughttolerance>
    <soildrainagetolerance>well-drained</soildrainagetolerance>
    <soiltexturetolerance>clay, sand, loam</soiltexturetolerance>
  </culturetolerances>
  <flower>
    <season>flowers in spring</season>
    <color>yellow</color>
    <fragrance>no</fragrance>
    <showiness>not showy</showiness>
  </flower>
  <diseases>&lt;p align="center"&gt;&lt;b&gt;&lt;u&gt;Diseases&lt;/u&gt;&lt;/b&gt;&lt;/p&gt;&lt;p align="left"&gt;

No diseases are  of major concern. &lt;/p&gt;</diseases>
  <planttype>palm, tree, shrub</planttype>
  <use>screen, specimen, container or planter, deck or patio, indoors, recommended</use>
  <usdahardinesszone>8B-11</usdahardinesszone>
  <nativeorigin>
    <nativetonorthamerica>no</nativetonorthamerica>
    <recommendedfordryclimates>yes</recommendedfordryclimates>
    <nativefloridacounty>Not Native to Florida</nativefloridacounty>
  </nativeorigin>
  <size>
    <height>6 to 10 feet</height>
    <maturespread>6 to 10 feet</maturespread>
    <maintainableheight>not suitable for clipping</maintainableheight>
    <matureheight>8 to 12 feet</matureheight>
    <spread>6 to 10 feet</spread>
  </size>
  <trunkandbranches>
    <branchdrooping>branches don't droop</branchdrooping>
    <woodspecificgravity>unknown</woodspecificgravity>
    <crownshaft>no</crownshaft>
    <currentyeartwigcolor>not applicable</currentyeartwigcolor>
    <thorns>no</thorns>
    <pruningrequirement>little required</pruningrequirement>
    <trunkandbranchbreakage>resistant</trunkandbranchbreakage>
    <barkthickness>not applicable</barkthickness>
    <numberoftrunks>typically multi-trunked, can be trained to one trunk</numberoftrunks>
    <showiness>showy</showiness>
  </trunkandbranches>
  <pests>&lt;p align="center"&gt;&lt;b&gt;&lt;u&gt;Pests&lt;/u&gt;&lt;/b&gt;&lt;/p&gt;&lt;p align="left"&gt;

Scale may be a problem. &lt;/p&gt;</pests>
  <fruit>
    <composition>dry or hard</composition>
    <attractiontowildlife>little</attractiontowildlife>
    <edible>no</edible>
    <shape>round</shape>
    <showiness>not showy</showiness>
    <length>less than .5 inch</length>
    <persistant>no</persistant>
    <litter>fruit/leaves not a litter problem</litter>
    <color>brown</color>
  </fruit>
  <name>
    <listingname>European Fan Palm, Palm, European Fan</listingname>
    <family>Palmae</family>
    <pronunciation>kuh-MEE-rops  HEW-mih-liss</pronunciation>
    <species>humilis</species>
    <genus>Chamaerops</genus>
    <commonname>European Fan Palm</commonname>
  </name>
  <photographs>
    <entireplant>4384570</entireplant>
    <flower>11126382</flower>
    <other>9683374</other>
    <foliage>3778617</foliage>
    <trunk>411978</trunk>
  </photographs>
  <crowncanopy>
    <texture>fine</texture>
    <density>moderate</density>
    <shape>palm, upright/erect</shape>
    <uniformity>irregular</uniformity>
  </crowncanopy>
  <other>
    <verticilliumwilt>unknown</verticilliumwilt>
    <outstandingtree>no</outstandingtree>
    <winterinterest>no</winterinterest>
    <invasivepotential>not assessed or incomplete data</invasivepotential>
    <surfacerooting>not a problem</surfacerooting>
    <availability>generally available</availability>
    <ozonesensitivity>unknown</ozonesensitivity>
  </other>
  <descriptivetext>&lt;p align="center"&gt;&lt;b&gt;&lt;em&gt;Chamaerops humilis &lt;/em&gt;European Fan Palm, Mediterranean Fan Palm &lt;/b&gt;&lt;/p&gt;&lt;p align="left"&gt;

This small, multi-stemmed, hardy palm is the only one native to Europe, and is hardier than most palms.  The curved, clumping, short trunks and gray-green, fan-shaped leaves, borne thickly in a bushy head, make a stunning sculptural element in a garden or patio containers.  The fine-textured fronds make the palm stand out from other plants in the landscape.  Leaf color on individual plants ranges from light green through silver.  Although growth rate is slow, it is well worth the wait since even small palnts will stand out nicely in almost any landscape. &lt;/p&gt;&lt;p align="left"&gt;

By removing suckers from the base of the main trunk, this slightly salt-tolerant palm may also be trained as a single-trunked palm.  Since the leaf stalks are spiny, Fan Palm may also be used as a barrier, planted three to five feet apart.  It makes a nice accent plant in a shrub border or in a low-growing groundcover.  It can also be planted several feet apart in a mass on a large-scale landscape forming a fine-textured accent area.  Growing best in moist rich soil, it is drought- and wind-resistant, and established plants will survive temperatures to 10-degrees F. or below, in full sun or light shade.  Plants grow very slowly in the shade. &lt;/p&gt;&lt;p align="left"&gt;

Propagation is by seed or division. &lt;/p&gt;</descriptivetext>
  <growthrate>slow</growthrate>
</tree>