<?xml version="1.0" encoding="UTF-8" standalone="no"?><tree>
  <diseases>&lt;p align="center"&gt;&lt;b&gt;&lt;u&gt;Diseases&lt;/u&gt;&lt;/b&gt;&lt;/p&gt;&lt;p align="left"&gt;

Usually no diseases are of major concern. &lt;/p&gt;&lt;p align="left"&gt;

Phomopsis blight can be a problem on young plants in nurseries or old plants in landscape situations.  In young plants, branch tips turn brown and die back until the whole branch or young tree is killed.  Tip blight infects trees during wet weather.  The disease causes sooty pustules on the leaves, bark and cones.  Trees over five years old are less susceptible.  When older trees in landscapes are affected, entire trees are seldom killed. &lt;/p&gt;&lt;p align="left"&gt;

Scorch may look like a disease but is caused by excessive direct sun, freezing stress, drought or mites.  Freezing stress can be prevented by shading small plants in winter.  &lt;/p&gt;</diseases>
  <planttype>tree</planttype>
  <size>
    <height>25 to 50 feet</height>
    <maturespread>20 to 30 feet</maturespread>
    <maintainableheight>not suitable for clipping</maintainableheight>
    <matureheight>25 to 35 feet</matureheight>
    <spread>15 to 25 feet</spread>
  </size>
  <use>specimen, bonsai, recommended</use>
  <flower>
    <season>unknown</season>
    <color>unknown</color>
    <fragrance>no</fragrance>
    <showiness>not showy</showiness>
  </flower>
  <other>
    <verticilliumwilt>resistant</verticilliumwilt>
    <outstandingtree>no</outstandingtree>
    <winterinterest>no</winterinterest>
    <invasivepotential>not assessed or incomplete data</invasivepotential>
    <surfacerooting>not a problem</surfacerooting>
    <availability>somewhat available</availability>
    <ozonesensitivity>unknown</ozonesensitivity>
  </other>
  <fruit>
    <composition>dry or hard</composition>
    <attractiontowildlife>little</attractiontowildlife>
    <edible>no</edible>
    <shape>round, cone</shape>
    <showiness>not showy</showiness>
    <length>less than .5 inch</length>
    <persistant>no</persistant>
    <litter>fruit/leaves not a litter problem</litter>
    <color>brown</color>
  </fruit>
  <factsheet>ST158</factsheet>
  <growthrate>slow</growthrate>
  <crowncanopy>
    <texture>fine</texture>
    <density>dense</density>
    <shape>pyramidal</shape>
    <uniformity>symmetrical</uniformity>
  </crowncanopy>
  <photographs>
    <other>13566817</other>
    <entireplant>8797982</entireplant>
  </photographs>
  <name>
    <listingname>Sawara Falsecypress, Falsecypress, Sawara</listingname>
    <family>Cupressaceae</family>
    <pronunciation>kam-eh-SIP-uh-riss  pye-SIFF-er-uh</pronunciation>
    <species>pisifera</species>
    <genus>Chamaecyparis</genus>
    <cultivar>'Filifera'</cultivar>
    <commonname>Sawara Falsecypress</commonname>
  </name>
  <trunkandbranches>
    <currentyeartwigcolor>green, brown</currentyeartwigcolor>
    <numberoftrunks>typically one trunk</numberoftrunks>
    <pruningrequirement>little required</pruningrequirement>
    <showiness>showy</showiness>
    <currentyeartwigthickness>thin</currentyeartwigthickness>
    <trunkandbranchbreakage>resistant</trunkandbranchbreakage>
    <woodspecificgravity>unknown</woodspecificgravity>
    <branchdrooping>branches droop</branchdrooping>
    <crownshaft>not applicable</crownshaft>
    <barkthickness>thick</barkthickness>
    <thorns>no</thorns>
  </trunkandbranches>
  <rangemap>Range Map RM5A8A</rangemap>
  <descriptivetext>&lt;p align="center"&gt;&lt;b&gt;&lt;em&gt;Chamaecyparis pisifera &lt;/em&gt; `Filifera'Sawara Falsecypress &lt;/b&gt;&lt;/p&gt;&lt;p align="left"&gt;

Sawara Falsecypress grows slowly to about 30 feet in height and 20 feet wide at the base of the tree, and has thin, horizontal to pendulous branches of a very fine texture which forms a dense, broad pyramid.  The very attractive, reddish-brown, smooth, peeling bark is complemented nicely by the medium green foliage, but is usually not seen since lower branches are normally left on the tree and hide the trunk.  This tree is quite popular in oriental and rock gardens, but can grow to be quite wide, so allow plenty of room for best form and development. &lt;/p&gt;&lt;p align="left"&gt;

It is best used as a specimen planting for a large, open area of a commercial or large residential landscape.  Although it looks great in the nursery, it often grows too wide for a small residential lot. &lt;/p&gt;&lt;p align="left"&gt;

Sawara Falsecypress should be grown in full sun to partial shade on moist, well-drained, non-alkaline soil in regions with moderate to high humidity.  Although moderately drought tolerant, it is not especially happy in very hot summers unless provided with some irrigation.  The plants transplant reasonably well when root pruned.  It must be given full sun so lower branches remain on the tree to provide the best appearance.  Plant looks sloppy if lower branches die or are removed, and this is not recommended.  Locate the plant properly to eliminate the need for pruning. &lt;/p&gt;&lt;p align="left"&gt;

Propagation is by cuttings. &lt;/p&gt;</descriptivetext>
  <pestresistance>resistant to pests/diseases</pestresistance>
  <foliage>
    <shape>scale-like</shape>
    <summercolor>green</summercolor>
    <spiny>no</spiny>
    <type>simple</type>
    <arrangement>opposite/subopposite</arrangement>
    <bladelength>less than 2 inches</bladelength>
    <venation>none, or difficult to see</venation>
    <fallcharacteristics>not showy</fallcharacteristics>
    <margin>entire</margin>
    <fallcolor>no color change</fallcolor>
    <persistence>evergreen</persistence>
  </foliage>
  <pests>&lt;p align="center"&gt;&lt;b&gt;&lt;u&gt;Pests&lt;/u&gt;&lt;/b&gt;&lt;/p&gt;&lt;p align="left"&gt;

Usually no pests are of major concern, perhaps bagworm. &lt;/p&gt;&lt;p align="left"&gt;

Juniper scale is best controlled by applying pesticides when the crawlers are active.  &lt;/p&gt;&lt;p align="left"&gt;

The bagworm webs dead foliage together to make a nest.  The covering makes the insect difficult to control.  Use sprays of  &lt;em&gt;Bacillus thuringiensis &lt;/em&gt;.  The nests can be picked off by hand when infestations are small.  &lt;/p&gt;</pests>
  <usdahardinesszone>5A-8A</usdahardinesszone>
  <culturetolerances>
    <saltspraytolerance>low</saltspraytolerance>
    <soilphtolerance>acidic</soilphtolerance>
    <lightrequirements>full sun, partial sun or partial shade</lightrequirements>
    <soilsalttolerance>poor</soilsalttolerance>
    <droughttolerance>moderate</droughttolerance>
    <soildrainagetolerance>well-drained</soildrainagetolerance>
    <soiltexturetolerance>clay, sand, loam</soiltexturetolerance>
  </culturetolerances>
  <nativeorigin>
    <nativetonorthamerica>no</nativetonorthamerica>
    <recommendedfordryclimates>no</recommendedfordryclimates>
    <nativefloridacounty>Not Native to Florida</nativefloridacounty>
  </nativeorigin>
  <lifespan>more than 50 years</lifespan>
</tree>