<?xml version="1.0" encoding="UTF-8" standalone="no"?><tree>
  <diseases>&lt;p align="center"&gt;&lt;b&gt;&lt;u&gt;Diseases&lt;/u&gt;&lt;/b&gt;&lt;/p&gt;&lt;p align="left"&gt;

No diseases are of major concern. &lt;/p&gt;</diseases>
  <planttype>tree</planttype>
  <size>
    <height>15 to 25 feet</height>
    <maturespread>15 to 25 feet</maturespread>
    <maintainableheight>not suitable for clipping</maintainableheight>
    <matureheight>20 to 30 feet</matureheight>
    <spread>15 to 25 feet</spread>
  </size>
  <use>reclamation, highway median, specimen, screen, hedge, recommended</use>
  <flower>
    <season>flowers in summer</season>
    <color>red</color>
    <fragrance>pleasant</fragrance>
    <showiness>showy</showiness>
  </flower>
  <other>
    <verticilliumwilt>unknown</verticilliumwilt>
    <outstandingtree>yes</outstandingtree>
    <winterinterest>no</winterinterest>
    <invasivepotential>native to North America</invasivepotential>
    <surfacerooting>not a problem</surfacerooting>
    <availability>somewhat available</availability>
    <ozonesensitivity>unknown</ozonesensitivity>
  </other>
  <fruit>
    <composition>no fruit</composition>
    <attractiontowildlife>attracts birds</attractiontowildlife>
    <edible>no fruit</edible>
    <shape>no fruit</shape>
    <showiness>no fruit</showiness>
    <length>no fruit</length>
    <persistant>no fruit</persistant>
    <litter>no fruit</litter>
    <color>no fruit</color>
  </fruit>
  <factsheet>ST159</factsheet>
  <growthrate>moderate</growthrate>
  <crowncanopy>
    <texture>fine</texture>
    <density>open</density>
    <shape>round, spreading</shape>
    <uniformity>irregular</uniformity>
  </crowncanopy>
  <photographs>
    <flower>14965634</flower>
    <entireplant>1320911</entireplant>
  </photographs>
  <name>
    <listingname>'Burgundy' Desert-Willow</listingname>
    <family>Bignoniaceae</family>
    <pronunciation>kye-LOP-sis  lin-ee-AIR-iss</pronunciation>
    <species>linearis</species>
    <genus>Chilopsis</genus>
    <cultivar>'Burgundy'</cultivar>
    <commonname>Desert-Willow</commonname>
  </name>
  <trunkandbranches>
    <currentyeartwigcolor>green</currentyeartwigcolor>
    <numberoftrunks>typically multi-trunked, can be trained to one trunk</numberoftrunks>
    <pruningrequirement>needed for strong structure</pruningrequirement>
    <showiness>not showy</showiness>
    <currentyeartwigthickness>thin</currentyeartwigthickness>
    <trunkandbranchbreakage>resistant</trunkandbranchbreakage>
    <woodspecificgravity>unknown</woodspecificgravity>
    <branchdrooping>branches droop</branchdrooping>
    <crownshaft>not applicable</crownshaft>
    <barkthickness>thick</barkthickness>
    <thorns>no</thorns>
  </trunkandbranches>
  <rangemap>Range Map RM7B11</rangemap>
  <descriptivetext>&lt;p align="center"&gt;&lt;b&gt;&lt;em&gt;Chilopsis linearis &lt;/em&gt;Desert-Willow &lt;/b&gt;&lt;/p&gt;&lt;p align="left"&gt;

Desert-Willow reaches 30 feet in height and a width of 25 feet, with fairly loose, open branching.  The narrow leaves are five to 12 inches long and, although deciduous, provide no appreciable fall color change. &lt;/p&gt;&lt;p align="left"&gt;

Unlike the weak wood of true willows, the wood of Desert-Willow was used by Indians to craft their hunting bows.  The wood has also been used for fence posts, and baskets are often woven from the twigs.  It is the blossoms of Desert-Willow which help make it so special, though, the showy, two to four-inch-long clusters of 1 to 1.5-inch-long, trumpet-shaped blooms appearing from late spring to early fall, or only during the summer if rainfall is sparse.  The blooms occur at the tips of the branches and on new growth.  The extremely fragrant, orchid-like blooms are most often seen in shades of lavender and pink but a white variety is occasionally found.  The bees find the blossoms irresistible and a delightful honey is produced from the flowers.  The narrow, four to 12-inch-long seed capsules which follow persist on the tree, and the seeds are quite popular with birds.   &lt;/p&gt;&lt;p align="left"&gt;

The multi-trunked, well branched habit of growth and thick growth make Desert-Willow well suited for a wide screen or tall hedge.  Groups can be planted in a large-scale landscape for a splash of color.  The tree has also been popular in residential plantings as specimens. &lt;/p&gt;&lt;p align="left"&gt;

Desert-Willow should be grown in full sun and is extremely drought-tolerant.  While the trees will grow better with adequate moisture, they will not tolerate overwatering. &lt;/p&gt;&lt;p align="left"&gt;

Cultivars include `Dark Storm' with burgundy flowers and `Pink Star' with bright pink flowers. &lt;/p&gt;&lt;p align="left"&gt;

Propagation is done easily by cuttings. &lt;/p&gt;</descriptivetext>
  <pestresistance>free of serious pests and diseases</pestresistance>
  <foliage>
    <shape>linear, lanceolate</shape>
    <summercolor>green</summercolor>
    <spiny>no</spiny>
    <type>simple</type>
    <arrangement>opposite/subopposite, alternate</arrangement>
    <bladelength>4 to 8 inches, 8 to 12 inches</bladelength>
    <venation>pinnate, parallel</venation>
    <fallcharacteristics>not showy</fallcharacteristics>
    <margin>entire</margin>
    <fallcolor>no color change</fallcolor>
    <persistence>deciduous</persistence>
  </foliage>
  <pests>&lt;p align="center"&gt;&lt;b&gt;&lt;u&gt;Pests&lt;/u&gt;&lt;/b&gt;&lt;/p&gt;&lt;p align="left"&gt;

No pests are of major concern. &lt;/p&gt;</pests>
  <usdahardinesszone>7B-11</usdahardinesszone>
  <culturetolerances>
    <saltspraytolerance>unknown</saltspraytolerance>
    <soilphtolerance>alkaline, slightly alkaline, acidic</soilphtolerance>
    <lightrequirements>full sun</lightrequirements>
    <soilsalttolerance>unknown</soilsalttolerance>
    <droughttolerance>high</droughttolerance>
    <soildrainagetolerance>well-drained</soildrainagetolerance>
    <soiltexturetolerance>clay, sand, loam</soiltexturetolerance>
  </culturetolerances>
  <nativeorigin>
    <nativestate>Native But State Unknown</nativestate>
    <nativetonorthamerica>yes</nativetonorthamerica>
    <recommendedfordryclimates>yes</recommendedfordryclimates>
    <nativefloridacounty>Not Native to Florida</nativefloridacounty>
  </nativeorigin>
  <lifespan>25 to 50 years</lifespan>
</tree>