<?xml version="1.0" encoding="UTF-8" standalone="no"?><tree>
  <planttype>tree</planttype>
  <size>
    <height>25 to 50 feet</height>
    <maturespread>40 to 55 feet</maturespread>
    <maintainableheight>not suitable for clipping</maintainableheight>
    <matureheight>35 to 50 feet</matureheight>
    <spread>25 to 35 feet</spread>
  </size>
  <use>shade, specimen, street without sidewalk, highway median, recommended</use>
  <flower>
    <season>flowers in winter, flowers in fall</season>
    <color>pink</color>
    <fragrance>no</fragrance>
    <showiness>very showy</showiness>
  </flower>
  <other>
    <verticilliumwilt>unknown</verticilliumwilt>
    <outstandingtree>yes</outstandingtree>
    <winterinterest>yes</winterinterest>
    <invasivepotential>not assessed or incomplete data</invasivepotential>
    <surfacerooting>can form large surface roots</surfacerooting>
    <availability>rarely available</availability>
    <ozonesensitivity>unknown</ozonesensitivity>
  </other>
  <fruit>
    <composition>dry or hard</composition>
    <attractiontowildlife>little</attractiontowildlife>
    <edible>no</edible>
    <shape>oval, round</shape>
    <showiness>showy</showiness>
    <length>6 to 12 inches</length>
    <persistant>no</persistant>
    <litter>fruit/leaves not a litter problem</litter>
    <color>brown, white/gray</color>
  </fruit>
  <factsheet>ST164</factsheet>
  <growthrate>fast</growthrate>
  <crowncanopy>
    <texture>coarse</texture>
    <density>moderate</density>
    <shape>vase</shape>
    <uniformity>irregular</uniformity>
  </crowncanopy>
  <photographs>
  </photographs>
  <name>
    <listingname>'Monsa' Floss-Silk Tree, Floss-Silk Tree, 'Monsa'</listingname>
    <family>Bombacaceae</family>
    <pronunciation>koe-RIZZ-ee-uh  spee-see-OH-suh</pronunciation>
    <species>speciosa</species>
    <genus>Chorisia</genus>
    <cultivar>'Monsa'</cultivar>
    <commonname>'Monsa' Floss-Silk Tree</commonname>
  </name>
  <trunkandbranches>
    <currentyeartwigcolor>green</currentyeartwigcolor>
    <numberoftrunks>typically one trunk</numberoftrunks>
    <pruningrequirement>needed for strong structure</pruningrequirement>
    <showiness>very showy</showiness>
    <currentyeartwigthickness>medium</currentyeartwigthickness>
    <trunkandbranchbreakage>resistant</trunkandbranchbreakage>
    <woodspecificgravity>unknown</woodspecificgravity>
    <branchdrooping>branches don't droop</branchdrooping>
    <crownshaft>not applicable</crownshaft>
    <barkthickness>thin bark</barkthickness>
    <thorns>no</thorns>
  </trunkandbranches>
  <rangemap>Range Map RM10A11</rangemap>
  <descriptivetext>&lt;p align="center"&gt;&lt;b&gt;&lt;em&gt;Chorisia speciosa &lt;/em&gt; `Monsa' `Monsa' Floss-Silk Tree &lt;/b&gt;&lt;/p&gt;&lt;p align="left"&gt;

This rounded, evergreen tree eventually has spreading branches which are green when young and without spines.  Young trees can have an upright of moderately vase form.  The trunk is unusually thick and remains green even on older trees.  Floss silk-tree can reach 50 feet in height with an equal or greater spread, and grows rapidly the first few years, then more slowly.  The crown shape is more predictable than the species.  The large, showy, pink and white, five-petaled flowers, which somewhat resemble narrow-petaled hibiscus, are produced in small clusters in fall and winter (usually October) when the tree is nearly bare.  The fruits are large, eight-inch-long, pear-shaped, woody capsules, filled with silky, white, kapok-like floss and pea-like seeds.  Floss from the seeds was used for stuffing pillows and thin strips of the bark have been used to make rope. &lt;/p&gt;&lt;p align="left"&gt;

An excellent specimen tree for parks, parking lots, and other large landscapes, Floss-Silk tree is spectacular when in bloom, producing an outstanding show of color in the fall.  Large roots often form at the base of the trunk just beneath the soil, so be careful not to plant the tree too close to sidewalks or pavement.  Ten feet from curbs, driveways and sidewalks should be adequate. &lt;/p&gt;&lt;p align="left"&gt;

Prune the tree to be sure that only one central trunk develops when the tree is young.  The central leader becomes less vigorous in middle age, allowing lateral limbs to develop into the main structure of the tree producing a spreading form.  Although most branches are horizontal and well-attached to the tree, upright branches can develop with embedded bark which can cause a branch to split from the trunk.  Prevent this by pruning the major limbs so they remain less than half the diameter of the trunk. &lt;/p&gt;&lt;p align="left"&gt;

Flowering best in full sun, floss Silk-tree will thrive on any reasonably fertile soil with good drainage.  It is not salt tolerant but does tolerate high pH.  Grafted trees are preferred as they bloom earlier and at a smaller size. &lt;/p&gt;&lt;p align="left"&gt;

Two grafted selections are available: `Los Angeles Beautiful' has wine red flowers; and `Majestic Beauty' has rich pink flowers. &lt;/p&gt;&lt;p align="left"&gt;

Propagation is by seed or grafting. &lt;/p&gt;</descriptivetext>
  <pestresistance>free of serious pests and diseases</pestresistance>
  <foliage>
    <shape>elliptic (oval)</shape>
    <summercolor>green</summercolor>
    <spiny>no</spiny>
    <type>palmately compound</type>
    <arrangement>alternate</arrangement>
    <bladelength>2 to 4 inches, 4 to 8 inches</bladelength>
    <venation>pinnate</venation>
    <fallcharacteristics>not showy</fallcharacteristics>
    <margin>serrate</margin>
    <fallcolor>no color change</fallcolor>
    <persistence>evergreen</persistence>
  </foliage>
  <pestsanddiseases>&lt;p align="center"&gt;&lt;b&gt;&lt;u&gt;Pests and Diseases&lt;/u&gt;&lt;/b&gt;&lt;/p&gt;&lt;p align="left"&gt;

No pests or diseases are of major concern. &lt;/p&gt;</pestsanddiseases>
  <usdahardinesszone>10A-11</usdahardinesszone>
  <culturetolerances>
    <saltspraytolerance>low</saltspraytolerance>
    <soilphtolerance>acidic, alkaline</soilphtolerance>
    <lightrequirements>full sun</lightrequirements>
    <soilsalttolerance>unknown</soilsalttolerance>
    <droughttolerance>high</droughttolerance>
    <soildrainagetolerance>well-drained, occasionally wet</soildrainagetolerance>
    <soiltexturetolerance>sand, loam, clay</soiltexturetolerance>
  </culturetolerances>
  <note>Photos are of Species</note>
  <nativeorigin>
    <nativetonorthamerica>no</nativetonorthamerica>
    <recommendedfordryclimates>no</recommendedfordryclimates>
    <nativefloridacounty>Not Native to Florida</nativefloridacounty>
  </nativeorigin>
  <lifespan>25 to 50 years</lifespan>
</tree>