<?xml version="1.0" encoding="UTF-8" standalone="no"?><tree>
  <foliage>
    <shape>obovate</shape>
    <summercolor>green</summercolor>
    <spiny>no</spiny>
    <type>simple</type>
    <arrangement>alternate</arrangement>
    <bladelength>2 to 4 inches</bladelength>
    <venation>brachidodrome, pinnate</venation>
    <fallcharacteristics>not showy</fallcharacteristics>
    <margin>entire</margin>
    <fallcolor>no color change</fallcolor>
    <persistence>evergreen</persistence>
  </foliage>
  <rangemap>Range Map RM10B11</rangemap>
  <pestresistance>free of serious pests and diseases</pestresistance>
  <lifespan>25 to 50 years</lifespan>
  <culturetolerances>
    <saltspraytolerance>high</saltspraytolerance>
    <soilphtolerance>acidic, alkaline</soilphtolerance>
    <lightrequirements>full sun, partial sun or partial shade</lightrequirements>
    <soilsalttolerance>good</soilsalttolerance>
    <droughttolerance>high</droughttolerance>
    <soildrainagetolerance>well-drained</soildrainagetolerance>
    <soiltexturetolerance>clay, sand, loam</soiltexturetolerance>
  </culturetolerances>
  <flower>
    <season>flowers in spring</season>
    <color>white/cream/gray</color>
    <fragrance>no</fragrance>
    <showiness>not showy</showiness>
  </flower>
  <planttype>shrub, tree</planttype>
  <use>screen, fruit, container or planter, reclamation, trained as a standard, superior hedge, parking lot island &lt; 100 sq ft, parking lot island 100-200 sq ft, parking lot island &gt; 200 sq ft, highway median, deck or patio, recommended</use>
  <usdahardinesszone>10B-11</usdahardinesszone>
  <nativeorigin>
    <nativestate>Florida</nativestate>
    <nativetonorthamerica>yes</nativetonorthamerica>
    <recommendedfordryclimates>no</recommendedfordryclimates>
    <nativefloridacounty>Brevard, Broward, Charlotte, Collier, Glades, Indian River, Lee, Martin, Miami-Dade, Monroe Mainland, Monroe Keys, Palm Beach, Sarasota, St. Lucie</nativefloridacounty>
  </nativeorigin>
  <size>
    <height>10 to 15 feet</height>
    <maturespread>10 to 15 feet</maturespread>
    <maintainableheight>4 to 6 feet</maintainableheight>
    <matureheight>10 to 20 feet</matureheight>
    <spread>10 to 15 feet</spread>
  </size>
  <pestsanddiseases>&lt;p align="center"&gt;&lt;b&gt;&lt;u&gt;Pests and Diseases&lt;/u&gt;&lt;/b&gt;&lt;/p&gt;&lt;p align="left"&gt;

No pests or diseases are of major concern. &lt;/p&gt;</pestsanddiseases>
  <trunkandbranches>
    <currentyeartwigcolor>green, reddish</currentyeartwigcolor>
    <numberoftrunks>can be trained to one trunk, typically multi-trunked</numberoftrunks>
    <pruningrequirement>little required</pruningrequirement>
    <showiness>not showy</showiness>
    <currentyeartwigthickness>medium</currentyeartwigthickness>
    <trunkandbranchbreakage>resistant</trunkandbranchbreakage>
    <woodspecificgravity>unknown</woodspecificgravity>
    <branchdrooping>branches droop</branchdrooping>
    <crownshaft>not applicable</crownshaft>
    <barkthickness>thick</barkthickness>
    <thorns>no</thorns>
  </trunkandbranches>
  <fruit>
    <composition>fleshy</composition>
    <attractiontowildlife>attracts squirrels/mammals</attractiontowildlife>
    <edible>yes</edible>
    <shape>round, oval</shape>
    <showiness>showy</showiness>
    <length>1 to 3 inches</length>
    <persistant>yes</persistant>
    <litter>fruit/leaves a litter problem</litter>
    <color>purple, pink</color>
  </fruit>
  <name>
    <listingname>Cocoplum</listingname>
    <family>Chrysobalanaceae</family>
    <pronunciation>kriss-oh-bah-LAY-nuss  eye-KAY-koe</pronunciation>
    <species>icaco</species>
    <genus>Chrysobalanus</genus>
    <commonname>Cocoplum</commonname>
  </name>
  <photographs>
    <entireplant>7800782</entireplant>
    <flower>9856130</flower>
    <fruit>3491079</fruit>
    <other>10019114</other>
    <foliage>5203996</foliage>
  </photographs>
  <crowncanopy>
    <texture>fine</texture>
    <density>dense</density>
    <shape>round, vase</shape>
    <uniformity>symmetrical</uniformity>
  </crowncanopy>
  <other>
    <verticilliumwilt>unknown</verticilliumwilt>
    <outstandingtree>yes</outstandingtree>
    <winterinterest>no</winterinterest>
    <invasivepotential>not a problem species</invasivepotential>
    <surfacerooting>not a problem</surfacerooting>
    <availability>generally available</availability>
    <ozonesensitivity>unknown</ozonesensitivity>
  </other>
  <descriptivetext>&lt;p align="center"&gt;&lt;b&gt;&lt;em&gt;Chrysobalanus icaco &lt;/em&gt;Cocoplum &lt;/b&gt;&lt;/p&gt;&lt;p align="left"&gt;

Cocoplum is used most often as a clipped hedge in south Florida.  However, it can be pruned into a multi-trunked small tree or specimen shrub.  The dense, rounded form of Cocoplum makes it very good as a background screen or as the background plant in a shrub border.  Leaves are nearly round, dark green, smooth and leathery, but the new growth is often tinged bright red, lending a red cast to the plant all during the growing season.  Fruit varies with cultivars from pinkish-white to dark purple and is edible. &lt;/p&gt;&lt;p align="left"&gt;

Reaching a height of 15 feet and a spread of 20 feet, salt-tolerant Cocoplum grows in full sun or partial shade on a wide range of soils, needing little irrigation once established.  It seems to grow well on the alkaline soils found in its native habitat in south Florida.  Plant three to four feet apart to establish a hedge farther apart for a less formal affect in a shrub border.  It should make an effective small tree for urban areas due to its ability to withstand adverse soil types. &lt;/p&gt;&lt;p align="left"&gt;

This sturdy evergreen shrub grows quickly from cuttings or seeds. &lt;/p&gt;</descriptivetext>
  <growthrate>moderate</growthrate>
</tree>