<?xml version="1.0" encoding="UTF-8" standalone="no"?><tree>
  <diseases>&lt;p align="center"&gt;&lt;b&gt;&lt;u&gt;Diseases&lt;/u&gt;&lt;/b&gt;&lt;/p&gt;&lt;p align="left"&gt;

Ganoderma root rot, potassium deficiency on older leaves. &lt;/p&gt;</diseases>
  <planttype>palm, tree</planttype>
  <size>
    <height>15 to 25 feet</height>
    <maturespread>8 to 10 feet</maturespread>
    <maintainableheight>not suitable for clipping</maintainableheight>
    <matureheight>20 to 30 feet</matureheight>
    <spread>6 to 10 feet</spread>
  </size>
  <use>indoors, deck or patio, screen, specimen, container or planter, recommended</use>
  <flower>
    <season>flowers in spring</season>
    <color>white/cream/gray</color>
    <fragrance>no</fragrance>
    <showiness>not showy</showiness>
  </flower>
  <other>
    <verticilliumwilt>resistant</verticilliumwilt>
    <outstandingtree>no</outstandingtree>
    <winterinterest>no</winterinterest>
    <invasivepotential>not assessed or incomplete data</invasivepotential>
    <surfacerooting>not a problem</surfacerooting>
    <availability>generally available</availability>
    <ozonesensitivity>unknown</ozonesensitivity>
  </other>
  <fruit>
    <composition>fleshy</composition>
    <attractiontowildlife>little</attractiontowildlife>
    <edible>no</edible>
    <shape>oval, round</shape>
    <showiness>not showy</showiness>
    <length>.5 to 1 inch</length>
    <persistant>no</persistant>
    <litter>fruit/leaves not a litter problem</litter>
    <color>black, brown, red</color>
  </fruit>
  <factsheet>ST165</factsheet>
  <growthrate>fast</growthrate>
  <crowncanopy>
    <texture>fine</texture>
    <density>open</density>
    <shape>palm, upright/erect, vase</shape>
    <uniformity>irregular</uniformity>
  </crowncanopy>
  <photographs>
    <foliage>16422672</foliage>
    <entireplant>11729415</entireplant>
  </photographs>
  <name>
    <listingname>Yellow Butterfly Palm, Bamboo Palm, Areca Palm, Palm, Yellow Butterfly, Palm, Bamboo, Palm, Areca</listingname>
    <family>Arecaceae</family>
    <pronunciation>kriss-al-lid-oh-KAR-pus  loo-TESS-enz</pronunciation>
    <species>lutescens</species>
    <genus>Chrysalidocarpus</genus>
    <commonname>Yellow Butterfly Palm, Bamboo Palm, Areca Palm</commonname>
  </name>
  <trunkandbranches>
    <branchdrooping>branches don't droop</branchdrooping>
    <woodspecificgravity>unknown</woodspecificgravity>
    <crownshaft>yes</crownshaft>
    <currentyeartwigcolor>not applicable</currentyeartwigcolor>
    <thorns>no</thorns>
    <pruningrequirement>little required</pruningrequirement>
    <trunkandbranchbreakage>resistant</trunkandbranchbreakage>
    <barkthickness>thin bark</barkthickness>
    <numberoftrunks>typically multi-trunked</numberoftrunks>
    <showiness>showy</showiness>
  </trunkandbranches>
  <rangemap>Range Map RM10A11</rangemap>
  <descriptivetext>&lt;p align="center"&gt;&lt;b&gt;&lt;em&gt;Chrysalidocarpus lutescens &lt;/em&gt;Yellow Butterfly Palm, Bamboo Palm, Areca Palm &lt;/b&gt;&lt;/p&gt;&lt;p align="left"&gt;

This graceful, clump-growing palm reaches 20 to 30 feet in height with a spread of 8 to 10 feet.  The gently arching, four to six-inch-wide, ringed, bamboo-like, green, multiple trunks are topped with curved, feathery, yellow-green fronds.  Known under a variety of names, this beautiful soft palm is quite valued throughout the tropics and is widely planted in frostfree areas.  The small, white, inconspicuous flowers are produced all year long on three-foot stalks among the leaves, and the small, oblong, black fruits ripen all year.  Yellow Butterfly Palm makes an attractive specimen, screening, or poolside planting but it is overused. &lt;/p&gt;&lt;p align="left"&gt;

Growing in full sun where it makes an excellent specimen or screen (on four-foot-centers) to the rather dense shade of patios, porches or as house plants, Yellow Butterfly Palm prefers fertile, well-drained, acid soil.  Small palms benefit from some shade until they are several feet tall and palms should be watered during periods of drought.  They require regular fertilizer applications to maintain a good appearance.  Young palms in full sun and those in high pH soils develop yellow leaves.  Older leaves on plants of any age become chlorotic, frequently from a deficiency of potassium.  Affected leaves are often speckled with bronze or yellow.  Yellow Butterfly Palm is moderately salt-tolerant. &lt;/p&gt;&lt;p align="left"&gt;

Propagation is by seeds or division. &lt;/p&gt;</descriptivetext>
  <pestresistance>resistant to pests/diseases</pestresistance>
  <foliage>
    <shape>linear</shape>
    <summercolor>green</summercolor>
    <spiny>no</spiny>
    <type>odd-pinnately compound</type>
    <arrangement>spiral</arrangement>
    <bladelength>12 to 18 inches, 18 to 36 inches</bladelength>
    <venation>parallel</venation>
    <fallcharacteristics>not showy</fallcharacteristics>
    <margin>entire</margin>
    <fallcolor>no color change</fallcolor>
    <persistence>evergreen</persistence>
  </foliage>
  <pests>&lt;p align="center"&gt;&lt;b&gt;&lt;u&gt;Pests&lt;/u&gt;&lt;/b&gt;&lt;/p&gt;&lt;p align="left"&gt;

Scales followed by sooty-mold can be a problem for Yellow Butterfly Palm. &lt;/p&gt;</pests>
  <usdahardinesszone>10A-11</usdahardinesszone>
  <culturetolerances>
    <saltspraytolerance>moderate</saltspraytolerance>
    <soilphtolerance>slightly alkaline, acidic</soilphtolerance>
    <lightrequirements>full sun, partial sun or partial shade, shade tolerant</lightrequirements>
    <soilsalttolerance>unknown</soilsalttolerance>
    <droughttolerance>moderate</droughttolerance>
    <soildrainagetolerance>well-drained, occasionally wet</soildrainagetolerance>
    <soiltexturetolerance>clay, sand, loam</soiltexturetolerance>
  </culturetolerances>
  <nativeorigin>
    <nativetonorthamerica>no</nativetonorthamerica>
    <recommendedfordryclimates>no</recommendedfordryclimates>
    <nativefloridacounty>Not Native to Florida</nativefloridacounty>
  </nativeorigin>
  <lifespan>25 to 50 years</lifespan>
</tree>