<?xml version="1.0" encoding="UTF-8" standalone="no"?><tree>
  <factsheet>ST168</factsheet>
  <descriptivetext>&lt;p align="center"&gt;&lt;b&gt;&lt;em&gt;Cinnamomum camphora &lt;/em&gt; `Monum' `Monum' Camphor-Tree &lt;/b&gt;&lt;/p&gt;&lt;p align="left"&gt;

This round-canopied, evergreen tree has broad, large-diameter, unusually strong branches and reportedly grows only to 40 feet in height with a narrower spread.  This contrasts to the large size of the species.  The glossy green, thin but leathery leaves give off a camphor aroma when crushed and create dense shade.  Leaves are larger than the species.  The stems and bark on young branches of Camphor-Tree are bright green, tinged with red when young, maturing into a dark grey-brown, rugged-looking trunk which appears almost black when wet from rain.  Trunk and branch structure on older trees appear similar to mature live oaks.  The inconspicuous, tiny, yellow flowers are followed by a profusion of small, black berries which can become an annoyance on walks and driveways because they are messy but are quite attractive to wildlife.  Fruits will stain cars.  Some occasionally germinate below the tree but not nearly as much of a problem as some other trees.  Birds can also carry the seed to remote areas where it will occasionally germinate.  The leaves, twigs, and wood are the commercial source of camphor.  The dried bark of  &lt;em&gt;Cinnamomum zeylanicum &lt;/em&gt; yields cinnamon. &lt;/p&gt;&lt;p align="left"&gt;

This cultivar of Camphor-Tree is ideal when used as a shade tree in parks or medium or large-sized landscapes.  It might be suited for street tree planting where cars do not park and sidewalk usage is low.  Prune to develop major branches, space 18 to 30 inches apart along a central trunk to develop good structure.  Do not allow major branches to grow from the same spot on the trunk and avoid upright, multi-trunked trees.  It may be difficult to maintain a lawn beneath the dense shade of a Camphor-Tree and a shade-tolerant groundcover may better suit the purpose.  The trunk on older specimens of the species grows to six feet or more in diameter and is quite picturesque, but the cultivar is probably much smaller.  Shallow roots can be a nuisance.  The species has escaped cultivation in some areas. &lt;/p&gt;&lt;p align="left"&gt;

Growing in full sun to partial shade, Camphor-Tree is amenable to a variety of soils, will grow but often develops minor element deficiencies on alkaline soils.  Camphor-Tree is highly tolerant of urban conditions but will not tolerate water-logged soils.  It is adapted to grow along the coast exposed to some sea salt. &lt;/p&gt;</descriptivetext>
  <pests>&lt;p align="center"&gt;&lt;b&gt;&lt;u&gt;Pests&lt;/u&gt;&lt;/b&gt;&lt;/p&gt;&lt;p align="left"&gt;

Scales and mites are common problems on Camphor-Trees.  Seeds of the species can germinate easily in the landscape but this is usually a minor problem.  Has escaped cultivation in Florida, Louisiana, and parts of coastal Texas, so use it (if at all) with caution. &lt;/p&gt;</pests>
  <culturetolerances>
    <saltspraytolerance>low</saltspraytolerance>
    <soilphtolerance>acidic, slightly alkaline</soilphtolerance>
    <lightrequirements>full sun, partial sun or partial shade</lightrequirements>
    <soilsalttolerance>unknown</soilsalttolerance>
    <droughttolerance>high</droughttolerance>
    <soildrainagetolerance>well-drained</soildrainagetolerance>
    <soiltexturetolerance>sand, loam, clay</soiltexturetolerance>
  </culturetolerances>
  <trunkandbranches>
    <currentyeartwigcolor>green</currentyeartwigcolor>
    <numberoftrunks>typically one trunk</numberoftrunks>
    <pruningrequirement>needed for strong structure</pruningrequirement>
    <showiness>showy</showiness>
    <currentyeartwigthickness>thin, medium</currentyeartwigthickness>
    <trunkandbranchbreakage>resistant</trunkandbranchbreakage>
    <woodspecificgravity>unknown</woodspecificgravity>
    <branchdrooping>branches droop</branchdrooping>
    <crownshaft>not applicable</crownshaft>
    <barkthickness>thick</barkthickness>
    <thorns>no</thorns>
  </trunkandbranches>
  <note>Photos are of Species</note>
  <name>
    <listingname>'Monum' Camphor-Tree, Camphor-Tree, 'Monum'</listingname>
    <family>Lauraceae</family>
    <pronunciation>sin-uh-MOE-mum  kam-FOR-uh</pronunciation>
    <species>camphora</species>
    <genus>Cinnamomum</genus>
    <cultivar>'Monum'</cultivar>
    <commonname>'Monum' Camphor-Tree</commonname>
  </name>
  <usdahardinesszone>9B-11</usdahardinesszone>
  <diseases>&lt;p align="center"&gt;&lt;b&gt;&lt;u&gt;Diseases&lt;/u&gt;&lt;/b&gt;&lt;/p&gt;&lt;p align="left"&gt;

Camphor-Tree is subject to a root rot, especially in poorly-drained soils. &lt;/p&gt;</diseases>
  <nativeorigin>
    <nativetonorthamerica>no</nativetonorthamerica>
    <recommendedfordryclimates>no</recommendedfordryclimates>
    <nativefloridacounty>Not Native to Florida</nativefloridacounty>
  </nativeorigin>
  <use>urban tolerant, screen, shade, not recommended</use>
  <growthrate>moderate</growthrate>
  <planttype>tree</planttype>
  <rangemap>Range Map RM9B11</rangemap>
  <foliage>
    <shape>ovate, obovate</shape>
    <summercolor>green</summercolor>
    <spiny>no</spiny>
    <type>simple</type>
    <arrangement>alternate</arrangement>
    <bladelength>2 to 4 inches</bladelength>
    <venation>pinnate</venation>
    <fallcharacteristics>not showy</fallcharacteristics>
    <margin>entire</margin>
    <fallcolor>no color change</fallcolor>
    <persistence>evergreen, broadleaf evergreen, fragrant</persistence>
  </foliage>
  <flower>
    <season>flowers in spring</season>
    <color>yellow</color>
    <fragrance>no</fragrance>
    <showiness>not showy</showiness>
  </flower>
  <pestresistance>resistant to pests/diseases</pestresistance>
  <lifespan>more than 50 years</lifespan>
  <fruit>
    <composition>fleshy</composition>
    <attractiontowildlife>attracts squirrels/mammals, attracts birds</attractiontowildlife>
    <edible>no</edible>
    <shape>round</shape>
    <showiness>not showy</showiness>
    <length>less than .5 inch</length>
    <persistant>no</persistant>
    <litter>fruit/leaves a litter problem</litter>
    <color>black</color>
  </fruit>
  <size>
    <height>25 to 50 feet</height>
    <maturespread>25 to 35 feet</maturespread>
    <maintainableheight>not suitable for clipping</maintainableheight>
    <matureheight>35 to 40 feet</matureheight>
    <spread>25 to 35 feet</spread>
  </size>
  <other>
    <verticilliumwilt>susceptible</verticilliumwilt>
    <outstandingtree>no</outstandingtree>
    <winterinterest>yes</winterinterest>
    <invasivepotential>invasive: not recommended</invasivepotential>
    <surfacerooting>can form large surface roots</surfacerooting>
    <availability>rarely available</availability>
    <ozonesensitivity>unknown</ozonesensitivity>
  </other>
  <crowncanopy>
    <texture>medium</texture>
    <density>dense</density>
    <shape>round</shape>
    <uniformity>symmetrical</uniformity>
  </crowncanopy>
  <photographs>
  </photographs>
</tree>