<?xml version="1.0" encoding="UTF-8" standalone="no"?><tree>
  <diseases>&lt;p align="center"&gt;&lt;b&gt;&lt;u&gt;Diseases&lt;/u&gt;&lt;/b&gt;&lt;/p&gt;&lt;p align="left"&gt;

Camphor-Tree is subject to a root rot, especially in poorly-drained soils. &lt;/p&gt;</diseases>
  <planttype>tree</planttype>
  <size>
    <height>25 to 50 feet</height>
    <maturespread>50 to 70 feet</maturespread>
    <maintainableheight>not suitable for clipping</maintainableheight>
    <matureheight>40 to 50 feet</matureheight>
    <spread>over 50 feet</spread>
  </size>
  <use>screen, shade, urban tolerant, not recommended</use>
  <flower>
    <season>flowers in spring</season>
    <color>yellow</color>
    <fragrance>no</fragrance>
    <showiness>not showy</showiness>
  </flower>
  <other>
    <verticilliumwilt>susceptible</verticilliumwilt>
    <outstandingtree>no</outstandingtree>
    <winterinterest>yes</winterinterest>
    <invasivepotential>invasive: not recommended</invasivepotential>
    <surfacerooting>can form large surface roots</surfacerooting>
    <availability>generally available</availability>
    <ozonesensitivity>unknown</ozonesensitivity>
  </other>
  <fruit>
    <composition>fleshy</composition>
    <attractiontowildlife>attracts birds, attracts squirrels/mammals</attractiontowildlife>
    <edible>no</edible>
    <shape>round</shape>
    <showiness>not showy</showiness>
    <length>less than .5 inch</length>
    <persistant>no</persistant>
    <litter>fruit/leaves a litter problem</litter>
    <color>black</color>
  </fruit>
  <factsheet>ST167</factsheet>
  <growthrate>fast</growthrate>
  <crowncanopy>
    <texture>medium</texture>
    <density>dense</density>
    <shape>round</shape>
    <uniformity>symmetrical</uniformity>
  </crowncanopy>
  <photographs>
    <foliage>14102693</foliage>
    <trunk>2303758</trunk>
    <flower>392218</flower>
    <fruit>15375070</fruit>
    <other>12011578</other>
    <entireplant>8799218</entireplant>
  </photographs>
  <name>
    <listingname>Camphor-Tree</listingname>
    <family>Lauraceae</family>
    <pronunciation>sin-uh-MOE-mum  kam-FOR-uh</pronunciation>
    <species>camphora</species>
    <genus>Cinnamomum</genus>
    <commonname>Camphor-Tree</commonname>
  </name>
  <trunkandbranches>
    <currentyeartwigcolor>green</currentyeartwigcolor>
    <numberoftrunks>typically one trunk</numberoftrunks>
    <pruningrequirement>needed for strong structure</pruningrequirement>
    <showiness>showy</showiness>
    <currentyeartwigthickness>thin, medium</currentyeartwigthickness>
    <trunkandbranchbreakage>resistant</trunkandbranchbreakage>
    <woodspecificgravity>unknown</woodspecificgravity>
    <branchdrooping>branches droop</branchdrooping>
    <crownshaft>not applicable</crownshaft>
    <barkthickness>thick</barkthickness>
    <thorns>no</thorns>
  </trunkandbranches>
  <rangemap>Range Map RM9B11</rangemap>
  <descriptivetext>&lt;p align="center"&gt;&lt;b&gt;&lt;em&gt;Cinnamomum camphora &lt;/em&gt;Camphor-Tree &lt;/b&gt;&lt;/p&gt;&lt;p align="left"&gt;

This large, round-canopied, evergreen tree has broad, large-diameter, unusually strong branches and can reach 70 feet in height with a broader spread but is usually 40 to 50 feet with a 40 to 60-foot spread.  The glossy green, thin but leathery leaves give off a camphor aroma when crushed and create dense shade.  The stems and bark on young branches of Camphor-Tree are bright green, tinged with red when young, maturing into a dark grey-brown, rugged-looking trunk which appears almost black when wet from rain.  Trunk and branch structure on older trees appear similar to mature live oaks.  The inconspicuous, tiny, yellow flowers are followed by a profusion of small, black berries which can become an annoyance on walks and driveways because they are messy but are quite attractive to wildlife.  Fruits will stain cars.  Some occasionally germinate below the tree but not nearly as much of a problem as some other trees.  Birds can also carry the seed to remote areas where it will occasionally germinate.  The leaves, twigs, and wood are the commercial source of camphor.  The dried bark of  &lt;em&gt;Cinnamomum zeylanicum &lt;/em&gt; yields cinnamon. &lt;/p&gt;&lt;p align="left"&gt;

Too big for all but the largest spaces, Camphor-Tree is ideal when used as a shade tree for parks or large landscapes.  Use along streets should be tempered because messy fruits drop on sidewalks and cars.  It might be considered for boulevard planting where cars do not park.  Prune to develop major branches, space 18 to 30 inches apart along a central trunk to develop good structure.  Do not allow major branches to grow from the same spot on the trunk and avoid upright, multi-trunked trees.  It may be difficult to maintain a lawn beneath the dense shade of Camphor-Trees and a shade-tolerant groundcover may better suit the purpose.  The trunk on older specimens grows to six feet or more in diameter and is quite picturesque.  Allow plenty of room for proper development above and below ground.  Shallow roots can be a nuisance.  Has escaped cultivation in some areas. &lt;/p&gt;&lt;p align="left"&gt;

Growing in full sun to partial shade, Camphor-Tree is amenable to a variety of soils, will grow but often develops minor element deficiencies on alkaline soils.  Camphor-Tree is highly tolerant of urban conditions but will not tolerate water-logged soils.  It is adapted to grow along the coast exposed to some sea salt. &lt;/p&gt;&lt;p align="left"&gt;

The cultivar `Monum' has larger, richer green foliage. &lt;/p&gt;&lt;p align="left"&gt;

Propagation is by seed. &lt;/p&gt;</descriptivetext>
  <pestresistance>resistant to pests/diseases</pestresistance>
  <foliage>
    <shape>ovate, obovate</shape>
    <summercolor>green</summercolor>
    <spiny>no</spiny>
    <type>simple</type>
    <arrangement>alternate</arrangement>
    <bladelength>2 to 4 inches</bladelength>
    <venation>pinnate</venation>
    <fallcharacteristics>not showy</fallcharacteristics>
    <margin>entire</margin>
    <fallcolor>no color change</fallcolor>
    <persistence>evergreen, broadleaf evergreen, fragrant</persistence>
  </foliage>
  <pests>&lt;p align="center"&gt;&lt;b&gt;&lt;u&gt;Pests&lt;/u&gt;&lt;/b&gt;&lt;/p&gt;&lt;p align="left"&gt;

Scales and mites are common problems on Camphor-Trees.  Seeds can germinate easily in the landscape but this is usually a minor problem.  Has escaped cultivation in Florida, Louisiana, and parts of coastal Texas, so use it (if at all) with caution. &lt;/p&gt;</pests>
  <usdahardinesszone>9B-11</usdahardinesszone>
  <culturetolerances>
    <saltspraytolerance>low</saltspraytolerance>
    <soilphtolerance>acidic, slightly alkaline</soilphtolerance>
    <lightrequirements>full sun, partial sun or partial shade</lightrequirements>
    <soilsalttolerance>unknown</soilsalttolerance>
    <droughttolerance>high</droughttolerance>
    <soildrainagetolerance>well-drained</soildrainagetolerance>
    <soiltexturetolerance>clay, sand, loam</soiltexturetolerance>
  </culturetolerances>
  <nativeorigin>
    <nativetonorthamerica>no</nativetonorthamerica>
    <recommendedfordryclimates>no</recommendedfordryclimates>
    <nativefloridacounty>Not Native to Florida</nativefloridacounty>
  </nativeorigin>
  <lifespan>more than 50 years</lifespan>
</tree>