<?xml version="1.0" encoding="UTF-8" standalone="no"?><tree>
  <diseases>&lt;p align="center"&gt;&lt;b&gt;&lt;u&gt;Diseases&lt;/u&gt;&lt;/b&gt;&lt;/p&gt;&lt;p align="left"&gt;

Virus and fungus diseases.  Twig galls sometimes form in response to a fungus infection. &lt;/p&gt;</diseases>
  <planttype>tree</planttype>
  <size>
    <height>15 to 25 feet</height>
    <maturespread>15 to 25 feet</maturespread>
    <maintainableheight>not suitable for clipping</maintainableheight>
    <matureheight>12 to 30 feet</matureheight>
    <spread>15 to 25 feet</spread>
  </size>
  <use>hedge, urban tolerant, deck or patio, screen, fruit, specimen, espalier, highway median, trained as a standard, recommended</use>
  <flower>
    <season>flowers in winter, flowers in spring</season>
    <color>white/cream/gray</color>
    <fragrance>pleasant</fragrance>
    <showiness>showy</showiness>
  </flower>
  <other>
    <verticilliumwilt>resistant</verticilliumwilt>
    <outstandingtree>no</outstandingtree>
    <winterinterest>yes</winterinterest>
    <invasivepotential>not assessed or incomplete data</invasivepotential>
    <surfacerooting>not a problem</surfacerooting>
    <availability>generally available</availability>
    <ozonesensitivity>unknown</ozonesensitivity>
  </other>
  <fruit>
    <composition>fleshy</composition>
    <attractiontowildlife>attracts squirrels/mammals</attractiontowildlife>
    <edible>yes</edible>
    <shape>round</shape>
    <showiness>showy</showiness>
    <length>1 to 3 inches, 3 to 6 inches</length>
    <persistant>yes</persistant>
    <litter>fruit/leaves a litter problem</litter>
    <color>orange, yellow, green</color>
  </fruit>
  <factsheet>ST169</factsheet>
  <growthrate>moderate</growthrate>
  <crowncanopy>
    <texture>medium</texture>
    <density>dense</density>
    <shape>round</shape>
    <uniformity>symmetrical</uniformity>
  </crowncanopy>
  <photographs>
    <entireplant>15801794</entireplant>
    <fruit>16450293</fruit>
    <foliage>5136064</foliage>
  </photographs>
  <name>
    <listingname>Citrus</listingname>
    <family>Rutaceae</family>
    <pronunciation>SIH-trus  species</pronunciation>
    <species>spp.</species>
    <genus>Citrus</genus>
    <commonname>Citrus</commonname>
  </name>
  <trunkandbranches>
    <currentyeartwigcolor>green</currentyeartwigcolor>
    <numberoftrunks>typically multi-trunked, can be trained to one trunk</numberoftrunks>
    <pruningrequirement>needed for strong structure</pruningrequirement>
    <showiness>not showy</showiness>
    <currentyeartwigthickness>medium</currentyeartwigthickness>
    <trunkandbranchbreakage>resistant</trunkandbranchbreakage>
    <woodspecificgravity>unknown</woodspecificgravity>
    <branchdrooping>branches droop</branchdrooping>
    <crownshaft>not applicable</crownshaft>
    <barkthickness>thin bark</barkthickness>
    <thorns>yes</thorns>
  </trunkandbranches>
  <rangemap>Range Map RM9A11</rangemap>
  <descriptivetext>&lt;p align="center"&gt;&lt;b&gt;&lt;em&gt;Citrus &lt;/em&gt; spp.Citrus &lt;/b&gt;&lt;/p&gt;&lt;p align="left"&gt;

The dense, rounded crown of dark green, evergreen foliage and the pure white, extremely fragrant blossoms make citrus a popular garden choice for frost-free locations.  Ranging from 12 to 30 feet in height and 8 to 25 feet in width, depending upon species and cultivar, citrus can be used for shade, to screen unwanted views, or smaller varieties can be used in containers.  The juicy, fragrant fruits vary from yellow, orange, or red, and are most noticeable in winter. &lt;/p&gt;&lt;p align="left"&gt;

The green, thorny branches will rarely need pruning after a strong branch structure is developed.  Prune so there is no bark embedded or pinched together in the branch crotches.  This condition could cause the branch to break from the trunk when fruit loads it down.  Prune out enough of the foliage on lateral branches so they remain less than half the diameter of the trunk. &lt;/p&gt;&lt;p align="left"&gt;

Citrus should be grown in full sun on well-drained, slightly acid soil, and watered faithfully.  Do not mulch the soil beneath citrus.  It is very heat-tolerant and can be effectively used in a tough urban site such as a parking lot if dropping fruits will not pose a problem. &lt;/p&gt;&lt;p align="left"&gt;

Many species of citrus are available.   &lt;em&gt;Citrus limon &lt;/em&gt; gives us lemons;  &lt;em&gt;Citrus reticulata &lt;/em&gt;, tangerines or Mandarin oranges;  &lt;em&gt;Citrus sinensis &lt;/em&gt;, sweet orange;  &lt;em&gt;Citrus aurantifolia &lt;/em&gt;, key limes; and  &lt;em&gt;Citrus paradisi &lt;/em&gt;, grapefruit. &lt;/p&gt;&lt;p align="left"&gt;

Propagation is by grafting or layering. &lt;/p&gt;</descriptivetext>
  <pestresistance>sensitive to pests/diseases</pestresistance>
  <foliage>
    <shape>ovate, obovate</shape>
    <summercolor>green</summercolor>
    <spiny>no</spiny>
    <type>trifoliate, simple</type>
    <arrangement>alternate</arrangement>
    <bladelength>2 to 4 inches</bladelength>
    <venation>pinnate</venation>
    <fallcharacteristics>not showy</fallcharacteristics>
    <margin>serrulate, crenate</margin>
    <fallcolor>no color change</fallcolor>
    <persistence>evergreen, broadleaf evergreen</persistence>
  </foliage>
  <pests>&lt;p align="center"&gt;&lt;b&gt;&lt;u&gt;Pests&lt;/u&gt;&lt;/b&gt;&lt;/p&gt;&lt;p align="left"&gt;

Nematodes, scales, whiteflies, mites, caterpillars, fruitfly. &lt;/p&gt;</pests>
  <usdahardinesszone>9A-11</usdahardinesszone>
  <culturetolerances>
    <saltspraytolerance>low</saltspraytolerance>
    <soilphtolerance>slightly alkaline, acidic</soilphtolerance>
    <lightrequirements>full sun</lightrequirements>
    <soilsalttolerance>unknown</soilsalttolerance>
    <droughttolerance>moderate</droughttolerance>
    <soildrainagetolerance>well-drained</soildrainagetolerance>
    <soiltexturetolerance>clay, sand, loam</soiltexturetolerance>
  </culturetolerances>
  <nativeorigin>
    <nativetonorthamerica>no</nativetonorthamerica>
    <recommendedfordryclimates>no</recommendedfordryclimates>
    <nativefloridacounty>Not Native to Florida</nativefloridacounty>
  </nativeorigin>
  <lifespan>25 to 50 years</lifespan>
</tree>