<?xml version="1.0" encoding="UTF-8" standalone="no"?><tree>
  <foliage>
    <shape>elliptic (oval), ovate</shape>
    <summercolor>green</summercolor>
    <spiny>no</spiny>
    <type>odd-pinnately compound</type>
    <arrangement>alternate</arrangement>
    <bladelength>2 to 4 inches</bladelength>
    <venation>brachidodrome, pinnate</venation>
    <fallcharacteristics>not showy</fallcharacteristics>
    <margin>entire</margin>
    <fallcolor>copper, yellow</fallcolor>
    <persistence>deciduous</persistence>
  </foliage>
  <pestresistance>resistant to pests/diseases</pestresistance>
  <lifespan>more than 50 years</lifespan>
  <culturetolerances>
    <saltspraytolerance>unknown</saltspraytolerance>
    <soilphtolerance>acidic, alkaline</soilphtolerance>
    <lightrequirements>partial sun or partial shade, full sun</lightrequirements>
    <soilsalttolerance>unknown</soilsalttolerance>
    <droughttolerance>moderate</droughttolerance>
    <soildrainagetolerance>occasionally wet, well-drained</soildrainagetolerance>
    <soiltexturetolerance>sand, loam, clay</soiltexturetolerance>
  </culturetolerances>
  <flower>
    <season>flowers in summer</season>
    <color>white/cream/gray</color>
    <fragrance>pleasant</fragrance>
    <showiness>very showy</showiness>
  </flower>
  <diseases/>
  <planttype>tree</planttype>
  <use>street without sidewalk, specimen</use>
  <usdahardinesszone>4A-8A</usdahardinesszone>
  <nativeorigin>
    <nativestate>Alaska, Arkansas, Georgia, Kentucky, Missouri, Mississippi, North Carolina, Oklahoma, Tennessee, Virginia</nativestate>
    <nativetonorthamerica>yes</nativetonorthamerica>
    <recommendedfordryclimates>no</recommendedfordryclimates>
    <nativefloridacounty>Not Native to Florida</nativefloridacounty>
  </nativeorigin>
  <size>
    <height>50 to 75 feet</height>
    <maturespread>35 to 50 feet</maturespread>
    <maintainableheight>not suitable for clipping</maintainableheight>
    <matureheight>50 to 75 feet</matureheight>
    <spread>35 to 50 feet</spread>
  </size>
  <factsheet/>
  <trunkandbranches>
    <currentyeartwigcolor>unknown</currentyeartwigcolor>
    <numberoftrunks>typically one trunk</numberoftrunks>
    <pruningrequirement>needed for strong structure</pruningrequirement>
    <showiness>showy</showiness>
    <currentyeartwigthickness>thin</currentyeartwigthickness>
    <trunkandbranchbreakage>resistant</trunkandbranchbreakage>
    <woodspecificgravity>unknown</woodspecificgravity>
    <branchdrooping>branches droop</branchdrooping>
    <crownshaft>not applicable</crownshaft>
    <barkthickness>thick</barkthickness>
    <thorns>no</thorns>
  </trunkandbranches>
  <pests/>
  <fruit>
    <composition>dry or hard</composition>
    <attractiontowildlife>unknown</attractiontowildlife>
    <edible>unknown</edible>
    <shape>elongated</shape>
    <showiness>showy</showiness>
    <length>unknown</length>
    <persistant>yes</persistant>
    <litter>unknown</litter>
    <color>white/gray</color>
  </fruit>
  <name>
    <listingname>American Yellow Wood, Virgilia</listingname>
    <family>Fabaceae</family>
    <pronunciation>cluh-DAH-strus LOO-tee-uh</pronunciation>
    <species>lutea</species>
    <genus>Cladrastis</genus>
    <cultivar/>
    <commonname>American Yellow Wood, Virgilia</commonname>
  </name>
  <photographs>
    <entireplant>948813</entireplant>
    <fruit>5369001</fruit>
    <foliage>11731445</foliage>
    <trunk>9584825</trunk>
  </photographs>
  <crowncanopy>
    <texture>medium</texture>
    <density>moderate</density>
    <shape>round, vase</shape>
    <uniformity>irregular</uniformity>
  </crowncanopy>
  <other>
    <verticilliumwilt>susceptible</verticilliumwilt>
    <outstandingtree>no</outstandingtree>
    <winterinterest>no</winterinterest>
    <invasivepotential>not a problem species</invasivepotential>
    <surfacerooting>unknown</surfacerooting>
    <availability>somewhat available</availability>
    <ozonesensitivity>unknown</ozonesensitivity>
  </other>
  <descriptivetext>&lt;p align="left"&gt;

American Yellow Wood was chosen as a 1994 Gold Medal Plant by the Pennsylvania Horticultural Society for being a plant of exceptional merit, but underused in landscaping. American Yellow Wood grows slowly in full sun on moist, well-drained soils but growth may be more rapid if provided with some shade in the southern part of its range and in the plains states. It tolerates alkaline soil because it is native to dry limestone outcroppings as well as along stream banks. It also grows well in acidic soil and tolerates urban conditions. It performs well with only occasional irrigation once established, even in poor, compacted soils.  It adapts to wet soils by growing a shallow root system. For some reason the beautiful tree is found only widely scattered in its natural habitat.&lt;/p&gt;&lt;p align="left"&gt;

Ability of roots to fix nitrogen appears controversial. There are several very large, coarsely-branched roots dominating the root system which makes water management following transplanting very crucial. Pollen can cause some allergy symptoms. There is a pink flowering form in the trade known as 'Perkins Pink' from Massachusetts.&lt;/p&gt;&lt;p align="left"&gt;

This tree develops severe included bark in the crotches of the main branches. If this is allowed to develop unchecked, these branches can fall from the tree. This can be minimized with appropriate pruning practices. American Yellow Wood should be pruned in the summer to avoid excessive "bleeding" and when young to develop branches having a wide angle with the trunk and a `U'-shaped crotch. Remove or cut back those with a "V" shaped crotch in favor of those with a "U" shape. &lt;/p&gt;</descriptivetext>
  <growthrate>moderate</growthrate>
</tree>