<?xml version="1.0" encoding="UTF-8" standalone="no"?><tree>
  <foliage>
    <shape>elliptic (oval), ovate</shape>
    <summercolor>green</summercolor>
    <spiny>no</spiny>
    <type>odd-pinnately compound</type>
    <arrangement>alternate</arrangement>
    <bladelength>2 to 4 inches</bladelength>
    <venation>brachidodrome, pinnate</venation>
    <fallcharacteristics>not showy</fallcharacteristics>
    <margin>entire</margin>
    <fallcolor>copper, yellow</fallcolor>
    <persistence>deciduous</persistence>
  </foliage>
  <rangemap>Range Map RM4A8B</rangemap>
  <pestresistance>free of serious pests and diseases</pestresistance>
  <lifespan>25 to 50 years</lifespan>
  <culturetolerances>
    <saltspraytolerance>unknown</saltspraytolerance>
    <soilphtolerance>alkaline, acidic</soilphtolerance>
    <lightrequirements>full sun, partial sun or partial shade</lightrequirements>
    <soilsalttolerance>unknown</soilsalttolerance>
    <droughttolerance>moderate</droughttolerance>
    <soildrainagetolerance>occasionally wet, well-drained</soildrainagetolerance>
    <soiltexturetolerance>clay, sand, loam</soiltexturetolerance>
  </culturetolerances>
  <flower>
    <season>flowers in summer</season>
    <color>white/cream/gray</color>
    <fragrance>pleasant</fragrance>
    <showiness>very showy</showiness>
  </flower>
  <planttype>tree</planttype>
  <factsheet>ST170</factsheet>
  <use>specimen, shade, street without sidewalk, highway median, recommended</use>
  <usdahardinesszone>4A-8B</usdahardinesszone>
  <nativeorigin>
    <nativestate>Indiana, Missouri, Oklahoma, Arkansas, Mississippi, Tennessee, Alabama, Kentucky, Virginia, North Carolina, Georgia</nativestate>
    <nativetonorthamerica>yes</nativetonorthamerica>
    <recommendedfordryclimates>no</recommendedfordryclimates>
    <nativefloridacounty>Not Native to Florida</nativefloridacounty>
  </nativeorigin>
  <size>
    <height>50 to 75 feet</height>
    <maturespread>40 to 50 feet</maturespread>
    <maintainableheight>not suitable for clipping</maintainableheight>
    <matureheight>30 to 50 feet</matureheight>
    <spread>35 to 50 feet</spread>
  </size>
  <pestsanddiseases>&lt;p align="center"&gt;&lt;b&gt;&lt;u&gt;Pests and Diseases&lt;/u&gt;&lt;/b&gt;&lt;/p&gt;&lt;p align="left"&gt;

No pests or diseases are of major concern.  Verticillium wilt may occasionally be a problem. &lt;/p&gt;</pestsanddiseases>
  <trunkandbranches>
    <currentyeartwigcolor>brown</currentyeartwigcolor>
    <numberoftrunks>typically one trunk</numberoftrunks>
    <pruningrequirement>needed for strong structure</pruningrequirement>
    <showiness>showy</showiness>
    <currentyeartwigthickness>thin</currentyeartwigthickness>
    <trunkandbranchbreakage>susceptible to breakage</trunkandbranchbreakage>
    <woodspecificgravity>unknown</woodspecificgravity>
    <branchdrooping>branches droop</branchdrooping>
    <crownshaft>not applicable</crownshaft>
    <barkthickness>thin bark</barkthickness>
    <thorns>no</thorns>
  </trunkandbranches>
  <fruit>
    <composition>dry or hard</composition>
    <attractiontowildlife>little</attractiontowildlife>
    <edible>no</edible>
    <shape>elongated</shape>
    <showiness>showy</showiness>
    <length>1 to 3 inches, 3 to 6 inches</length>
    <persistant>yes</persistant>
    <litter>fruit/leaves not a litter problem</litter>
    <color>white/gray</color>
  </fruit>
  <name>
    <listingname>American Yellowwood, Virgilia, Yellowwood, American</listingname>
    <family>Leguminosae</family>
    <pronunciation>kluh-DRASS-tiss  ken-TUCK-ee-uh</pronunciation>
    <species>kentukea</species>
    <genus>Cladrastis</genus>
    <commonname>American Yellowwood, Virgilia</commonname>
  </name>
  <photographs>
    <foliage>308458</foliage>
    <trunk>13489034</trunk>
    <flower>10095083</flower>
    <spring>9010606</spring>
    <fruit>9106904</fruit>
    <fall>9104011</fall>
    <entireplant>14490331</entireplant>
  </photographs>
  <crowncanopy>
    <texture>medium</texture>
    <density>moderate</density>
    <shape>round, vase</shape>
    <uniformity>irregular</uniformity>
  </crowncanopy>
  <other>
    <verticilliumwilt>susceptible</verticilliumwilt>
    <outstandingtree>no</outstandingtree>
    <winterinterest>yes</winterinterest>
    <invasivepotential>not a problem species</invasivepotential>
    <surfacerooting>can form large surface roots</surfacerooting>
    <availability>somewhat available</availability>
    <ozonesensitivity>unknown</ozonesensitivity>
  </other>
  <descriptivetext>&lt;p align="center"&gt;&lt;b&gt;&lt;em&gt;Cladrastis kentukea &lt;/em&gt;( &lt;em&gt;Cladrastis lutea &lt;/em&gt;)American Yellowwood, Virgilia &lt;/b&gt;&lt;/p&gt;&lt;p align="left"&gt;

Yellowwood is so-named because the freshly-cut heartwood is a muted to brilliant yellow color, and the wood is known to yield a yellow dye.  This seldom-used, native, deciduous tree makes a very striking specimen or shade tree, reaches 30 to 50, rarely 75 feet in height, with a broad, rounded canopy, and has a vase-shaped, moderately dense silhouette.  Smooth, grey to brown bark, bright green, pinnately compound, 8 to 12-inch-long leaflets, and a strikingly beautiful display of white, fragrant blossoms make Yellowwood a wonderful choice for multiple landscape uses. &lt;/p&gt;&lt;p align="left"&gt;

The one-inch-wide, fragrant flowers appear in dense, showy, pendulous, terminal panicles, 12 to 14 inches long, in early summer and are set off nicely against the lush foliage.  Flowers are visited by a large number of bees.  Trees may not flower until they are 10-years-old and then seem to give outstanding displays only in cycles of every two to five years but the gorgeous display is well worth the wait.  The flowers are followed by showy, three to four-inch-long, whitish-grey pods which persist through the winter. &lt;/p&gt;&lt;p align="left"&gt;

Unpruned trees fall apart in 30 to 40 years.  Yellowwood should be pruned when young to develop branches having a wide angle with the trunk and a `U'-shaped crotch.  These should be pruned back so that they are not allowed to grow larger than half the diameter of the trunk.  Develop 7 to 10 major lateral limbs spaced along the trunk, not clustered together.  Good luck!  This will help them develop strong attachments to the trunk and provide for a longer-lived tree than one which is not pruned in this way.  Weakly-attached branches with embedded bark are susceptible to breakage and may be a problem as the tree grows older.  Any pruning should be done in summertime because excess bleeding may occur if done in the winter or spring.  It could be used as street tree if properly pruned to avoid weak crotches.  It is often planted as a specimen or shade tree for smaller properties due to its flowers and medium size. &lt;/p&gt;&lt;p align="left"&gt;

Yellowwood grows slowly in full sun on moist, well-drained soils but growth may be more rapid if provided with some shade in the southern part of its range and in the plains states.  It grows slowly on poor soil but looks fine, responding to better soil with moderate growth.  It tolerates alkaline (it is native to dry limestone outcroppings as well as along stream banks) or acidic soil and urban conditions.  It performs well with only occasional irrigation once established, even in poor, compacted soils.  It adapts to wet soils by growing a shallow root system.  There are several very large, coarsely-branched roots dominating the root system which makes care following transplanting very crucial.  But planting from containers is no problem. &lt;/p&gt;&lt;p align="left"&gt;

The cultivar `Rosea' has pinkish flowers. &lt;/p&gt;&lt;p align="left"&gt;

Propagation is by seed or cuttings. &lt;/p&gt;</descriptivetext>
  <growthrate>moderate</growthrate>
</tree>