<?xml version="1.0" encoding="UTF-8" standalone="no"?><tree>
  <foliage>
    <shape>elliptic (oval), oblong, ovate</shape>
    <summercolor>green</summercolor>
    <spiny>no</spiny>
    <type>odd-pinnately compound</type>
    <arrangement>alternate</arrangement>
    <bladelength>2 to 4 inches</bladelength>
    <venation>brachidodrome, pinnate</venation>
    <fallcharacteristics>not showy</fallcharacteristics>
    <margin>entire</margin>
    <fallcolor>copper, yellow</fallcolor>
    <persistence>deciduous</persistence>
  </foliage>
  <pestresistance>unknown</pestresistance>
  <lifespan>unknown</lifespan>
  <culturetolerances>
    <saltspraytolerance>unknown</saltspraytolerance>
    <soilphtolerance>acidic, slightly alkaline, alkaline</soilphtolerance>
    <lightrequirements>partial sun or partial shade, full sun</lightrequirements>
    <soilsalttolerance>unknown</soilsalttolerance>
    <droughttolerance>moderate</droughttolerance>
    <soildrainagetolerance>well-drained, occasionally wet</soildrainagetolerance>
    <soiltexturetolerance>sand, loam, clay</soiltexturetolerance>
  </culturetolerances>
  <flower>
    <season>flowers in summer</season>
    <color>white/cream/gray</color>
    <fragrance>pleasant</fragrance>
    <showiness>very showy</showiness>
  </flower>
  <diseases/>
  <planttype>tree</planttype>
  <use>specimen</use>
  <usdahardinesszone>5A-8A</usdahardinesszone>
  <nativeorigin>
    <nativestate>Oregon</nativestate>
    <nativetonorthamerica>no</nativetonorthamerica>
    <recommendedfordryclimates>no</recommendedfordryclimates>
    <nativefloridacounty>Not Native to Florida</nativefloridacounty>
  </nativeorigin>
  <size>
    <height>50 to 75 feet</height>
    <maturespread>35 to 50 feet</maturespread>
    <maintainableheight>not suitable for clipping</maintainableheight>
    <matureheight>50 to 75 feet</matureheight>
    <spread>35 to 50 feet</spread>
  </size>
  <factsheet/>
  <trunkandbranches>
    <currentyeartwigcolor>unknown</currentyeartwigcolor>
    <numberoftrunks>typically one trunk</numberoftrunks>
    <pruningrequirement>little required</pruningrequirement>
    <showiness>showy</showiness>
    <currentyeartwigthickness>thin</currentyeartwigthickness>
    <trunkandbranchbreakage>resistant</trunkandbranchbreakage>
    <woodspecificgravity>unknown</woodspecificgravity>
    <branchdrooping>branches droop</branchdrooping>
    <crownshaft>not applicable</crownshaft>
    <barkthickness>thick</barkthickness>
    <thorns>no</thorns>
  </trunkandbranches>
  <pests/>
  <fruit>
    <composition>dry or hard</composition>
    <attractiontowildlife>unknown</attractiontowildlife>
    <edible>unknown</edible>
    <shape>elongated</shape>
    <showiness>showy</showiness>
    <length>unknown</length>
    <persistant>yes</persistant>
    <litter>unknown</litter>
    <color>white/gray</color>
  </fruit>
  <name>
    <listingname>Chinese Yellow Wood</listingname>
    <family>Fabaceae</family>
    <pronunciation>cluh-DRAHS-tis sigh-NEN-sis</pronunciation>
    <species>sinensis</species>
    <genus>Cladrastis</genus>
    <cultivar/>
    <commonname>Chinese Yellow Wood</commonname>
  </name>
  <photographs>
    <spring>14479339</spring>
    <foliage>2250777</foliage>
    <trunk>1479955</trunk>
  </photographs>
  <crowncanopy>
    <texture>medium</texture>
    <density>moderate</density>
    <shape>round, vase</shape>
    <uniformity>irregular</uniformity>
  </crowncanopy>
  <other>
    <verticilliumwilt>susceptible</verticilliumwilt>
    <outstandingtree>no</outstandingtree>
    <winterinterest>no</winterinterest>
    <invasivepotential>not assessed or incomplete data</invasivepotential>
    <surfacerooting>can form large surface roots</surfacerooting>
    <availability>somewhat available</availability>
    <ozonesensitivity>unknown</ozonesensitivity>
  </other>
  <descriptivetext>&lt;p align="left"&gt;

Little known in American gardens, Chinese Yellow Wood grows slowly in full sun on moist, well-drained soils but growth may be more rapid if provided with some shade in the southern part of its range and in the plains states. It tolerates alkaline soil because it is native to dry limestone outcroppings as well as along stream banks. It also grows well in acidic soil and tolerates urban conditions. It performs well with only occasional irrigation once established, even in poor, compacted soils.  It adapts to wet soils by growing a shallow root system.&lt;/p&gt;&lt;p align="left"&gt;

There are several very large, coarsely-branched roots dominating the root system which makes water management following transplanting very crucial.&lt;/p&gt;</descriptivetext>
  <growthrate>moderate</growthrate>
</tree>