<?xml version="1.0" encoding="UTF-8" standalone="no"?><tree>
  <foliage>
    <shape>elliptic (oval), ovate</shape>
    <summercolor>green</summercolor>
    <spiny>no</spiny>
    <type>simple</type>
    <arrangement>opposite/subopposite</arrangement>
    <bladelength>4 to 8 inches, 8 to 12 inches</bladelength>
    <venation>pinnate</venation>
    <fallcharacteristics>not showy</fallcharacteristics>
    <margin>entire</margin>
    <fallcolor>no color change</fallcolor>
    <persistence>deciduous</persistence>
  </foliage>
  <rangemap>Range Map RM6A10B</rangemap>
  <pestresistance>resistant to pests/diseases</pestresistance>
  <lifespan>25 to 50 years</lifespan>
  <culturetolerances>
    <saltspraytolerance>unknown</saltspraytolerance>
    <soilphtolerance>acidic</soilphtolerance>
    <lightrequirements>full sun</lightrequirements>
    <soilsalttolerance>unknown</soilsalttolerance>
    <droughttolerance>moderate</droughttolerance>
    <soildrainagetolerance>well-drained</soildrainagetolerance>
    <soiltexturetolerance>clay, sand, loam</soiltexturetolerance>
  </culturetolerances>
  <flower>
    <season>flowers in summer</season>
    <color>red</color>
    <fragrance>no</fragrance>
    <showiness>showy</showiness>
  </flower>
  <planttype>tree</planttype>
  <factsheet>ST171</factsheet>
  <use>container or planter, trained as a standard, specimen, deck or patio, espalier, recommended</use>
  <usdahardinesszone>6A-11</usdahardinesszone>
  <nativeorigin>
    <nativetonorthamerica>no</nativetonorthamerica>
    <recommendedfordryclimates>no</recommendedfordryclimates>
    <nativefloridacounty>Not Native to Florida</nativefloridacounty>
  </nativeorigin>
  <size>
    <height>10 to 15 feet</height>
    <maturespread>6 to 10 feet</maturespread>
    <maintainableheight>not suitable for clipping</maintainableheight>
    <matureheight>6 to 12 feet</matureheight>
    <spread>6 to 10 feet</spread>
  </size>
  <trunkandbranches>
    <currentyeartwigcolor>green, reddish</currentyeartwigcolor>
    <numberoftrunks>can be trained to one trunk, typically multi-trunked</numberoftrunks>
    <pruningrequirement>needed for strong structure</pruningrequirement>
    <showiness>not showy</showiness>
    <currentyeartwigthickness>very thick</currentyeartwigthickness>
    <trunkandbranchbreakage>resistant</trunkandbranchbreakage>
    <woodspecificgravity>unknown</woodspecificgravity>
    <branchdrooping>branches droop</branchdrooping>
    <crownshaft>not applicable</crownshaft>
    <barkthickness>thick</barkthickness>
    <thorns>no</thorns>
  </trunkandbranches>
  <fruit>
    <composition>fleshy</composition>
    <attractiontowildlife>little</attractiontowildlife>
    <edible>no</edible>
    <shape>round</shape>
    <showiness>not showy</showiness>
    <length>less than .5 inch</length>
    <persistant>no</persistant>
    <litter>fruit/leaves not a litter problem</litter>
    <color>blue</color>
  </fruit>
  <name>
    <listingname>Harlequin Glorybower, Glorybower, Harlequin</listingname>
    <family>Verbenaceae</family>
    <pronunciation>kleer-oh-DEN-drawn  trick-oh-TOE-mum</pronunciation>
    <species>trichotomum</species>
    <genus>Clerodendron</genus>
    <commonname>Harlequin Glorybower</commonname>
  </name>
  <photographs>
    <entireplant>15111775</entireplant>
    <flower>13798507</flower>
    <other>15361424</other>
    <foliage>10559413</foliage>
  </photographs>
  <crowncanopy>
    <texture>medium</texture>
    <density>moderate</density>
    <shape>round, upright/erect</shape>
    <uniformity>irregular</uniformity>
  </crowncanopy>
  <other>
    <verticilliumwilt>unknown</verticilliumwilt>
    <outstandingtree>no</outstandingtree>
    <winterinterest>no</winterinterest>
    <invasivepotential>not assessed or incomplete data</invasivepotential>
    <surfacerooting>not a problem</surfacerooting>
    <availability>rarely available</availability>
    <ozonesensitivity>unknown</ozonesensitivity>
  </other>
  <descriptivetext>&lt;p align="center"&gt;&lt;b&gt;&lt;em&gt;Clerodendron trichotomum &lt;/em&gt;Harlequin Glorybower &lt;/b&gt;&lt;/p&gt;&lt;p align="left"&gt;

This non-native deciduous shrub or small tree is usually 6 to 10 feet in height with multiple trunks, creating much the appearance of a large shrub.  A small tree can be produced by staking the plant until a sturdy trunk develops.  The dark green leaves are oval, five inches long and covered with a soft fuzz.  In late summer in the full sun, the tree is festooned with beautiful clusters of delightfully fragrant, white, tubular flowers.  The fruits which follow are blue/green and metallic-looking.  Flowers and fruits can sometimes be found on the plant at the same time. &lt;/p&gt;&lt;p align="left"&gt;

This large shrub or small tree can grow more like a vine if it is not trained and pruned.  It can be used near the patio or deck as a flowering ornamental, or placed in a container in a prominent location for display.  Not the best looking plant when not in flower, you may want to hide it for 10 months and then `bring it out' when it flowers. &lt;/p&gt;&lt;p align="left"&gt;

Harlequin Glorybower should be grown in full sun or partial shade with sufficient room to allow the plant to spread out.  Often the bottom half of the plant appears leggy and should be camouflaged by underplantings.  Sprouts and suckers regularly develop at the base of the plant. &lt;/p&gt;</descriptivetext>
  <growthrate>moderate</growthrate>
</tree>