<?xml version="1.0" encoding="UTF-8" standalone="no"?><tree>
  <factsheet>ST173</factsheet>
  <descriptivetext>&lt;p align="center"&gt;&lt;b&gt;&lt;em&gt;Clusia rosea &lt;/em&gt; `Variegata' `Variegata' Pitch-Apple, `Variegata' Florida Clusia &lt;/b&gt;&lt;/p&gt;&lt;p align="left"&gt;

This wide-spreading, densely-foliated, rounded, 25 to 30-foot-tall, evergreen tree has a short trunk and broad, thickened, leathery leaves, reminiscent of Southern Magnolia leaves.  The leaves are striking with yellow and green marbled variegations.  It is, in fact, greatly admired in Cuba and the Virgin Islands as an ornamental.  Leaves can be written on with a fingernail.  In summer, the showy, pink and white, two to three-inch flowers appear at night and sometimes remain open all morning on overcast days.  They appear near the branch tips and are followed by a fleshy, light green, poisonous fruit, three inches in diameter.  These persistent fruits turn black when ripe and split open, revealing bright red seeds surrounded by a black, resinous material.  The seeds are very attractive to birds and other wildlife and they germinate readily in the landscape and surrounding areas.  The black material surrounding these seeds was once used to caulk the seams of boats, hence its common name, `Pitch-Apple'. &lt;/p&gt;&lt;p align="left"&gt;

Growing well in full sun to dappled shade, Pitch-Apple tolerates many different soil types but grows most rapidly on moist soils.  It is quite tolerant of light open sands and salt spray, making it ideal for seaside locations.  Pitch-Apple is often used as a screen due to its low spreading habit and is ideal for espalier to cool building walls in the summer.  Some maintenance is required to trim prop roots and aerial roots as they form from the trunk base and lower branches, or the tree could take over an area.  Otherwise, it is a low-maintenance tree.  With lower branches removed, it can make an attractive, small to moderately-sized street tree, although some people object to the falling fruits and thick slowly decomposing leaves.  A patio can be kept cooler with a Pitch-Apple which creates a dense shade.  Plants should be watered well until established and trees develop rapidly. &lt;/p&gt;&lt;p align="left"&gt;

Purchase trees which have been trained in the nursery to one central leader for street tree use.  Those grown for specimen use with several upright trunks are not suited for streets, as vehicle clearance will be difficult to maintain and trees will be less durable. &lt;/p&gt;&lt;p align="left"&gt;

Propagation is by cuttings. &lt;/p&gt;</descriptivetext>
  <pests>&lt;p align="center"&gt;&lt;b&gt;&lt;u&gt;Pests&lt;/u&gt;&lt;/b&gt;&lt;/p&gt;&lt;p align="left"&gt;

Scale. &lt;/p&gt;</pests>
  <culturetolerances>
    <saltspraytolerance>high</saltspraytolerance>
    <soilphtolerance>acidic, alkaline</soilphtolerance>
    <lightrequirements>full sun, partial sun or partial shade, shade tolerant</lightrequirements>
    <soilsalttolerance>good</soilsalttolerance>
    <droughttolerance>high</droughttolerance>
    <soildrainagetolerance>well-drained</soildrainagetolerance>
    <soiltexturetolerance>sand, loam, clay</soiltexturetolerance>
  </culturetolerances>
  <trunkandbranches>
    <currentyeartwigcolor>green</currentyeartwigcolor>
    <numberoftrunks>typically multi-trunked, can be trained to one trunk</numberoftrunks>
    <pruningrequirement>needed for strong structure</pruningrequirement>
    <showiness>not showy</showiness>
    <currentyeartwigthickness>thick</currentyeartwigthickness>
    <trunkandbranchbreakage>resistant</trunkandbranchbreakage>
    <woodspecificgravity>unknown</woodspecificgravity>
    <branchdrooping>branches droop</branchdrooping>
    <crownshaft>not applicable</crownshaft>
    <barkthickness>thick</barkthickness>
    <thorns>no</thorns>
  </trunkandbranches>
  <note>Photos are of Species</note>
  <name>
    <listingname>'Variegata' Pitch-Apple, 'Variegata' Florida Clusia, Pitch-Apple, `Variegata', Clusia, `Variegata' Florida</listingname>
    <family>Clusiaceae</family>
    <pronunciation>KLOO-see-uh  ROE-zee-uh</pronunciation>
    <species>rosea</species>
    <genus>Clusia</genus>
    <cultivar>'Variegata'</cultivar>
    <commonname>'Variegata' Pitch-Apple, `Variegata' Florida Clusia</commonname>
  </name>
  <usdahardinesszone>10B-11</usdahardinesszone>
  <diseases>&lt;p align="center"&gt;&lt;b&gt;&lt;u&gt;Diseases&lt;/u&gt;&lt;/b&gt;&lt;/p&gt;&lt;p align="left"&gt;

No diseases are of major concern. &lt;/p&gt;</diseases>
  <nativeorigin>
    <nativetonorthamerica>yes</nativetonorthamerica>
    <recommendedfordryclimates>no</recommendedfordryclimates>
    <nativefloridacounty>Not Native to Florida</nativefloridacounty>
  </nativeorigin>
  <use>trained as a standard, reclamation, urban tolerant, street without sidewalk, screen, specimen, espalier, deck or patio, parking lot island &lt; 100 sq ft, parking lot island 100-200 sq ft, parking lot island &gt; 200 sq ft, sidewalk cutout (tree pit), tree lawn 3-4 feet wide, tree lawn 4-6 feet wide, tree lawn &gt; 6 ft wide, shade, highway median, hedge, container or planter, recommended</use>
  <growthrate>moderate</growthrate>
  <planttype>tree</planttype>
  <rangemap>Range Map RM10B11</rangemap>
  <foliage>
    <shape>obovate</shape>
    <summercolor>variegated</summercolor>
    <spiny>no</spiny>
    <type>simple</type>
    <arrangement>opposite/subopposite</arrangement>
    <bladelength>4 to 8 inches, 8 to 12 inches</bladelength>
    <venation>pinnate</venation>
    <fallcharacteristics>not showy</fallcharacteristics>
    <margin>entire</margin>
    <fallcolor>no color change</fallcolor>
    <persistence>broadleaf evergreen, evergreen</persistence>
  </foliage>
  <flower>
    <season>flowers in summer</season>
    <color>pink, white/cream/gray</color>
    <fragrance>no</fragrance>
    <showiness>showy</showiness>
  </flower>
  <pestresistance>free of serious pests and diseases</pestresistance>
  <lifespan>25 to 50 years</lifespan>
  <fruit>
    <composition>dry or hard</composition>
    <attractiontowildlife>attracts squirrels/mammals, attracts birds</attractiontowildlife>
    <edible>no</edible>
    <shape>round</shape>
    <showiness>not showy</showiness>
    <length>1 to 3 inches, 3 to 6 inches</length>
    <persistant>yes</persistant>
    <litter>fruit/leaves a litter problem</litter>
    <color>green, black</color>
  </fruit>
  <size>
    <height>15 to 25 feet</height>
    <maturespread>15 to 25 feet</maturespread>
    <maintainableheight>not suitable for clipping</maintainableheight>
    <matureheight>25 to 30 feet</matureheight>
    <spread>15 to 25 feet</spread>
  </size>
  <other>
    <verticilliumwilt>unknown</verticilliumwilt>
    <outstandingtree>yes</outstandingtree>
    <winterinterest>no</winterinterest>
    <invasivepotential>native to North America</invasivepotential>
    <surfacerooting>not a problem</surfacerooting>
    <availability>rarely available</availability>
    <ozonesensitivity>unknown</ozonesensitivity>
  </other>
  <crowncanopy>
    <texture>coarse</texture>
    <density>dense</density>
    <shape>round, spreading</shape>
    <uniformity>symmetrical</uniformity>
  </crowncanopy>
  <photographs>
  </photographs>
</tree>