<?xml version="1.0" encoding="UTF-8" standalone="no"?><tree>
  <foliage>
    <shape>oblong, ovate</shape>
    <summercolor>green</summercolor>
    <spiny>no</spiny>
    <type>simple</type>
    <arrangement>alternate</arrangement>
    <bladelength>2 to 4 inches, 4 to 8 inches</bladelength>
    <venation>pinnate, brachidodrome</venation>
    <fallcharacteristics>not showy</fallcharacteristics>
    <margin>entire</margin>
    <fallcolor>no color change</fallcolor>
    <persistence>evergreen, broadleaf evergreen</persistence>
  </foliage>
  <rangemap>Range Map RM10B11</rangemap>
  <pestresistance>free of serious pests and diseases</pestresistance>
  <lifespan>25 to 50 years</lifespan>
  <culturetolerances>
    <saltspraytolerance>high</saltspraytolerance>
    <soilphtolerance>acidic, alkaline</soilphtolerance>
    <lightrequirements>full sun, partial sun or partial shade</lightrequirements>
    <soilsalttolerance>good</soilsalttolerance>
    <droughttolerance>high</droughttolerance>
    <soildrainagetolerance>well-drained</soildrainagetolerance>
    <soiltexturetolerance>clay, sand, loam</soiltexturetolerance>
  </culturetolerances>
  <flower>
    <season>flowers in summer</season>
    <color>white/cream/gray</color>
    <fragrance>no</fragrance>
    <showiness>showy</showiness>
  </flower>
  <planttype>tree</planttype>
  <factsheet>ST174</factsheet>
  <use>hedge, parking lot island 100-200 sq ft, parking lot island &gt; 200 sq ft, reclamation, street without sidewalk, deck or patio, specimen, shade, tree lawn 3-4 feet wide, tree lawn 4-6 feet wide, tree lawn &gt; 6 ft wide, urban tolerant, highway median, container or planter, recommended</use>
  <usdahardinesszone>10B-11</usdahardinesszone>
  <nativeorigin>
    <nativestate>Florida</nativestate>
    <nativetonorthamerica>yes</nativetonorthamerica>
    <recommendedfordryclimates>no</recommendedfordryclimates>
    <nativefloridacounty>Brevard, Broward, Collier, Indian River, Lee, Martin, Miami-Dade, Monroe Mainland, Monroe Keys, St. Lucie</nativefloridacounty>
  </nativeorigin>
  <size>
    <height>15 to 25 feet</height>
    <maturespread>20 to 30 feet</maturespread>
    <maintainableheight>not suitable for clipping</maintainableheight>
    <matureheight>15 to 25 feet</matureheight>
    <spread>15 to 25 feet</spread>
  </size>
  <pestsanddiseases>&lt;p align="center"&gt;&lt;b&gt;&lt;u&gt;Pests and Diseases&lt;/u&gt;&lt;/b&gt;&lt;/p&gt;&lt;p align="left"&gt;

No pests or diseases are of major concern.  Chewing insects will occasionally riddle the new growth, but control is not usually required. &lt;/p&gt;</pestsanddiseases>
  <trunkandbranches>
    <currentyeartwigcolor>brown</currentyeartwigcolor>
    <numberoftrunks>typically multi-trunked, can be trained to one trunk</numberoftrunks>
    <pruningrequirement>needed for strong structure</pruningrequirement>
    <showiness>very showy</showiness>
    <currentyeartwigthickness>medium, thick</currentyeartwigthickness>
    <trunkandbranchbreakage>resistant</trunkandbranchbreakage>
    <woodspecificgravity>unknown</woodspecificgravity>
    <branchdrooping>branches don't droop</branchdrooping>
    <crownshaft>not applicable</crownshaft>
    <barkthickness>thin bark</barkthickness>
    <thorns>no</thorns>
  </trunkandbranches>
  <fruit>
    <composition>fleshy</composition>
    <attractiontowildlife>attracts birds, attracts squirrels/mammals</attractiontowildlife>
    <edible>yes</edible>
    <shape>oval, round</shape>
    <showiness>not showy</showiness>
    <length>less than .5 inch</length>
    <persistant>no</persistant>
    <litter>fruit/leaves a litter problem</litter>
    <color>purple</color>
  </fruit>
  <name>
    <listingname>Pigeon-Plum</listingname>
    <family>Polygonaceae</family>
    <pronunciation>koe-koe-LOE-buh  dye-ver-sih-FOLE-ee-uh</pronunciation>
    <species>diversifolia</species>
    <genus>Coccoloba</genus>
    <commonname>Pigeon-Plum</commonname>
  </name>
  <photographs>
    <foliage>8119246</foliage>
    <trunk>6935543</trunk>
    <flower>147280</flower>
    <fruit>12097011</fruit>
    <other>3763109</other>
    <entireplant>187575</entireplant>
  </photographs>
  <crowncanopy>
    <texture>medium</texture>
    <density>dense</density>
    <shape>upright/erect, round, vase</shape>
    <uniformity>symmetrical</uniformity>
  </crowncanopy>
  <other>
    <verticilliumwilt>unknown</verticilliumwilt>
    <outstandingtree>yes</outstandingtree>
    <winterinterest>yes</winterinterest>
    <invasivepotential>not a problem species</invasivepotential>
    <surfacerooting>not a problem</surfacerooting>
    <availability>somewhat available</availability>
    <ozonesensitivity>unknown</ozonesensitivity>
  </other>
  <descriptivetext>&lt;p align="center"&gt;&lt;b&gt;&lt;em&gt;Coccoloba diversifolia &lt;/em&gt;Pigeon-Plum &lt;/b&gt;&lt;/p&gt;&lt;p align="left"&gt;

This upright, densely-foliated, rounded evergreen tree is usually seen at 15 to 25 feet and a spread of 20 to 35 feet, though it can grow larger.  Young trees appear pyramidal until the multiple trunks begin spreading.  This can form a rounded vase on older specimens.  It is a wonderful small to medium-sized tree for subtropical landscapes, typically sporting a multiple trunk.  Trunks often grow almost parallel to each other, and embedded or included bark forms regularly, but this does not appear to compromise the wood strength of Pigeon-Plum.  The four-inch-long, shiny, dark green, leathery leaves drop uniformly in March but quickly emerge as bright red new growth.  The small, whitish-green flowers are abundantly produced on two to three-inch-long racemes in early summer, followed by 1/3-inch-long, purple, pear-shaped fruit.  The single-seeded, somewhat edible fruits ripen in late fall and winter and are very attractive to birds. &lt;/p&gt;&lt;p align="left"&gt;

Although Pigeon-Plum makes a wonderful shade tree, the fallen fruit may create a litter problem on patios and sidewalks, and along streets.  But the two-month inconvenience of messy fruit may be a small price to pay for the wonderful effect this striking tree creates along streets or in a residential yard.  Lower branches will need to be removed over time for vehicle clearance along streets, but there is a definite place for the tree along boulevards where cars will not park.  The one to two-foot-wide, straight, upright trunks have grayish-brown bark that falls off in plates to reveal dark purplish bark beneath, helping to make Pigeon-Plum a wonderful specimen tree.  It looks striking as a specimen lighted at night from beneath the canopy.  Trees trained to a single trunk in the nursery can be very useful for planting along streets where vehicle clearance is needed. &lt;/p&gt;&lt;p align="left"&gt;

Fast-growing in full sun or partial shade, Pigeon-Plum does best on moist, well-drained soils.  It has good salt tolerance.  Be sure to slice and otherwise drastically disturb and pull apart the root ball on pot bound, container-grown trees.  Pot-bound trees have a reputation for rooting out poorly into landscape soil. &lt;/p&gt;&lt;p align="left"&gt;

Propagation is by seed. &lt;/p&gt;</descriptivetext>
  <growthrate>moderate</growthrate>
</tree>