<?xml version="1.0" encoding="UTF-8" standalone="no"?><tree>
  <foliage>
    <shape>deltoid</shape>
    <summercolor>green</summercolor>
    <spiny>no</spiny>
    <type>simple</type>
    <arrangement>alternate</arrangement>
    <bladelength>18 to 36 inches</bladelength>
    <venation>brachidodrome, pinnate, reticulate</venation>
    <fallcharacteristics>showy</fallcharacteristics>
    <margin>entire</margin>
    <fallcolor>no color change</fallcolor>
    <persistence>evergreen</persistence>
  </foliage>
  <pestresistance>sensitive to pests/diseases</pestresistance>
  <lifespan>25 to 50 years</lifespan>
  <culturetolerances>
    <saltspraytolerance>unknown</saltspraytolerance>
    <soilphtolerance>acidic, slightly alkaline, alkaline</soilphtolerance>
    <lightrequirements>partial sun or partial shade, full sun</lightrequirements>
    <soilsalttolerance>good</soilsalttolerance>
    <droughttolerance>high</droughttolerance>
    <soildrainagetolerance>well-drained, occasionally wet</soildrainagetolerance>
    <soiltexturetolerance>sand, loam, clay</soiltexturetolerance>
  </culturetolerances>
  <flower>
    <season>flowers in winter</season>
    <color>white/cream/gray</color>
    <fragrance>no</fragrance>
    <showiness>not showy</showiness>
  </flower>
  <diseases/>
  <planttype>tree</planttype>
  <use>specimen</use>
  <usdahardinesszone>10A-11</usdahardinesszone>
  <nativeorigin>
    <nativestate>Oregon</nativestate>
    <nativetonorthamerica>no</nativetonorthamerica>
    <recommendedfordryclimates>no</recommendedfordryclimates>
    <nativefloridacounty>Not Native to Florida</nativefloridacounty>
  </nativeorigin>
  <size>
    <height>50 to 75 feet</height>
    <maturespread>35 to 50 feet</maturespread>
    <maintainableheight>not suitable for clipping</maintainableheight>
    <matureheight>50 to 75 feet</matureheight>
    <spread>35 to 50 feet</spread>
  </size>
  <factsheet/>
  <trunkandbranches>
    <currentyeartwigcolor>unknown</currentyeartwigcolor>
    <numberoftrunks>typically multi-trunked, can be trained to one trunk</numberoftrunks>
    <pruningrequirement>needed for strong structure</pruningrequirement>
    <showiness>not showy</showiness>
    <currentyeartwigthickness>medium</currentyeartwigthickness>
    <trunkandbranchbreakage>resistant</trunkandbranchbreakage>
    <woodspecificgravity>unknown</woodspecificgravity>
    <branchdrooping>branches droop</branchdrooping>
    <crownshaft>not applicable</crownshaft>
    <barkthickness>thin bark</barkthickness>
    <thorns>no</thorns>
  </trunkandbranches>
  <pests/>
  <fruit>
    <composition>fleshy</composition>
    <attractiontowildlife>unknown</attractiontowildlife>
    <edible>unknown</edible>
    <shape>round</shape>
    <showiness>showy</showiness>
    <length>unknown</length>
    <persistant>unknown</persistant>
    <litter>unknown</litter>
    <color>purple, blue</color>
  </fruit>
  <name>
    <listingname>Sea Grape</listingname>
    <family>Polygonaceae</family>
    <pronunciation/>
    <species>pubescens</species>
    <genus>Coccoloba</genus>
    <cultivar/>
    <commonname>Sea Grape</commonname>
  </name>
  <photographs>
    <foliage>6806737</foliage>
    <entireplant>8934725</entireplant>
  </photographs>
  <crowncanopy>
    <texture>coarse</texture>
    <density>open</density>
    <shape>round, vase</shape>
    <uniformity>irregular</uniformity>
  </crowncanopy>
  <other>
    <verticilliumwilt>resistant</verticilliumwilt>
    <outstandingtree>no</outstandingtree>
    <winterinterest>no</winterinterest>
    <invasivepotential>not a problem species</invasivepotential>
    <surfacerooting>can form large surface roots</surfacerooting>
    <availability>somewhat available</availability>
    <ozonesensitivity>unknown</ozonesensitivity>
  </other>
  <descriptivetext>&lt;p align="left"&gt;

Requiring full sun and sandy, well-drained soils, this plant is excellent for seaside locations since it is highly salt- and drought-tolerant.  Plants should be well-watered until established and then should only require occasional pruning to control shape and develop structure.  The contorted, twisting trunk (which can grow to 2 feet or greater in diameter) and upright branching habit makes this an interesting, picturesque shade tree or specimen planting. Pruning is required 2 or 3 times during the first 10 years after planting to train the multiple trunks so they are well attached to the tree. Pollen can cause significant allergy symptoms.&lt;/p&gt;</descriptivetext>
  <growthrate>fast</growthrate>
</tree>