<?xml version="1.0" encoding="UTF-8" standalone="no"?><tree>
  <diseases>&lt;p align="center"&gt;&lt;b&gt;&lt;u&gt;Diseases&lt;/u&gt;&lt;/b&gt;&lt;/p&gt;&lt;p align="left"&gt;

No diseases are of major concern. &lt;/p&gt;</diseases>
  <planttype>tree</planttype>
  <size>
    <height>25 to 50 feet</height>
    <maturespread>20 to 30 feet</maturespread>
    <maintainableheight>not suitable for clipping</maintainableheight>
    <matureheight>25 to 30 feet</matureheight>
    <spread>15 to 25 feet</spread>
  </size>
  <use>street without sidewalk, screen, specimen, shade, hedge, reclamation, fruit, tree lawn 3-4 feet wide, tree lawn 4-6 feet wide, tree lawn &gt; 6 ft wide, urban tolerant, highway median, bonsai, recommended</use>
  <flower>
    <season>flowers in winter</season>
    <color>white/cream/gray</color>
    <fragrance>no</fragrance>
    <showiness>not showy</showiness>
  </flower>
  <other>
    <verticilliumwilt>unknown</verticilliumwilt>
    <outstandingtree>no</outstandingtree>
    <winterinterest>no</winterinterest>
    <invasivepotential>not a problem species</invasivepotential>
    <surfacerooting>not a problem</surfacerooting>
    <availability>generally available</availability>
    <ozonesensitivity>unknown</ozonesensitivity>
  </other>
  <fruit>
    <composition>fleshy</composition>
    <attractiontowildlife>attracts birds, attracts squirrels/mammals</attractiontowildlife>
    <edible>yes</edible>
    <shape>round</shape>
    <showiness>showy</showiness>
    <length>.5 to 1 inch</length>
    <persistant>no</persistant>
    <litter>fruit/leaves a litter problem</litter>
    <color>purple, blue</color>
  </fruit>
  <factsheet>ST175</factsheet>
  <growthrate>moderate</growthrate>
  <crowncanopy>
    <texture>coarse</texture>
    <density>moderate</density>
    <shape>vase</shape>
    <uniformity>symmetrical</uniformity>
  </crowncanopy>
  <photographs>
    <entireplant>2037410</entireplant>
    <fruit>14561185</fruit>
    <other>8234259</other>
    <foliage>12039703</foliage>
    <trunk>2123029</trunk>
  </photographs>
  <name>
    <listingname>Seagrape</listingname>
    <family>Polygonaceae</family>
    <pronunciation>koe-koe-LOE-buh  yoo-VIFF-er-uh</pronunciation>
    <species>uvifera</species>
    <genus>Coccoloba</genus>
    <commonname>Seagrape</commonname>
  </name>
  <trunkandbranches>
    <currentyeartwigcolor>brown</currentyeartwigcolor>
    <numberoftrunks>typically multi-trunked, can be trained to one trunk</numberoftrunks>
    <pruningrequirement>needed for strong structure</pruningrequirement>
    <showiness>showy</showiness>
    <currentyeartwigthickness>thick</currentyeartwigthickness>
    <trunkandbranchbreakage>susceptible to breakage</trunkandbranchbreakage>
    <woodspecificgravity>unknown</woodspecificgravity>
    <branchdrooping>branches droop</branchdrooping>
    <crownshaft>not applicable</crownshaft>
    <barkthickness>thin bark</barkthickness>
    <thorns>no</thorns>
  </trunkandbranches>
  <rangemap>Range Map RM10A11</rangemap>
  <descriptivetext>&lt;p align="center"&gt;&lt;b&gt;&lt;em&gt;Coccoloba uvifera &lt;/em&gt;Seagrape &lt;/b&gt;&lt;/p&gt;&lt;p align="left"&gt;

Reaching a height of 25 to 30 feet, Seagrape can take on a variety of shapes, depending upon its location but typically forms a multi-stemmed vase shape if left unpruned.  The large, almost circular, broad, leathery, evergreen leaves of Seagrape have distinctive red veins.  The leaves frequently turn completely red before they fall in winter.  The new young foliage is a beautiful bronze color which is set off nicely against the dark green, shiny leaves.  The inconspicuous ivory flowers are produced on foot-long racemes and are followed by dense clusters of 3/4-inch diameter green grapes on female trees only, ripening to a luscious deep purple in late summer.  Males do not produce fruit.  The grapes are often used to make a delicious jelly and are also popular with birds and squirrels. &lt;/p&gt;&lt;p align="left"&gt;

The contorted, twisting trunk (which can grow to two feet in diameter) and upright branching habit makes Seagrape an interesting, picturesque shade tree or specimen planting or, it can be pruned into a dense hedge, screen, or windbreak.  Because of its size and coarse texture, Seagrape as a clipped hedge is more suited to foundation plantings for large buildings where it will lend a tropical effect.  It is also used as a seaside hedge in commercial landscapes, but requires hand pruning, since the large leaves do not lend themselves well to shearing. &lt;/p&gt;&lt;p align="left"&gt;

Pruning is required two or three times during the first 10 years after planting to train the multiple trunks so they are well-attached to the tree.  Be sure branches do not develop embedded bark, since they will be poorly attached to the trunk and could split from the trunk.  But the wood and the tree is generally very strong and durable following this developmental and corrective pruning.  The tree will then perform well with little care, except for occasional pruning of lower branches to create clearance for vehicles.  Some people object to the litter created by the large, slowly-decomposing leaves which fall from the tree during the year. &lt;/p&gt;&lt;p align="left"&gt;

Requiring full sun and sandy, well-drained soils, Seagrape is excellent for seaside locations since it is highly salt- and drought-tolerant.  Plants should be well-watered until established and then should only require occasional pruning to control shape. &lt;/p&gt;&lt;p align="left"&gt;

There is a variegated cultivar available. &lt;/p&gt;&lt;p align="left"&gt;

Propagation is by seed or cuttings. &lt;/p&gt;</descriptivetext>
  <pestresistance>resistant to pests/diseases</pestresistance>
  <foliage>
    <shape>orbiculate</shape>
    <summercolor>green</summercolor>
    <spiny>no</spiny>
    <type>simple</type>
    <arrangement>alternate</arrangement>
    <bladelength>8 to 12 inches</bladelength>
    <venation>reticulate, brachidodrome, pinnate</venation>
    <fallcharacteristics>not showy</fallcharacteristics>
    <margin>entire</margin>
    <fallcolor>red</fallcolor>
    <persistence>evergreen, broadleaf evergreen</persistence>
  </foliage>
  <pests>&lt;p align="center"&gt;&lt;b&gt;&lt;u&gt;Pests&lt;/u&gt;&lt;/b&gt;&lt;/p&gt;&lt;p align="left"&gt;

Stems are subject to Seagrape borer which can kill branches. &lt;/p&gt;&lt;p align="left"&gt;

A nipple gall causes raised, red nipples on the upper leaf surface.  &lt;/p&gt;</pests>
  <usdahardinesszone>10A-11</usdahardinesszone>
  <culturetolerances>
    <saltspraytolerance>high</saltspraytolerance>
    <soilphtolerance>alkaline, acidic</soilphtolerance>
    <lightrequirements>full sun, partial sun or partial shade</lightrequirements>
    <soilsalttolerance>good</soilsalttolerance>
    <droughttolerance>high</droughttolerance>
    <soildrainagetolerance>well-drained</soildrainagetolerance>
    <soiltexturetolerance>clay, sand, loam</soiltexturetolerance>
  </culturetolerances>
  <nativeorigin>
    <nativestate>Florida</nativestate>
    <nativetonorthamerica>yes</nativetonorthamerica>
    <recommendedfordryclimates>no</recommendedfordryclimates>
    <nativefloridacounty>Brevard, Broward, Charlotte, Collier, Hillsborough, Indian River, Lee, Manatee, Martin, Miami-Dade, Monroe Mainland, Monroe Keys, Palm Beach, Pasco, Pinellas, Sarasota, St. Lucie, Volusia</nativefloridacounty>
  </nativeorigin>
  <lifespan>25 to 50 years</lifespan>
</tree>