<?xml version="1.0" encoding="UTF-8" standalone="no"?><tree>
  <diseases>&lt;p align="center"&gt;&lt;b&gt;&lt;u&gt;Diseases&lt;/u&gt;&lt;/b&gt;&lt;/p&gt;&lt;p align="left"&gt;

Lethal yellowing disease, virus diseases, and fungi all affect Coconut Palms.  Be sure to only plant selections which are resistant to lethal yellowing disease.  Ganoderma butt rot can infect the lower trunk and roots, and can kill the palm.  Avoid injury to the palm in this area.  There is no control for butt rot, only prevention. &lt;/p&gt;</diseases>
  <planttype>palm, tree</planttype>
  <size>
    <height>50 to 75 feet</height>
    <maturespread>15 to 25 feet</maturespread>
    <maintainableheight>not suitable for clipping</maintainableheight>
    <matureheight>50 to 60 feet</matureheight>
    <spread>15 to 25 feet</spread>
  </size>
  <use>sidewalk cutout (tree pit), reclamation, urban tolerant, fruit, specimen, street without sidewalk, tree lawn 3-4 feet wide, tree lawn 4-6 feet wide, tree lawn &gt; 6 ft wide, highway median, recommended</use>
  <flower>
    <season>flowers in spring</season>
    <color>white/cream/gray</color>
    <fragrance>no</fragrance>
    <showiness>not showy</showiness>
  </flower>
  <other>
    <verticilliumwilt>resistant</verticilliumwilt>
    <outstandingtree>no</outstandingtree>
    <winterinterest>no</winterinterest>
    <invasivepotential>not assessed or incomplete data</invasivepotential>
    <surfacerooting>not a problem</surfacerooting>
    <availability>generally available</availability>
    <ozonesensitivity>unknown</ozonesensitivity>
  </other>
  <fruit>
    <composition>dry or hard</composition>
    <attractiontowildlife>little</attractiontowildlife>
    <edible>yes</edible>
    <shape>oval, round</shape>
    <showiness>showy</showiness>
    <length>6 to 12 inches</length>
    <persistant>yes</persistant>
    <litter>fruit/leaves a litter problem</litter>
    <color>brown, green, yellow</color>
  </fruit>
  <factsheet>ST177</factsheet>
  <growthrate>moderate</growthrate>
  <crowncanopy>
    <texture>coarse</texture>
    <density>open</density>
    <shape>palm, upright/erect</shape>
    <uniformity>symmetrical</uniformity>
  </crowncanopy>
  <photographs>
    <entireplant>11653598</entireplant>
    <flower>2638102</flower>
    <fruit>14368754</fruit>
    <other>8250526</other>
    <trunk>5319577</trunk>
  </photographs>
  <name>
    <listingname>Coconut Palm, Palm, Coconut</listingname>
    <family>Arecaceae</family>
    <pronunciation>KOE-koase  noo-SIFF-er-uh</pronunciation>
    <species>nucifera</species>
    <genus>Cocos</genus>
    <commonname>Coconut Palm</commonname>
  </name>
  <trunkandbranches>
    <branchdrooping>branches don't droop</branchdrooping>
    <woodspecificgravity>unknown</woodspecificgravity>
    <crownshaft>no</crownshaft>
    <currentyeartwigcolor>not applicable</currentyeartwigcolor>
    <thorns>no</thorns>
    <pruningrequirement>little required</pruningrequirement>
    <trunkandbranchbreakage>resistant</trunkandbranchbreakage>
    <barkthickness>not applicable</barkthickness>
    <numberoftrunks>typically one trunk</numberoftrunks>
    <showiness>not showy</showiness>
  </trunkandbranches>
  <rangemap>Range Map RM10B11</rangemap>
  <descriptivetext>&lt;p align="center"&gt;&lt;b&gt;&lt;em&gt;Cocos nucifera &lt;/em&gt;Coconut Palm &lt;/b&gt;&lt;/p&gt;&lt;p align="left"&gt;

The Coconut Palm is one of man's most useful plants.  The heavy crown of long flowing fronds and gently curved trunks lend a tropical effect to any landscape setting in which they can grow.  A beautiful street tree, Coconut Palm is also ideal as a background tree, framing tree, or as a striking freestanding specimen.  Coconut Palms located along streets, walkways or near patios require pruning to remove the flowers or developing fruit so it doesn't fall and cause injury or property damage. &lt;/p&gt;&lt;p align="left"&gt;

Due to the widespread devastation of lethal yellowing disease, use the resistant Malayan strains, often called dwarf or pygmy coconuts, and labelled yellow, golden, red, and green, according to the color of their fruits, such as `Golden Malayan Dwarf'.  The Malayan palms are very similar to the Jamaican Tall except for having straight trunks.  The red strain is the most rugged of the three but has the least attractive foliage.  The variety `Maypan', a hybrid of Malayan x Panama Tall, has the most robust and rapid growth yet retains its resistance to lethal yellowing disease.  All Coconut Palms are highly salt-tolerant and make nice street trees if planted when they are tall enough.  Be aware that falling fruit can damage vehicles or hit pedestrians and the flower stalks (in spring) or developing fruit (summer) may need to be removed. &lt;/p&gt;&lt;p align="left"&gt;

Coconut Palms grow in full sun on any well-drained soils.  Plants respond well to being fertilized. &lt;/p&gt;&lt;p align="left"&gt;

Propagation is by seed.  The large coconuts, with outer husk, should be half-buried on their side in soil.  Germination can take many months. &lt;/p&gt;</descriptivetext>
  <pestresistance>sensitive to pests/diseases</pestresistance>
  <foliage>
    <shape>linear</shape>
    <summercolor>green, yellow</summercolor>
    <spiny>no</spiny>
    <type>odd-pinnately compound</type>
    <arrangement>spiral</arrangement>
    <bladelength>18 to 36 inches</bladelength>
    <venation>parallel</venation>
    <fallcharacteristics>not showy</fallcharacteristics>
    <margin>entire</margin>
    <fallcolor>no color change</fallcolor>
    <persistence>evergreen</persistence>
  </foliage>
  <pests>&lt;p align="center"&gt;&lt;b&gt;&lt;u&gt;Pests&lt;/u&gt;&lt;/b&gt;&lt;/p&gt;&lt;p align="left"&gt;

Nematodes may infest this palm. &lt;/p&gt;</pests>
  <usdahardinesszone>10B-11</usdahardinesszone>
  <culturetolerances>
    <saltspraytolerance>high</saltspraytolerance>
    <soilphtolerance>alkaline, acidic</soilphtolerance>
    <lightrequirements>full sun</lightrequirements>
    <soilsalttolerance>good</soilsalttolerance>
    <droughttolerance>high</droughttolerance>
    <soildrainagetolerance>well-drained</soildrainagetolerance>
    <soiltexturetolerance>clay, sand, loam</soiltexturetolerance>
  </culturetolerances>
  <nativeorigin>
    <nativetonorthamerica>no</nativetonorthamerica>
    <recommendedfordryclimates>no</recommendedfordryclimates>
    <nativefloridacounty>Not Native to Florida</nativefloridacounty>
  </nativeorigin>
  <lifespan>25 to 50 years</lifespan>
</tree>