<?xml version="1.0" encoding="UTF-8" standalone="no"?><tree>
  <diseases>&lt;p align="center"&gt;&lt;b&gt;&lt;u&gt;Diseases&lt;/u&gt;&lt;/b&gt;&lt;/p&gt;&lt;p align="left"&gt;

No diseases are of major concern. &lt;/p&gt;</diseases>
  <planttype>tree</planttype>
  <size>
    <height>15 to 25 feet</height>
    <maturespread>15 to 20 feet</maturespread>
    <maintainableheight>4 to 6 feet, 6 to 12 feet, 12 or more feet</maintainableheight>
    <matureheight>15 to 20 feet</matureheight>
    <spread>15 to 25 feet</spread>
  </size>
  <use>specimen, street without sidewalk, screen, deck or patio, hedge, reclamation, parking lot island &lt; 100 sq ft, parking lot island 100-200 sq ft, parking lot island &gt; 200 sq ft, sidewalk cutout (tree pit), tree lawn 3-4 feet wide, tree lawn 4-6 feet wide, tree lawn &gt; 6 ft wide, urban tolerant, highway median, bonsai, shade, container or planter, recommended</use>
  <flower>
    <season>flowers year-round</season>
    <color>white/cream/gray, purple</color>
    <fragrance>no</fragrance>
    <showiness>not showy</showiness>
  </flower>
  <other>
    <verticilliumwilt>unknown</verticilliumwilt>
    <outstandingtree>yes</outstandingtree>
    <winterinterest>no</winterinterest>
    <invasivepotential>not a problem species</invasivepotential>
    <surfacerooting>not a problem</surfacerooting>
    <availability>generally available</availability>
    <ozonesensitivity>unknown</ozonesensitivity>
  </other>
  <fruit>
    <composition>dry or hard</composition>
    <attractiontowildlife>little</attractiontowildlife>
    <edible>no</edible>
    <shape>oval</shape>
    <showiness>showy</showiness>
    <length>less than .5 inch</length>
    <persistant>yes</persistant>
    <litter>fruit/leaves not a litter problem</litter>
    <color>brown, red</color>
  </fruit>
  <factsheet>ST180</factsheet>
  <growthrate>moderate</growthrate>
  <crowncanopy>
    <texture>fine</texture>
    <density>moderate</density>
    <shape>vase, spreading</shape>
    <uniformity>symmetrical</uniformity>
  </crowncanopy>
  <photographs>
    <entireplant>13353536</entireplant>
    <flower>14375844</flower>
    <fruit>2177012</fruit>
    <foliage>3989033</foliage>
    <trunk>13636968</trunk>
  </photographs>
  <name>
    <listingname>Silver Buttonwood, Buttonwood, Silver</listingname>
    <family>Combretaceae</family>
    <pronunciation>kawn-oh-KAR-pus  ee-RECK-tus  variety  suh-RISS-ee-us</pronunciation>
    <species>erectus var. sericeus</species>
    <genus>Conocarpus</genus>
    <commonname>Silver Buttonwood</commonname>
  </name>
  <trunkandbranches>
    <currentyeartwigcolor>green, gray</currentyeartwigcolor>
    <numberoftrunks>typically multi-trunked, can be trained to one trunk</numberoftrunks>
    <pruningrequirement>needed for strong structure</pruningrequirement>
    <showiness>showy</showiness>
    <currentyeartwigthickness>thin</currentyeartwigthickness>
    <trunkandbranchbreakage>resistant</trunkandbranchbreakage>
    <woodspecificgravity>unknown</woodspecificgravity>
    <branchdrooping>branches droop</branchdrooping>
    <crownshaft>not applicable</crownshaft>
    <barkthickness>thick</barkthickness>
    <thorns>no</thorns>
  </trunkandbranches>
  <rangemap>Range Map RM10B11</rangemap>
  <descriptivetext>&lt;p align="center"&gt;&lt;b&gt;&lt;em&gt;Conocarpus erectus &lt;/em&gt; var.  &lt;em&gt;sericeus &lt;/em&gt;Silver Buttonwood &lt;/b&gt;&lt;/p&gt;&lt;p align="left"&gt;

This low-branching, multi-trunked, shrubby, evergreen tree has beautiful silvery leaves due to silky hairs which cover the leaf surface.  The inconspicuous, small, greenish flowers appear in dense conelike heads in terminal panicles in spring and are followed by 1/2-inch, conelike, red-brown fruits.  The dark brown attractive bark is ridged and scaly.  The leaves are small and fall between the grass blades of the lawn or are easily washed away in the rain. &lt;/p&gt;&lt;p align="left"&gt;

Capable of reaching a height of 40 feet with a 20-foot spread, Silver Buttonwood is often seen as a small, somewhat asymmetrical shrub but is ideal for use as a screen, clipped hedge, or specimen planting.  Due to the attractive bark and soft foliage, a multistemmed specimen can make a nice patio or street tree.  Planted in the open as a tree, Silver Buttonwood will grow to about 15 to 20 feet tall and will often take on a picturesque, contorted appearance when exposed to constant seashore winds, creating an attractive specimen.  The crown is more symmetrical 1/2 mile or more from the coast or on the inland side of a tall ocean-front building.  The wood of Silver Buttonwood was formerly used for firewood, cabinetwork, and charcoal making and is very strong.  It is an ideal wood for smoking meats and fish. &lt;/p&gt;&lt;p align="left"&gt;

A Florida native, Silver Buttonwood is ideal for seaside plantings as it is highly tolerant of full sun, sandy soils, and salty conditions.  It also tolerates brackish areas and alkaline soils, thriving in the broken shade and wet soils of hammocks.  This is a tough tree!  It withstands the rigors of urban conditions very well and makes a durable street or parking lot tree.  Due to its small size, plant on 15-foot centers to form a closed canopy along a street.  Purchase single-trunked trees for street and parking lot plantings. &lt;/p&gt;&lt;p align="left"&gt;

The cultivar `Mombo' has a dense crown and may be smaller than the species, 15 to 20 feet tall.   &lt;em&gt;Conocarpus erectus &lt;/em&gt; (Buttonwood) has green leaves and is a somewhat larger tree with a vase-like shape. &lt;/p&gt;&lt;p align="left"&gt;

Propagation of Silver Buttonwood is by seed. &lt;/p&gt;</descriptivetext>
  <pestresistance>free of serious pests and diseases</pestresistance>
  <foliage>
    <shape>lanceolate, oblong</shape>
    <summercolor>silver, blue or blue-green</summercolor>
    <spiny>no</spiny>
    <type>simple</type>
    <arrangement>alternate</arrangement>
    <bladelength>2 to 4 inches</bladelength>
    <venation>pinnate</venation>
    <fallcharacteristics>not showy</fallcharacteristics>
    <margin>entire</margin>
    <fallcolor>no color change</fallcolor>
    <persistence>evergreen</persistence>
  </foliage>
  <pests>&lt;p align="center"&gt;&lt;b&gt;&lt;u&gt;Pests&lt;/u&gt;&lt;/b&gt;&lt;/p&gt;&lt;p align="left"&gt;

Sucking insect secretions will result in problems with sooty mold on trees inland from the coast. &lt;/p&gt;</pests>
  <usdahardinesszone>10B-11</usdahardinesszone>
  <culturetolerances>
    <saltspraytolerance>high</saltspraytolerance>
    <soilphtolerance>alkaline, acidic</soilphtolerance>
    <lightrequirements>full sun</lightrequirements>
    <soilsalttolerance>good</soilsalttolerance>
    <droughttolerance>high</droughttolerance>
    <soildrainagetolerance>occasionally wet, well-drained</soildrainagetolerance>
    <soiltexturetolerance>clay, sand, loam</soiltexturetolerance>
  </culturetolerances>
  <nativeorigin>
    <nativestate>Florida</nativestate>
    <nativetonorthamerica>yes</nativetonorthamerica>
    <recommendedfordryclimates>no</recommendedfordryclimates>
    <nativefloridacounty>Not Native to Florida</nativefloridacounty>
  </nativeorigin>
  <lifespan>25 to 50 years</lifespan>
</tree>