<?xml version="1.0" encoding="UTF-8" standalone="no"?><tree>
  <diseases>&lt;p align="center"&gt;&lt;b&gt;&lt;u&gt;Diseases&lt;/u&gt;&lt;/b&gt;&lt;/p&gt;&lt;p align="left"&gt;

No diseases are of major concern. &lt;/p&gt;</diseases>
  <planttype>tree</planttype>
  <size>
    <height>15 to 25 feet</height>
    <maturespread>20 to 25 feet</maturespread>
    <maintainableheight>not suitable for clipping</maintainableheight>
    <matureheight>25 to 30 feet</matureheight>
    <spread>15 to 25 feet</spread>
  </size>
  <use>container or planter, street without sidewalk, deck or patio, shade, specimen, parking lot island &lt; 100 sq ft, parking lot island 100-200 sq ft, parking lot island &gt; 200 sq ft, sidewalk cutout (tree pit), tree lawn 3-4 feet wide, tree lawn 4-6 feet wide, tree lawn &gt; 6 ft wide, highway median, recommended</use>
  <flower>
    <season>flowers in summer, flowers in spring</season>
    <color>orange</color>
    <fragrance>no</fragrance>
    <showiness>very showy</showiness>
  </flower>
  <other>
    <verticilliumwilt>unknown</verticilliumwilt>
    <outstandingtree>no</outstandingtree>
    <winterinterest>no</winterinterest>
    <invasivepotential>not a problem species</invasivepotential>
    <surfacerooting>not a problem</surfacerooting>
    <availability>somewhat available</availability>
    <ozonesensitivity>unknown</ozonesensitivity>
  </other>
  <fruit>
    <composition>dry or hard</composition>
    <attractiontowildlife>little</attractiontowildlife>
    <edible>yes</edible>
    <shape>oval</shape>
    <showiness>showy</showiness>
    <length>1 to 3 inches</length>
    <persistant>no</persistant>
    <litter>fruit/leaves a litter problem</litter>
    <color>white/gray, green</color>
  </fruit>
  <factsheet>ST182</factsheet>
  <growthrate>slow</growthrate>
  <crowncanopy>
    <texture>coarse</texture>
    <density>moderate</density>
    <shape>round, vase</shape>
    <uniformity>symmetrical</uniformity>
  </crowncanopy>
  <photographs>
    <entireplant>10811904</entireplant>
    <flower>8235639</flower>
    <fruit>6366134</fruit>
    <foliage>16441874</foliage>
  </photographs>
  <name>
    <listingname>Geiger-Tree</listingname>
    <family>Boraginaceae</family>
    <pronunciation>KOR-dee-uh  seb-ess-TAY-nuh</pronunciation>
    <species>sebestena</species>
    <genus>Cordia</genus>
    <commonname>Geiger-Tree</commonname>
  </name>
  <trunkandbranches>
    <currentyeartwigcolor>brown</currentyeartwigcolor>
    <numberoftrunks>can be trained to one trunk, typically multi-trunked</numberoftrunks>
    <pruningrequirement>needed for strong structure</pruningrequirement>
    <showiness>not showy</showiness>
    <currentyeartwigthickness>medium</currentyeartwigthickness>
    <trunkandbranchbreakage>resistant</trunkandbranchbreakage>
    <woodspecificgravity>0.70</woodspecificgravity>
    <branchdrooping>branches droop</branchdrooping>
    <crownshaft>not applicable</crownshaft>
    <barkthickness>thin bark</barkthickness>
    <thorns>no</thorns>
  </trunkandbranches>
  <rangemap>Range Map RM10B11</rangemap>
  <descriptivetext>&lt;p align="center"&gt;&lt;b&gt;&lt;em&gt;Cordia sebestena &lt;/em&gt;Geiger-Tree &lt;/b&gt;&lt;/p&gt;&lt;p align="left"&gt;

This dense, rounded, evergreen native tree grows slowly to a height of 25 feet with an equal spread and can develop a trunk 12 inches thick.  The large, seven-inch-long, stiff, dark green leaves are rough and hairy, feeling much like sandpaper.  Appearing throughout the year, but especially in spring and summer, are dark orange, two-inch-wide flowers which appear in clusters at branch tips.  The splendid flowers are followed by one to two-inch-long, pear-shaped fruits, which have a pleasant fragrance but are not particularly tasty. &lt;/p&gt;&lt;p align="left"&gt;

Geiger-Tree is quite salt- and brackish-water tolerant, making it ideal for use in coastal landscapes as a free-standing specimen, patio or framing tree.  Most specimens are seen as multitrunked and low-branching but nurseries can produce single-trunked trees suitable for downtown and parking lots.  It has been used as a street tree in some communities but drops leaves as a drought-avoidance strategy in prolonged dry spells.  According to legend, the common name was bestowed by Audubon in commemoration of John Geiger, a Key West pilot and wrecker of the 19th century and is now used quite universally as the common name for this excellent Florida native tree. &lt;/p&gt;&lt;p align="left"&gt;

Growing in full sun to partial shade, Geiger-Tree is tolerant of light, sandy, alkaline soils and salt-spray.  It is highly recommended for seaside plantings.  Do not plant where there is the slightest danger of frost.  &lt;/p&gt;&lt;p align="left"&gt;

&lt;em&gt;Cordia boissieri &lt;/em&gt; is frost-resistant (tolerating temperatures in the high 20's) and has stunning white flowers with yellow centers. &lt;/p&gt;&lt;p align="left"&gt;

Propagation is by seeds or layering. &lt;/p&gt;</descriptivetext>
  <pestresistance>resistant to pests/diseases</pestresistance>
  <foliage>
    <shape>ovate, cordate</shape>
    <summercolor>green</summercolor>
    <spiny>no</spiny>
    <type>simple</type>
    <arrangement>alternate</arrangement>
    <bladelength>4 to 8 inches</bladelength>
    <venation>brachidodrome, pinnate</venation>
    <fallcharacteristics>not showy</fallcharacteristics>
    <margin>undulate</margin>
    <fallcolor>no color change</fallcolor>
    <persistence>evergreen, broadleaf evergreen</persistence>
  </foliage>
  <pests>&lt;p align="center"&gt;&lt;b&gt;&lt;u&gt;Pests&lt;/u&gt;&lt;/b&gt;&lt;/p&gt;&lt;p align="left"&gt;

Mites, scales, and caterpillars will occasionally attack Geiger-Tree.  The geiger beetle defoliates the tree upon occasion but the trees generally grow out of it and do fine.  The problem can be locally troublesome. &lt;/p&gt;</pests>
  <usdahardinesszone>10B-11</usdahardinesszone>
  <culturetolerances>
    <saltspraytolerance>high</saltspraytolerance>
    <soilphtolerance>alkaline, acidic</soilphtolerance>
    <lightrequirements>full sun, partial sun or partial shade</lightrequirements>
    <soilsalttolerance>good</soilsalttolerance>
    <droughttolerance>high</droughttolerance>
    <soildrainagetolerance>well-drained</soildrainagetolerance>
    <soiltexturetolerance>clay, sand, loam</soiltexturetolerance>
  </culturetolerances>
  <nativeorigin>
    <nativestate>Florida</nativestate>
    <nativetonorthamerica>yes</nativetonorthamerica>
    <recommendedfordryclimates>no</recommendedfordryclimates>
    <nativefloridacounty>Not Native to Florida</nativefloridacounty>
  </nativeorigin>
  <lifespan>25 to 50 years</lifespan>
</tree>