<?xml version="1.0" encoding="UTF-8" standalone="no"?><tree>
  <diseases>&lt;p align="center"&gt;&lt;b&gt;&lt;u&gt;Diseases&lt;/u&gt;&lt;/b&gt;&lt;/p&gt;&lt;p align="left"&gt;

Dogwood anthracnose may be the biggest concern with growing Flowering Dogwood.  Infection is favored by cool, wet spring or fall weather.  Drought and stressed trees appear to be most affected, as are those at higher elevations.  Trees on the coastal plain may be much less likely to become affected.  Consecutive years of infection can kill trees.  Keep the tree healthy with regular irrigation in dry weather but avoid overhead irrigation.  Plant the tree in an area which allows the leaves to stay as dry as possible.  Consult a local pathologist for the latest in control measures.   &lt;em&gt;Cornus kousa &lt;/em&gt; is thought to be resistant to anthracnose and it can be planted in areas where anthracnose is a problem.  It is a very beautiful tree. &lt;/p&gt;&lt;p align="left"&gt;

Early symptoms of dogwood canker are smaller and paler leaves than normal.  Leaves on infected branches are red earlier in the fall.  At first the symptoms appear only on the infected side of the tree but become more general as the canker enlarges.  There is no chemical control for the disease.  Avoid trunk wounds during and after planting. &lt;/p&gt;&lt;p align="left"&gt;

Crown canker is associated with wet soils and can be controlled with appropriate fungicides. &lt;/p&gt;&lt;p align="left"&gt;

Flower and leaf blight attacks fading bracts, especially during wet weather.  Infected flower parts fall on the leaves spreading the infection. &lt;/p&gt;&lt;p align="left"&gt;

A large number of leaf spots attack dogwood.  Clean up and dispose of infected leaves. &lt;/p&gt;&lt;p align="left"&gt;

Powdery mildew covers the leaves with a fine white coating. &lt;/p&gt;&lt;p align="left"&gt;

Leaf scorch occurs during hot, dry, windy weather.  This condition looks like a disease.  Scorch symptoms are drying and browning of the leaf margins, or, in more serious cases, drying and browning of the interveinal area. &lt;/p&gt;</diseases>
  <planttype>tree</planttype>
  <size>
    <height>15 to 25 feet</height>
    <maturespread>20 to 25 feet</maturespread>
    <maintainableheight>not suitable for clipping</maintainableheight>
    <matureheight>20 to 30 feet</matureheight>
    <spread>15 to 25 feet</spread>
  </size>
  <use>deck or patio, screen, specimen, shade, recommended</use>
  <flower>
    <season>flowers in spring</season>
    <color>pink</color>
    <fragrance>no</fragrance>
    <showiness>very showy</showiness>
  </flower>
  <other>
    <verticilliumwilt>resistant</verticilliumwilt>
    <outstandingtree>yes</outstandingtree>
    <winterinterest>no</winterinterest>
    <invasivepotential>not a problem species</invasivepotential>
    <surfacerooting>not a problem</surfacerooting>
    <availability>somewhat available</availability>
    <ozonesensitivity>unknown</ozonesensitivity>
  </other>
  <fruit>
    <composition>fleshy</composition>
    <attractiontowildlife>attracts birds</attractiontowildlife>
    <edible>no</edible>
    <shape>oval, round</shape>
    <showiness>showy</showiness>
    <length>less than .5 inch</length>
    <persistant>yes</persistant>
    <litter>fruit/leaves not a litter problem</litter>
    <color>red</color>
  </fruit>
  <factsheet>ST190</factsheet>
  <growthrate>moderate</growthrate>
  <crowncanopy>
    <texture>medium</texture>
    <density>moderate</density>
    <shape>round</shape>
    <uniformity>symmetrical</uniformity>
  </crowncanopy>
  <photographs>
    <spring>16210762</spring>
    <entireplant>14511716</entireplant>
    <flower>16553724</flower>
    <fall>12190776</fall>
    <foliage>9718631</foliage>
  </photographs>
  <name>
    <listingname>Pink-Flowering Dogwood, Dogwood, Pink-Flowering</listingname>
    <family>Cornaceae</family>
    <pronunciation>KOR-nus  FLOR-ih-duh  variety  ROO-bruh</pronunciation>
    <species>florida</species>
    <genus>Cornus</genus>
    <cultivar>f. rubra</cultivar>
    <commonname>Pink-Flowering Dogwood</commonname>
  </name>
  <trunkandbranches>
    <currentyeartwigcolor>green</currentyeartwigcolor>
    <numberoftrunks>typically multi-trunked, can be trained to one trunk</numberoftrunks>
    <pruningrequirement>little required</pruningrequirement>
    <showiness>not showy</showiness>
    <currentyeartwigthickness>medium</currentyeartwigthickness>
    <trunkandbranchbreakage>resistant</trunkandbranchbreakage>
    <woodspecificgravity>unknown</woodspecificgravity>
    <branchdrooping>branches droop</branchdrooping>
    <crownshaft>not applicable</crownshaft>
    <barkthickness>thick</barkthickness>
    <thorns>no</thorns>
  </trunkandbranches>
  <rangemap>Range Map RM5B7B</rangemap>
  <descriptivetext>&lt;p align="center"&gt;&lt;b&gt;&lt;em&gt;Cornus florida &lt;/em&gt; var.  &lt;em&gt;rubra &lt;/em&gt;Pink-Flowering Dogwood &lt;/b&gt;&lt;/p&gt;&lt;p align="left"&gt;

The state tree of Virginia, Flowering Dogwood grows 20 to 30 feet tall and spreads 20 to 25 feet.  It can be trained with one central trunk or as a picturesque multi-trunked tree.  The flowers consist of four bracts which subtend the small head of yellow flowers.  The bracts are a light pink, and fall color depends on seed source but on most sun grown plants will be red to maroon.  Fall color is more vivid in USDA hardiness zones 5 to 8a.  The bright red fruits are often eaten by birds.  Branches on the lower half of the crown grow horizontally, those in the upper half are more upright.  In time, this can lend a strikingly horizontal impact to the landscape, particularly if some branches are thinned to open up the crown.  Lower branches left on the trunk will droop to the ground, creating a wonderful landscape feature.   &lt;/p&gt;&lt;p align="left"&gt;

The tree is not suited for parking lot planting but can be grown in a wide street median, if provided with less than full-day sun and irrigation.  Dogwood is a standard tree in many gardens where it is used by the patio for light shade, in the shrub border to add spring and fall color or as a specimen in the lawn or groundcover bed.  It can be grown in sun or shade but shaded trees will be less dense, grow more quickly and taller, have poor fall color, and less flowers.  Trees prefer part shade (preferably in the afternoon) in the southern end of its range.  Many nurseries grow the trees in full sun, but they are irrigated regularly.  Flowering Dogwood prefers a deep, rich, well-drained, sandy or clay soil and has a moderately long life.  It is not recommended in the New Orleans area and other heavy, wet soils unless it is grown on a raised bed to keep roots on the dry side.  The roots will rot in soils without adequate drainage.  This dogwood does poorly south of USDA hardiness zone 8a. &lt;/p&gt;&lt;p align="left"&gt;

Several of the cultivars listed are not readily available.  Pink-Flowering cultivars grow poorly in USDA hardiness zones 8 and 9.  `Apple Blossom' - pink bracts; `Cherokee Chief' - red bracts; `Cherokee Princess' - white bracts; `Cloud 9' - white bracts, many blooms, flowers at early age; `Fastigiata' - upright growth while young, spreading with age; `First Lady' - leaves variegated with yellow turning red and maroon in the fall; `Gigantea' - bracts six inches from tip of one bract to tip of opposite bract; `Magnifica' - bracts rounded, four-inch-diameter pairs of bracts; `Multibracteata' - double flowers; `New Hampshire' - flower buds cold hardy; `Pendula' - weeping or drooping branches; `Plena' - double flowers; `Spring Song' - bracts rose red; `Springtime' - bracts white, large, blooms at an early age; `Sunset' - supposedly resistant to anthracnose; `Sweetwater Red' - bracts red; `Weaver's White' - large white flowers, adapted to the south; `Welchii' - leaves variegated with yellow and red; `White Cloud' - flowers more numerous, bracts white; `Xanthocarpa'- fruit yellow. &lt;/p&gt;</descriptivetext>
  <pestresistance>sensitive to pests/diseases</pestresistance>
  <foliage>
    <shape>ovate</shape>
    <summercolor>green</summercolor>
    <spiny>no</spiny>
    <type>simple</type>
    <arrangement>opposite/subopposite</arrangement>
    <bladelength>2 to 4 inches, 4 to 8 inches</bladelength>
    <venation>pinnate, bowed</venation>
    <fallcharacteristics>showy</fallcharacteristics>
    <margin>entire</margin>
    <fallcolor>red</fallcolor>
    <persistence>deciduous</persistence>
  </foliage>
  <pests>&lt;p align="center"&gt;&lt;b&gt;&lt;u&gt;Pests&lt;/u&gt;&lt;/b&gt;&lt;/p&gt;&lt;p align="left"&gt;

Aphids may be controlled by spraying them with a strong stream of water from the garden hose. &lt;/p&gt;&lt;p align="left"&gt;

Several borers will attack dogwood.  Try to keep the trees healthy with regular fertilization, and irrigation during dry weather.  Indications of borer problems are holes in the trunk, leaves smaller than normal, and dieback of the crown. &lt;/p&gt;&lt;p align="left"&gt;

Dogwood club gall midge causes galls at the branch tips.  The leaves on affected branch tips may be distorted and the branch may fail to form a flower bud.  Prune out the galls as soon as they are seen. &lt;/p&gt;&lt;p align="left"&gt;

Leaf miners cause brown blister-like mines on the undersides of leaves.  The adult leaf miner skeletonizes the leaves. &lt;/p&gt;&lt;p align="left"&gt;

Scales can build up to large numbers before being detected.  Horticultural oil will help control overwintering stages. &lt;/p&gt;&lt;p align="left"&gt;

Twig girdlers prune the tips of small branches.  They are more of an annoyance than a serious problem unless you are a nursery operator. &lt;/p&gt;</pests>
  <usdahardinesszone>5B-7B</usdahardinesszone>
  <culturetolerances>
    <saltspraytolerance>low</saltspraytolerance>
    <soilphtolerance>acidic, slightly alkaline</soilphtolerance>
    <lightrequirements>full sun, partial sun or partial shade, shade tolerant</lightrequirements>
    <soilsalttolerance>poor</soilsalttolerance>
    <droughttolerance>moderate</droughttolerance>
    <soildrainagetolerance>well-drained</soildrainagetolerance>
    <soiltexturetolerance>clay, sand, loam</soiltexturetolerance>
  </culturetolerances>
  <nativeorigin>
    <nativetonorthamerica>yes</nativetonorthamerica>
    <recommendedfordryclimates>no</recommendedfordryclimates>
    <nativefloridacounty>Not Native to Florida</nativefloridacounty>
  </nativeorigin>
  <lifespan>25 to 50 years</lifespan>
</tree>