<?xml version="1.0" encoding="UTF-8" standalone="no"?><tree>
  <factsheet>ST196</factsheet>
  <descriptivetext>&lt;p align="center"&gt;&lt;b&gt;&lt;em&gt;Cornus mas &lt;/em&gt; `Flava' `Flava' Cornelian-Cherry &lt;/b&gt;&lt;/p&gt;&lt;p align="left"&gt;

Cornelian-Cherry is a slow-growing, small tree or large shrub preferring sun or partial shade and a well-drained soil.  Flowers are produced in northern areas but most of the south lacks the chilling hours required to set flower buds.  `Spring Glow' is the one cultivar which will flower in the south.  The growth rate is moderate and young plants transplant easily.  Bark is very showy and is often displayed by removing lower foliage.  A height of 15 to 25 feet and spread of 12 to 18 feet can be expected, eventually.  The yellow flowers produced in very early spring are similar to Forsythia and are followed by large, yellow fruit on this cultivar which is edible and partially hidden by the foliage.  The fall color is red.  Cornelian-Cherry responds well to pruning and may be used as a hedge plant. &lt;/p&gt;&lt;p align="left"&gt;

The once popular species has fallen out of the trade recently but deserves a comeback.  It is pest free and grows well on a variety of soil including clay.  Soil should be kept moist with good drainage.  Mulching encourages better root growth and moderate drought tolerance.  But not considered highly drought tolerant by any means.  Grows in sun to part shade.  Use it as a specimen or in a monoculture group planting or shrub border.  The fruit makes an excellent tart jelly - also attracts birds.  Makes an excellent patio tree in the yard and should be planted more. &lt;/p&gt;&lt;p align="left"&gt;

Several cultivars are listed but may not be readily available: `Alba' - white fruit; `Aureo-Elegantissima' - leaves bordered in yellow, green and pink; `Elegantissima' - leaves yellow, green and pink; `Fructu Violaceo' - purple fruits; `Macrocarpa' - larger fruits; `Nana' - dwarf, three feet tall, `Variegata'--leaves with white variegations; `Xanthocarpa' - yellow fruit.  One of the best for the southern United States is `Spring Glow' which has a low chilling requirement and beautiful flowers, handsome, leathery foliage which looks good until frost.   &lt;em&gt;Cornus officinalis &lt;/em&gt; would be a better choice for the south if you can find it. &lt;/p&gt;</descriptivetext>
  <pests>&lt;p align="center"&gt;&lt;b&gt;&lt;u&gt;Pests&lt;/u&gt;&lt;/b&gt;&lt;/p&gt;&lt;p align="left"&gt;

Several borers will attack dogwood.  Try to keep the trees healthy with regular fertilization.  Indications of borer problems are holes in the trunk, leaves smaller than normal, and dieback of the crown. &lt;/p&gt;&lt;p align="left"&gt;

Dogwood club gall midge causes galls at the branch tips.  The leaves on affected branch tips may be distorted and the branch may fail to form a flower bud.  Prune out the galls as soon as they are seen. &lt;/p&gt;&lt;p align="left"&gt;

Leaf miners cause brown blister-like mines on the undersides of leaves.  The adult leaf miner skeletonizes the leaves. &lt;/p&gt;&lt;p align="left"&gt;

Scales can build up to large numbers before being detected.  Horticultural oil will help control overwintering stages. &lt;/p&gt;&lt;p align="left"&gt;

Aphids may be controlled by spraying them with a strong stream of water from the garden hose. &lt;/p&gt;</pests>
  <culturetolerances>
    <saltspraytolerance>low</saltspraytolerance>
    <soilphtolerance>acidic, alkaline</soilphtolerance>
    <lightrequirements>full sun, partial sun or partial shade</lightrequirements>
    <soilsalttolerance>poor</soilsalttolerance>
    <droughttolerance>moderate</droughttolerance>
    <soildrainagetolerance>well-drained</soildrainagetolerance>
    <soiltexturetolerance>sand, loam, clay</soiltexturetolerance>
  </culturetolerances>
  <trunkandbranches>
    <currentyeartwigcolor>green</currentyeartwigcolor>
    <numberoftrunks>typically multi-trunked</numberoftrunks>
    <pruningrequirement>little required</pruningrequirement>
    <showiness>showy</showiness>
    <currentyeartwigthickness>medium</currentyeartwigthickness>
    <trunkandbranchbreakage>resistant</trunkandbranchbreakage>
    <woodspecificgravity>unknown</woodspecificgravity>
    <branchdrooping>branches droop</branchdrooping>
    <crownshaft>not applicable</crownshaft>
    <barkthickness>thick</barkthickness>
    <thorns>no</thorns>
  </trunkandbranches>
  <note>Photos are of Species</note>
  <name>
    <listingname>'Flava' Corneliancherry Dogwood</listingname>
    <family>Cornaceae</family>
    <pronunciation>KOR-nus  mass</pronunciation>
    <species>mas</species>
    <genus>Cornus</genus>
    <cultivar>'Flava'</cultivar>
    <commonname>'Flava' Corneliancherry Dogwood</commonname>
  </name>
  <usdahardinesszone>5A-8A</usdahardinesszone>
  <diseases>&lt;p align="center"&gt;&lt;b&gt;&lt;u&gt;Diseases&lt;/u&gt;&lt;/b&gt;&lt;/p&gt;&lt;p align="left"&gt;

Most of the diseases listed are seen most often on  &lt;em&gt;Cornus florida &lt;/em&gt;.  However other dogwoods are susceptible to the diseases listed. &lt;/p&gt;&lt;p align="left"&gt;

Early symptoms of dogwood canker are smaller and paler leaves.  Leaves on infected branches are red earlier in the fall.  At first the symptoms appear only on the infected side of the tree but become more general as the canker enlarges.  There is no chemical control for the disease.  Avoid trunk wounds during and after planting. &lt;/p&gt;&lt;p align="left"&gt;

Crown canker is associated with wet soils and can be controlled with appropriate fungicides. &lt;/p&gt;&lt;p align="left"&gt;

Flower and leaf blight caused by  &lt;em&gt;Botrytis cinerea &lt;/em&gt; attacks fading bracts, especially during wet weather.  Infected flower parts fall on the leaves spreading the infection. &lt;/p&gt;&lt;p align="left"&gt;

A large number of leaf spots attack dogwood.  Clean up and dispose of infected leaves. &lt;/p&gt;&lt;p align="left"&gt;

Powdery mildew covers the leaves with a fine white coating. &lt;/p&gt;&lt;p align="left"&gt;

Leaf scorch occurs during hot, dry, windy weather.  This condition looks like a disease.  Scorch symptoms are drying and browning of the leaf margins, or, in more serious cases, drying and browning of the interveinal area. &lt;/p&gt;</diseases>
  <nativeorigin>
    <nativetonorthamerica>no</nativetonorthamerica>
    <recommendedfordryclimates>no</recommendedfordryclimates>
    <nativefloridacounty>Not Native to Florida</nativefloridacounty>
  </nativeorigin>
  <use>hedge, specimen, deck or patio, container or planter, recommended</use>
  <growthrate>slow</growthrate>
  <planttype>tree</planttype>
  <rangemap>Range Map RM5A8A</rangemap>
  <foliage>
    <shape>ovate</shape>
    <summercolor>green</summercolor>
    <spiny>no</spiny>
    <type>simple</type>
    <arrangement>opposite/subopposite</arrangement>
    <bladelength>2 to 4 inches</bladelength>
    <venation>pinnate, bowed</venation>
    <fallcharacteristics>showy</fallcharacteristics>
    <margin>entire</margin>
    <fallcolor>red</fallcolor>
    <persistence>deciduous</persistence>
  </foliage>
  <flower>
    <season>flowers in spring, flowers in winter</season>
    <color>yellow</color>
    <fragrance>no</fragrance>
    <showiness>showy</showiness>
  </flower>
  <pestresistance>resistant to pests/diseases</pestresistance>
  <lifespan>25 to 50 years</lifespan>
  <fruit>
    <composition>fleshy</composition>
    <attractiontowildlife>attracts birds</attractiontowildlife>
    <edible>yes</edible>
    <shape>oval</shape>
    <showiness>showy</showiness>
    <length>.5 to 1 inch</length>
    <persistant>no</persistant>
    <litter>fruit/leaves a litter problem</litter>
    <color>yellow</color>
  </fruit>
  <size>
    <height>15 to 25 feet</height>
    <maturespread>12 to 18 feet</maturespread>
    <maintainableheight>not suitable for clipping</maintainableheight>
    <matureheight>15 to 25 feet</matureheight>
    <spread>15 to 25 feet</spread>
  </size>
  <other>
    <verticilliumwilt>resistant</verticilliumwilt>
    <outstandingtree>yes</outstandingtree>
    <winterinterest>yes</winterinterest>
    <invasivepotential>not assessed or incomplete data</invasivepotential>
    <surfacerooting>not a problem</surfacerooting>
    <availability>rarely available</availability>
    <ozonesensitivity>unknown</ozonesensitivity>
  </other>
  <crowncanopy>
    <texture>medium</texture>
    <density>moderate</density>
    <shape>round</shape>
    <uniformity>symmetrical</uniformity>
  </crowncanopy>
  <photographs>
  </photographs>
</tree>