<?xml version="1.0" encoding="UTF-8" standalone="no"?><tree>
  <foliage>
    <shape>ovate</shape>
    <summercolor>green</summercolor>
    <spiny>no</spiny>
    <type>simple</type>
    <arrangement>opposite/subopposite</arrangement>
    <bladelength>2 to 4 inches, 4 to 8 inches</bladelength>
    <venation>bowed, pinnate</venation>
    <fallcharacteristics>showy</fallcharacteristics>
    <margin>entire</margin>
    <fallcolor>red</fallcolor>
    <persistence>deciduous</persistence>
  </foliage>
  <pestresistance>sensitive to pests/diseases</pestresistance>
  <lifespan>more than 50 years</lifespan>
  <culturetolerances>
    <saltspraytolerance>unknown</saltspraytolerance>
    <soilphtolerance>acidic, slightly alkaline</soilphtolerance>
    <lightrequirements>full sun, shade tolerant</lightrequirements>
    <soilsalttolerance>unknown</soilsalttolerance>
    <droughttolerance>moderate</droughttolerance>
    <soildrainagetolerance>well-drained</soildrainagetolerance>
    <soiltexturetolerance>sand, loam, clay</soiltexturetolerance>
  </culturetolerances>
  <flower>
    <season>flowers in spring</season>
    <color>white/cream/gray</color>
    <fragrance>no</fragrance>
    <showiness>very showy</showiness>
  </flower>
  <diseases/>
  <planttype>tree</planttype>
  <use>specimen, highway median, street without sidewalk</use>
  <usdahardinesszone>6B-8B</usdahardinesszone>
  <nativeorigin>
    <nativestate>California, Oregon, Washington</nativestate>
    <nativetonorthamerica>yes</nativetonorthamerica>
    <recommendedfordryclimates>no</recommendedfordryclimates>
    <nativefloridacounty>Not Native to Florida</nativefloridacounty>
  </nativeorigin>
  <size>
    <height>25 to 50 feet</height>
    <maturespread>20 to 35 feet</maturespread>
    <maintainableheight>not suitable for clipping</maintainableheight>
    <matureheight>25 to 50 feet</matureheight>
    <spread>25 to 35 feet</spread>
  </size>
  <factsheet/>
  <trunkandbranches>
    <currentyeartwigcolor>unknown</currentyeartwigcolor>
    <numberoftrunks>typically multi-trunked, can be trained to one trunk</numberoftrunks>
    <pruningrequirement>little required</pruningrequirement>
    <showiness>not showy</showiness>
    <currentyeartwigthickness>thick</currentyeartwigthickness>
    <trunkandbranchbreakage>resistant</trunkandbranchbreakage>
    <woodspecificgravity>unknown</woodspecificgravity>
    <branchdrooping>branches don't droop</branchdrooping>
    <crownshaft>not applicable</crownshaft>
    <barkthickness>thick</barkthickness>
    <thorns>no</thorns>
  </trunkandbranches>
  <pests/>
  <fruit>
    <composition>fleshy</composition>
    <attractiontowildlife>attracts birds</attractiontowildlife>
    <edible>no</edible>
    <shape>oval, round</shape>
    <showiness>showy</showiness>
    <length>unknown</length>
    <persistant>yes</persistant>
    <litter>fruit/leaves not a litter problem</litter>
    <color>red</color>
  </fruit>
  <name>
    <listingname>Western Dogwood, Mountain Dogwood</listingname>
    <family>Cornaceae</family>
    <pronunciation>KOR-nus noo-TAL-ee-eye</pronunciation>
    <species>nuttali</species>
    <genus>Cornus</genus>
    <cultivar/>
    <commonname>Western Dogwood, Mountain Dogwood</commonname>
  </name>
  <photographs>
  </photographs>
  <crowncanopy>
    <texture>fine</texture>
    <density>moderate</density>
    <shape>round</shape>
    <uniformity>symmetrical</uniformity>
  </crowncanopy>
  <other>
    <verticilliumwilt>unknown</verticilliumwilt>
    <outstandingtree>no</outstandingtree>
    <winterinterest>no</winterinterest>
    <invasivepotential>not a problem species</invasivepotential>
    <surfacerooting>unknown</surfacerooting>
    <availability>generally available</availability>
    <ozonesensitivity>unknown</ozonesensitivity>
  </other>
  <descriptivetext>&lt;p align="left"&gt;

Western Dogwood is occasionally grown in the western US where it is native but is not especially tolerant of eastern climates. It should be grown in the shade of taller trees to prevent sunburned foliage in regions were summer are hot. In addition to the usual spring flower display, plants sometimes flower again in late summer. Watering in the east should be kept to a minimum to prevent root disease. Be sure to plant it in an area with good drainage.&lt;/p&gt;&lt;p align="left"&gt;

&lt;/p&gt;&lt;p align="left"&gt;

Nice tree in the woods but difficult to cultivate in the landscape. Most trees in their native habitat have a dominant central trunk with small diameter lateral branches. This plant is considered mostly allergy free and causes little or no allergy problems in most people. Western Dogwood has 4-7 bracts whereas Eastern Flowering dogwood has 4. Western Dogwood has thicker twigs than the western Dogwood.&lt;/p&gt;&lt;p align="left"&gt;

&lt;/p&gt;&lt;p align="left"&gt;

Wood is considered diffuse porous meaning that there is little difference in size of pores between spring and summer wood.&lt;/p&gt;&lt;p align="left"&gt;

&lt;/p&gt;&lt;p align="left"&gt;

Use as a street tree&lt;/p&gt;&lt;p align="left"&gt;

&lt;/p&gt;&lt;p align="left"&gt;

This plant can be grown as a multi-trunk tree for use in highway median strips and in landscapes, or can be used as a street tree where there is not a need for tall-vehicle clearance beneath the crown.  The small stature and low, spreading, branching habit makes pruning for vehicular clearance difficult unless it is properly trained from an early age to develop one main trunk. The effort required initially to train this tree for street tree use, however, may be offset by its advantages.&lt;/p&gt;</descriptivetext>
  <growthrate>moderate</growthrate>
</tree>