<?xml version="1.0" encoding="UTF-8" standalone="no"?><tree>
  <diseases>&lt;p align="center"&gt;&lt;b&gt;&lt;u&gt;Diseases&lt;/u&gt;&lt;/b&gt;&lt;/p&gt;&lt;p align="left"&gt;

Leaf spot, twig blight, or canker. &lt;/p&gt;</diseases>
  <planttype>tree</planttype>
  <size>
    <height>25 to 50 feet</height>
    <maturespread>25 to 35 feet</maturespread>
    <maintainableheight>not suitable for clipping</maintainableheight>
    <matureheight>30 to 50 feet</matureheight>
    <spread>25 to 35 feet</spread>
  </size>
  <use>deck or patio, shade, street without sidewalk, tree lawn 3-4 feet wide, tree lawn 4-6 feet wide, tree lawn &gt; 6 ft wide, specimen, shade, recommended</use>
  <flower>
    <season>flowers in spring</season>
    <color>white/cream/gray</color>
    <fragrance>no</fragrance>
    <showiness>showy</showiness>
  </flower>
  <other>
    <verticilliumwilt>resistant</verticilliumwilt>
    <outstandingtree>no</outstandingtree>
    <winterinterest>no</winterinterest>
    <invasivepotential>not assessed or incomplete data</invasivepotential>
    <surfacerooting>not a problem</surfacerooting>
    <availability>rarely available</availability>
    <ozonesensitivity>unknown</ozonesensitivity>
  </other>
  <fruit>
    <composition>fleshy</composition>
    <attractiontowildlife>attracts birds, attracts squirrels/mammals</attractiontowildlife>
    <edible>no</edible>
    <shape>round</shape>
    <showiness>showy</showiness>
    <length>less than .5 inch</length>
    <persistant>no</persistant>
    <litter>fruit/leaves not a litter problem</litter>
    <color>blue, black</color>
  </fruit>
  <factsheet>ST183</factsheet>
  <growthrate>fast</growthrate>
  <crowncanopy>
    <texture>medium</texture>
    <density>moderate</density>
    <shape>upright/erect, spreading</shape>
    <uniformity>symmetrical</uniformity>
  </crowncanopy>
  <photographs>
    <spring>12699833</spring>
    <entireplant>9930091</entireplant>
    <flower>7919693</flower>
    <foliage>3472543</foliage>
  </photographs>
  <name>
    <listingname>Giant Dogwood, Dogwood, Giant</listingname>
    <family>Cornaceae</family>
    <pronunciation>KOR-nus  kawn-troe-VER-suh</pronunciation>
    <species>controversa</species>
    <genus>Cornus</genus>
    <commonname>Giant Dogwood</commonname>
  </name>
  <trunkandbranches>
    <currentyeartwigcolor>green</currentyeartwigcolor>
    <numberoftrunks>typically one trunk</numberoftrunks>
    <pruningrequirement>needed for strong structure</pruningrequirement>
    <showiness>not showy</showiness>
    <currentyeartwigthickness>medium</currentyeartwigthickness>
    <trunkandbranchbreakage>resistant</trunkandbranchbreakage>
    <woodspecificgravity>unknown</woodspecificgravity>
    <branchdrooping>branches droop</branchdrooping>
    <crownshaft>not applicable</crownshaft>
    <barkthickness>thick</barkthickness>
    <thorns>no</thorns>
  </trunkandbranches>
  <rangemap>Range Map RM5A8A</rangemap>
  <descriptivetext>&lt;p align="center"&gt;&lt;b&gt;&lt;em&gt;Cornus controversa &lt;/em&gt;Giant Dogwood &lt;/b&gt;&lt;/p&gt;&lt;p align="left"&gt;

Giant Dogwood, a fast-growing deciduous tree that reaches 30 to 50 feet in height, eventually displays attractive horizontal branches clothed in large, five to eight-inch-long leaves, dark green above and silver/green beneath, which turn a lovely red color in the fall.  In the middle of springtime, the trees produce a multitude of flat, white clusters of bloom in dense cymes up to five inches across.  These blooms are followed by showy, blue/black berries which are quite attractive to birds and other wildlife.  The branching pattern is more upright in youth, spreading as it grows. &lt;/p&gt;&lt;p align="left"&gt;

Giant Dogwood should be grown in full sun for best flowering on moist, well-drained, acid soil.  Used most often as a patio or medium-sized shade tree, Giant Dogwood has been planted as a street tree in some communities and may be considered more tolerant of urban soil than other dogwoods.  It has been the fastest growing dogwood at the North Carolina State Arboretum. &lt;/p&gt;&lt;p align="left"&gt;

The cultivar `Variegata' has narrow, yellow-edged leaves but is rare in cultivation. &lt;/p&gt;&lt;p align="left"&gt;

Propagation is by cuttings with ease or seeds with difficulty. &lt;/p&gt;</descriptivetext>
  <pestresistance>resistant to pests/diseases</pestresistance>
  <foliage>
    <shape>ovate</shape>
    <summercolor>green</summercolor>
    <spiny>no</spiny>
    <type>simple</type>
    <arrangement>opposite/subopposite</arrangement>
    <bladelength>4 to 8 inches</bladelength>
    <venation>pinnate, brachidodrome</venation>
    <fallcharacteristics>showy</fallcharacteristics>
    <margin>entire</margin>
    <fallcolor>red</fallcolor>
    <persistence>deciduous</persistence>
  </foliage>
  <pests>&lt;p align="center"&gt;&lt;b&gt;&lt;u&gt;Pests&lt;/u&gt;&lt;/b&gt;&lt;/p&gt;&lt;p align="left"&gt;

No pests are of major concern. &lt;/p&gt;</pests>
  <usdahardinesszone>5A-8A</usdahardinesszone>
  <culturetolerances>
    <saltspraytolerance>unknown</saltspraytolerance>
    <soilphtolerance>acidic</soilphtolerance>
    <lightrequirements>full sun, partial sun or partial shade</lightrequirements>
    <soilsalttolerance>unknown</soilsalttolerance>
    <droughttolerance>moderate</droughttolerance>
    <soildrainagetolerance>well-drained</soildrainagetolerance>
    <soiltexturetolerance>clay, sand, loam</soiltexturetolerance>
  </culturetolerances>
  <nativeorigin>
    <nativetonorthamerica>no</nativetonorthamerica>
    <recommendedfordryclimates>no</recommendedfordryclimates>
    <nativefloridacounty>Not Native to Florida</nativefloridacounty>
  </nativeorigin>
  <lifespan>25 to 50 years</lifespan>
</tree>