<?xml version="1.0" encoding="UTF-8" standalone="no"?><tree>
  <foliage>
    <shape>ovate</shape>
    <summercolor>green</summercolor>
    <spiny>no</spiny>
    <type>simple</type>
    <arrangement>opposite/subopposite</arrangement>
    <bladelength>2 to 4 inches</bladelength>
    <venation>bowed, pinnate</venation>
    <fallcharacteristics>showy</fallcharacteristics>
    <margin>entire</margin>
    <fallcolor>red</fallcolor>
    <persistence>deciduous</persistence>
  </foliage>
  <pestresistance>sensitive to pests/diseases</pestresistance>
  <lifespan>unknown</lifespan>
  <culturetolerances>
    <saltspraytolerance>unknown</saltspraytolerance>
    <soilphtolerance>acidic, slightly alkaline, alkaline</soilphtolerance>
    <lightrequirements>partial sun or partial shade, full sun</lightrequirements>
    <soilsalttolerance>unknown</soilsalttolerance>
    <droughttolerance>moderate</droughttolerance>
    <soildrainagetolerance>well-drained, occasionally wet, extended flooding</soildrainagetolerance>
    <soiltexturetolerance>sand, loam, clay</soiltexturetolerance>
  </culturetolerances>
  <flower>
    <season>flowers in spring</season>
    <color>yellow, white/cream/gray</color>
    <fragrance>no</fragrance>
    <showiness>showy</showiness>
  </flower>
  <diseases/>
  <planttype>shrub</planttype>
  <use>screen, container or planter, hedge</use>
  <usdahardinesszone>2B-7A</usdahardinesszone>
  <nativeorigin>
    <nativestate>California, Connecticut, District of Columbia, Delaware, Iowa, Idaho, Illinois, Kentucky, Massachusetts, Maryland, Maine, Michigan, Montana, Nebraska, New Hampshire, New Jersey, New York, Ohio, Pennsylvania, Rhode Island, Virginia, Vermont, Wisconsin, West Virginia</nativestate>
    <nativetonorthamerica>yes</nativetonorthamerica>
    <recommendedfordryclimates>no</recommendedfordryclimates>
    <nativefloridacounty>Not Native to Florida</nativefloridacounty>
  </nativeorigin>
  <size>
    <height>6 to 10 feet</height>
    <maturespread>6 to 10 feet</maturespread>
    <maintainableheight>not suitable for clipping</maintainableheight>
    <matureheight>6 to 10 feet</matureheight>
    <spread>6 to 10 feet</spread>
  </size>
  <factsheet/>
  <trunkandbranches>
    <currentyeartwigcolor>unknown</currentyeartwigcolor>
    <numberoftrunks>typically multi-trunked</numberoftrunks>
    <pruningrequirement>little required</pruningrequirement>
    <showiness>not showy</showiness>
    <currentyeartwigthickness>thin</currentyeartwigthickness>
    <trunkandbranchbreakage>resistant</trunkandbranchbreakage>
    <woodspecificgravity>unknown</woodspecificgravity>
    <branchdrooping>branches droop</branchdrooping>
    <crownshaft>not applicable</crownshaft>
    <barkthickness>thin bark</barkthickness>
    <thorns>no</thorns>
  </trunkandbranches>
  <pests/>
  <fruit>
    <composition>fleshy</composition>
    <attractiontowildlife>unknown</attractiontowildlife>
    <edible>unknown</edible>
    <shape>round</shape>
    <showiness>showy</showiness>
    <length>unknown</length>
    <persistant>yes</persistant>
    <litter>unknown</litter>
    <color>unknown</color>
  </fruit>
  <name>
    <listingname>Red Osier Dogwood</listingname>
    <family>Cornaceae</family>
    <pronunciation/>
    <species>stolonifera</species>
    <genus>Cornus</genus>
    <cultivar/>
    <commonname>Red Osier Dogwood</commonname>
  </name>
  <photographs>
    <fall>7829060</fall>
    <other>2061929</other>
    <foliage>11456822</foliage>
  </photographs>
  <crowncanopy>
    <texture>fine</texture>
    <density>moderate</density>
    <shape>oval, round, upright/erect</shape>
    <uniformity>symmetrical</uniformity>
  </crowncanopy>
  <other>
    <verticilliumwilt>unknown</verticilliumwilt>
    <outstandingtree>yes</outstandingtree>
    <winterinterest>yes</winterinterest>
    <invasivepotential>not a problem species</invasivepotential>
    <surfacerooting>unknown</surfacerooting>
    <availability>generally available</availability>
    <ozonesensitivity>unknown</ozonesensitivity>
  </other>
  <descriptivetext>&lt;p align="left"&gt;

Red Osier Dogwood can be grown in full sun or partial shade on moist to wet, acid, well-drained, and cool soil.  Keep a mulch around the root system to encourage vigorous root growth. Dogwood is used as a specimen or foundation plant. It is nicely suited for wet soil areas. The bright red or yellow stems are showy all winter long. This plant is considered mostly allergy free and causes little or no allergy problems in most people.  Plants serve as hosts for butterfly larvae.&lt;/p&gt;</descriptivetext>
  <growthrate>moderate</growthrate>
</tree>