<?xml version="1.0" encoding="UTF-8" standalone="no"?><tree>
  <foliage>
    <shape>ovate</shape>
    <summercolor>green</summercolor>
    <spiny>no</spiny>
    <type>simple</type>
    <arrangement>opposite/subopposite</arrangement>
    <bladelength>2 to 4 inches</bladelength>
    <venation>pinnate, bowed</venation>
    <fallcharacteristics>showy</fallcharacteristics>
    <margin>entire</margin>
    <fallcolor>red</fallcolor>
    <persistence>deciduous</persistence>
  </foliage>
  <rangemap>Range Map RM4A8A</rangemap>
  <pestresistance>resistant to pests/diseases</pestresistance>
  <lifespan>25 to 50 years</lifespan>
  <culturetolerances>
    <saltspraytolerance>moderate</saltspraytolerance>
    <soilphtolerance>acidic, slightly alkaline</soilphtolerance>
    <lightrequirements>full sun, partial sun or partial shade, shade tolerant</lightrequirements>
    <soilsalttolerance>moderate</soilsalttolerance>
    <droughttolerance>moderate</droughttolerance>
    <soildrainagetolerance>well-drained</soildrainagetolerance>
    <soiltexturetolerance>clay, sand, loam</soiltexturetolerance>
  </culturetolerances>
  <flower>
    <season>flowers in spring</season>
    <color>white/cream/gray</color>
    <fragrance>no</fragrance>
    <showiness>very showy</showiness>
  </flower>
  <diseases>&lt;p align="center"&gt;&lt;b&gt;&lt;u&gt;Diseases&lt;/u&gt;&lt;/b&gt;&lt;/p&gt;&lt;p align="left"&gt;

Leaf spot, twig blight, and canker are problems for pagoda dogwood. &lt;/p&gt;</diseases>
  <planttype>tree</planttype>
  <use>deck or patio, screen, specimen, shade, container or planter, recommended</use>
  <usdahardinesszone>3B-8A</usdahardinesszone>
  <nativeorigin>
    <nativestate>Maine, New Hampshire, Vermont, Massachusetts, Rhode Island, Connecticut, New York, New Jersey, Pennsylvania, Delaware, Maryland, District of Columbia, Ohio, Michigan, Indiana, Illinois, Missouri, Arkansas, Alabama, Florida, Georgia, South Carolina, North Carolina, Tennessee, Kentucky, West Virginia, Virginia, Minnesota, Wisconsin, Iowa</nativestate>
    <nativetonorthamerica>yes</nativetonorthamerica>
    <recommendedfordryclimates>no</recommendedfordryclimates>
    <nativefloridacounty>Calhoun, Gadsden, Leon, Walton</nativefloridacounty>
  </nativeorigin>
  <size>
    <height>15 to 25 feet</height>
    <maturespread>15 to 20 feet</maturespread>
    <maintainableheight>not suitable for clipping</maintainableheight>
    <matureheight>15 to 20 feet</matureheight>
    <spread>15 to 25 feet</spread>
  </size>
  <trunkandbranches>
    <currentyeartwigcolor>green, reddish</currentyeartwigcolor>
    <numberoftrunks>typically multi-trunked, can be trained to one trunk</numberoftrunks>
    <pruningrequirement>little required</pruningrequirement>
    <showiness>not showy</showiness>
    <currentyeartwigthickness>medium</currentyeartwigthickness>
    <trunkandbranchbreakage>resistant</trunkandbranchbreakage>
    <woodspecificgravity>unknown</woodspecificgravity>
    <branchdrooping>branches droop</branchdrooping>
    <crownshaft>not applicable</crownshaft>
    <barkthickness>thick</barkthickness>
    <thorns>no</thorns>
  </trunkandbranches>
  <pests>&lt;p align="center"&gt;&lt;b&gt;&lt;u&gt;Pests&lt;/u&gt;&lt;/b&gt;&lt;/p&gt;&lt;p align="left"&gt;

No pests are of major concern. &lt;/p&gt;</pests>
  <fruit>
    <composition>fleshy</composition>
    <attractiontowildlife>attracts birds</attractiontowildlife>
    <edible>yes</edible>
    <shape>oval, round</shape>
    <showiness>showy</showiness>
    <length>less than .5 inch</length>
    <persistant>yes</persistant>
    <litter>fruit/leaves not a litter problem</litter>
    <color>blue, black</color>
  </fruit>
  <name>
    <listingname>Pagoda Dogwood, Dogwood, Pagoda</listingname>
    <family>Cornaceae</family>
    <pronunciation>KOR-nus  al-ter-nih-FOLE-ee-uh</pronunciation>
    <species>alternifolia</species>
    <genus>Cornus</genus>
    <commonname>Pagoda Dogwood</commonname>
  </name>
  <photographs>
    <foliage>221550</foliage>
    <flower>12063090</flower>
    <spring>297818</spring>
    <fruit>9624381</fruit>
    <other>14547064</other>
    <fall>11921797</fall>
    <entireplant>10802408</entireplant>
  </photographs>
  <crowncanopy>
    <texture>medium</texture>
    <density>moderate</density>
    <shape>round, oval</shape>
    <uniformity>irregular</uniformity>
  </crowncanopy>
  <other>
    <verticilliumwilt>resistant</verticilliumwilt>
    <outstandingtree>no</outstandingtree>
    <winterinterest>no</winterinterest>
    <invasivepotential>not a problem species</invasivepotential>
    <surfacerooting>not a problem</surfacerooting>
    <availability>somewhat available</availability>
    <ozonesensitivity>sensitive</ozonesensitivity>
  </other>
  <descriptivetext>&lt;p align="center"&gt;&lt;b&gt;&lt;em&gt;Cornus alternifolia &lt;/em&gt;pagoda dogwood, green osier, alternate-leaf dogwood &lt;/b&gt;&lt;/p&gt;&lt;p align="left"&gt;

This deciduous native tree is easily identified by its flattened canopy, horizontal branching pattern, low height of 10 to 25 feet, and wide-spreading silhouette, about 1.5 times its height.  Clustered mostly at the ends of branches are five-inch-long, pale green leaves which are joined in late spring by flattened, dense cymes of fragrant, cream-colored flowers.  These blooms are followed by dark blue fruits which are extremely popular with birds and other wildlife.  In autumn, the leaves of pagoda dogwood turn lovely shades of deep red and orange before falling.  The horizontal branching pattern is particularly striking during the winter. &lt;/p&gt;&lt;p align="left"&gt;

Pagoda dogwood should be grown in full sun, partial or deep shade on moist, acid, well-drained, and cool soil.  Keep a mulch around the root system to encourage vigorous root growth.  Pagoda dogwood is used as a specimen or patio tree for small-scale landscapes where it is well-suited due to its small mature size. &lt;/p&gt;&lt;p align="left"&gt;

The cultivar `Argentea' (also known as `Variegata') has attractive green and white variegated leaves, but unfortunately is not usually available in the trade. &lt;/p&gt;&lt;p align="left"&gt;

Propagation is by seed or cuttings. &lt;/p&gt;</descriptivetext>
  <growthrate>moderate</growthrate>
</tree>