<?xml version="1.0" encoding="UTF-8" standalone="no"?><tree>
  <factsheet>ST192</factsheet>
  <descriptivetext>&lt;p align="center"&gt;&lt;b&gt;&lt;em&gt;Cornus kousa &lt;/em&gt; `Milky Way' `Milky Way' Kousa Dogwood, `Milky Way' Chinese Dogwood, `Milky Way' Japanese Dogwood &lt;/b&gt;&lt;/p&gt;&lt;p align="left"&gt;

This cultivar of Kousa Dogwood produces more flowers and fruit than the species and may be more vigorous.  It grows 15 to 20 feet tall and has beautiful exfoliating bark, many long-lasting flowers, good fall color, and attractive fruit.  Branches grow upright when the tree is young, but appear in horizontal layers on mature trees.  The crown eventually grows wider than it is tall on many specimens.  It would be difficult to use too many Kousa Dogwoods.  The white, pointed bracts are produced a month later than Flowering Dogwood and are effective for about a month, sometimes longer.  The red fruits are edible and they look like a big round raspberry.  Birds devour the fruit quickly.  Fall color varies from dull red to maroon. &lt;/p&gt;&lt;p align="left"&gt;

The bark is so attractive on Kousa Dogwood that lower branches should be selectively thinned to show it off.  Although young trees show only limited bark exfoliation, the tree shows its true bark character as it gets older.  The tree also makes a great silhouette as a specimen planting and should be allowed to branch close to the ground to enjoy its full character.  The strong horizontal branching habit on older plants is difficult to find in other trees, and it looks great when lit from beneath the canopy.  Planting a Kousa Dogwood can extend the spring flowering season several weeks since it flowers just after Flowering Dogwood. &lt;/p&gt;&lt;p align="left"&gt;

Kousa Dogwood should be planted in place of  &lt;em&gt;Cornus florida &lt;/em&gt; where  &lt;em&gt;Discula &lt;/em&gt; anthracnose is a problem.  It is not rated as an urban tough tree and needs open soil space to look its best.  Some shade will improve performance in restricted soil spaces. &lt;/p&gt;&lt;p align="left"&gt;

Growth is best on moist, loamy, well-drained soil (not heavy clay) with mulch or leaf litter accumulated over the roots.  Kousa Dogwood is not particularly drought- or heat-tolerant, requiring irrigation during drought periods in summer.  Sensitive to reflected heat so poorly adapted to downtown landscapes.  Best in some shade in the southern part of its range. &lt;/p&gt;</descriptivetext>
  <pests>&lt;p align="center"&gt;&lt;b&gt;&lt;u&gt;Pests&lt;/u&gt;&lt;/b&gt;&lt;/p&gt;&lt;p align="left"&gt;

Several borers will attack dogwood.  Try to keep the trees healthy with regular fertilization.  Indications of borer problems are holes in the trunk, leaves smaller than normal, and dieback of the crown. &lt;/p&gt;&lt;p align="left"&gt;

Dogwood club gall midge causes galls at the branch tips.  The leaves on affected branch tips may be distorted and the branch may fail to form a flower bud.  Prune out the galls as soon as they are seen. &lt;/p&gt;&lt;p align="left"&gt;

Leaf miners cause brown blister-like mines on the undersides of leaves.  The adult leaf miner skeletonizes the leaves. &lt;/p&gt;&lt;p align="left"&gt;

Scales can build up to large numbers before being detected.  Horticultural oil will help control overwintering stages. &lt;/p&gt;&lt;p align="left"&gt;

Aphids on small trees may be partially by spraying them with a strong stream of water from the garden hose. &lt;/p&gt;</pests>
  <culturetolerances>
    <saltspraytolerance>moderate</saltspraytolerance>
    <soilphtolerance>acidic</soilphtolerance>
    <lightrequirements>full sun, partial sun or partial shade</lightrequirements>
    <soilsalttolerance>moderate</soilsalttolerance>
    <droughttolerance>moderate</droughttolerance>
    <soildrainagetolerance>well-drained</soildrainagetolerance>
    <soiltexturetolerance>sand, loam, clay</soiltexturetolerance>
  </culturetolerances>
  <trunkandbranches>
    <currentyeartwigcolor>brown, green</currentyeartwigcolor>
    <numberoftrunks>typically multi-trunked</numberoftrunks>
    <pruningrequirement>little required</pruningrequirement>
    <showiness>showy</showiness>
    <currentyeartwigthickness>medium</currentyeartwigthickness>
    <trunkandbranchbreakage>resistant</trunkandbranchbreakage>
    <woodspecificgravity>unknown</woodspecificgravity>
    <branchdrooping>branches droop</branchdrooping>
    <crownshaft>not applicable</crownshaft>
    <barkthickness>thick</barkthickness>
    <thorns>no</thorns>
  </trunkandbranches>
  <note>Photos are of Species</note>
  <name>
    <listingname>'Milky Way' Kousa Dogwood, 'Milky Way' Chinese Dogwood, 'Milky Way' Japanese Dogwood, Dogwood, 'Milky Way' Kousa, Dogwood, 'Milky Way' Chinese, Dogwood, 'Milky Way' Japanese</listingname>
    <family>Cornaceae</family>
    <pronunciation>KOR-nus  KOO-suh</pronunciation>
    <species>kousa</species>
    <genus>Cornus</genus>
    <cultivar>'Milky Way'</cultivar>
    <commonname>'Milky Way' Kousa Dogwood, 'Milky Way' Chinese Dogwood, 'Milky Way' Japanese Dogwood</commonname>
  </name>
  <usdahardinesszone>5B-8B</usdahardinesszone>
  <diseases>&lt;p align="center"&gt;&lt;b&gt;&lt;u&gt;Diseases&lt;/u&gt;&lt;/b&gt;&lt;/p&gt;&lt;p align="left"&gt;

Most of the diseases listed are seen most often on  &lt;em&gt;Cornus florida &lt;/em&gt;.  However other dogwoods are susceptible to the diseases listed. &lt;/p&gt;&lt;p align="left"&gt;

Early symptoms of dogwood canker are smaller and paler leaves.  Leaves on infected branches are red earlier in the fall.  At first the symptoms appear only on the infected side of the tree but become more general as the canker enlarges.  There is no chemical control for the disease.  Avoid trunk wounds during and after planting. &lt;/p&gt;&lt;p align="left"&gt;

Crown canker is associated with wet soils and can be controlled with appropriate fungicides. &lt;/p&gt;&lt;p align="left"&gt;

Flower and leaf blight caused by  &lt;em&gt;Botrytis cinerea &lt;/em&gt; attacks fading bracts, especially during wet weather.  Infected flower parts fall on the leaves spreading the infection. &lt;/p&gt;&lt;p align="left"&gt;

A large number of leaf spots attack dogwood.  Clean up and dispose of infected leaves. &lt;/p&gt;&lt;p align="left"&gt;

Powdery mildew covers the leaves with a fine white coating. &lt;/p&gt;&lt;p align="left"&gt;

Leaf scorch occurs during hot, dry, windy weather.  This condition looks like a disease.  Scorch symptoms are drying and browning of the leaf margins, or, in more serious cases, drying and browning of the interveinal area. &lt;/p&gt;</diseases>
  <nativeorigin>
    <nativetonorthamerica>no</nativetonorthamerica>
    <recommendedfordryclimates>no</recommendedfordryclimates>
    <nativefloridacounty>Not Native to Florida</nativefloridacounty>
  </nativeorigin>
  <use>specimen, screen, container or planter, deck or patio, recommended</use>
  <growthrate>slow</growthrate>
  <planttype>tree</planttype>
  <rangemap>Range Map RM5B8B</rangemap>
  <foliage>
    <shape>ovate</shape>
    <summercolor>green</summercolor>
    <spiny>no</spiny>
    <type>simple</type>
    <arrangement>opposite/subopposite</arrangement>
    <bladelength>2 to 4 inches</bladelength>
    <venation>bowed, pinnate</venation>
    <fallcharacteristics>showy</fallcharacteristics>
    <margin>entire</margin>
    <fallcolor>purple, red</fallcolor>
    <persistence>deciduous</persistence>
  </foliage>
  <flower>
    <season>flowers in spring</season>
    <color>white/cream/gray</color>
    <fragrance>no</fragrance>
    <showiness>very showy</showiness>
  </flower>
  <pestresistance>resistant to pests/diseases</pestresistance>
  <lifespan>25 to 50 years</lifespan>
  <fruit>
    <composition>fleshy</composition>
    <attractiontowildlife>attracts birds</attractiontowildlife>
    <edible>yes</edible>
    <shape>oval, round</shape>
    <showiness>showy</showiness>
    <length>.5 to 1 inch</length>
    <persistant>no</persistant>
    <litter>fruit/leaves not a litter problem</litter>
    <color>red</color>
  </fruit>
  <size>
    <height>15 to 25 feet</height>
    <maturespread>15 to 20 feet</maturespread>
    <maintainableheight>not suitable for clipping</maintainableheight>
    <matureheight>15 to 20 feet</matureheight>
    <spread>15 to 25 feet</spread>
  </size>
  <other>
    <verticilliumwilt>resistant</verticilliumwilt>
    <outstandingtree>yes</outstandingtree>
    <winterinterest>yes</winterinterest>
    <invasivepotential>not assessed or incomplete data</invasivepotential>
    <surfacerooting>not a problem</surfacerooting>
    <availability>somewhat available</availability>
    <ozonesensitivity>unknown</ozonesensitivity>
  </other>
  <crowncanopy>
    <texture>medium</texture>
    <density>dense</density>
    <shape>round</shape>
    <uniformity>symmetrical</uniformity>
  </crowncanopy>
  <photographs>
  </photographs>
</tree>