<?xml version="1.0" encoding="UTF-8" standalone="no"?><tree>
  <other>
    <verticilliumwilt>resistant</verticilliumwilt>
    <outstandingtree>yes</outstandingtree>
    <winterinterest>no</winterinterest>
    <invasivepotential>not assessed or incomplete data</invasivepotential>
    <surfacerooting>not a problem</surfacerooting>
    <availability>rarely available</availability>
    <ozonesensitivity>unknown</ozonesensitivity>
  </other>
  <fruit>
    <composition>fleshy</composition>
    <attractiontowildlife>little</attractiontowildlife>
    <edible>no</edible>
    <shape>round</shape>
    <showiness>showy</showiness>
    <length>.5 to 1 inch</length>
    <persistant>no</persistant>
    <litter>fruit/leaves a litter problem</litter>
    <color>green</color>
  </fruit>
  <foliage>
    <shape>star-shaped</shape>
    <summercolor>green</summercolor>
    <spiny>yes</spiny>
    <type>simple</type>
    <arrangement>spiral</arrangement>
    <bladelength>more than 36 inches</bladelength>
    <venation>palmate</venation>
    <fallcharacteristics>not showy</fallcharacteristics>
    <margin>entire</margin>
    <fallcolor>no color change</fallcolor>
    <persistence>broadleaf evergreen, evergreen</persistence>
  </foliage>
  <crowncanopy>
    <texture>coarse</texture>
    <density>open</density>
    <shape>palm, upright/erect</shape>
    <uniformity>symmetrical</uniformity>
  </crowncanopy>
  <trunkandbranches>
    <branchdrooping>branches don't droop</branchdrooping>
    <woodspecificgravity>unknown</woodspecificgravity>
    <crownshaft>no</crownshaft>
    <currentyeartwigcolor>not applicable</currentyeartwigcolor>
    <thorns>no</thorns>
    <pruningrequirement>little required</pruningrequirement>
    <trunkandbranchbreakage>resistant</trunkandbranchbreakage>
    <barkthickness>not applicable</barkthickness>
    <numberoftrunks>typically one trunk</numberoftrunks>
    <showiness>not showy</showiness>
  </trunkandbranches>
  <planttype>palm, tree</planttype>
  <use>specimen, recommended</use>
  <lifespan>more than 50 years</lifespan>
  <size>
    <height>50 to 75 feet</height>
    <maturespread>10 to 15 feet</maturespread>
    <maintainableheight>not suitable for clipping</maintainableheight>
    <matureheight>50 to 60 feet</matureheight>
    <spread>10 to 15 feet</spread>
  </size>
  <culturetolerances>
    <saltspraytolerance>low</saltspraytolerance>
    <soilphtolerance>alkaline, acidic</soilphtolerance>
    <lightrequirements>full sun</lightrequirements>
    <soilsalttolerance>unknown</soilsalttolerance>
    <droughttolerance>high</droughttolerance>
    <soildrainagetolerance>well-drained</soildrainagetolerance>
    <soiltexturetolerance>clay, sand, loam</soiltexturetolerance>
  </culturetolerances>
  <usdahardinesszone>10B-11</usdahardinesszone>
  <pestresistance>resistant to pests/diseases</pestresistance>
  <growthrate>moderate</growthrate>
  <photographs>
    <entireplant>5670735</entireplant>
    <trunk>13412153</trunk>
  </photographs>
  <flower>
    <season>unknown</season>
    <color>white/cream/gray</color>
    <fragrance>no</fragrance>
    <showiness>showy</showiness>
  </flower>
  <name>
    <listingname>Gebang Palm, Palm, Gebang</listingname>
    <family>Arecaceae</family>
    <pronunciation>koe-RYE-fuh  OO-tawn</pronunciation>
    <species>utan</species>
    <genus>Corypha</genus>
    <commonname>Gebang Palm</commonname>
  </name>
  <rangemap>Range Map RM10B11</rangemap>
  <nativeorigin>
    <nativetonorthamerica>no</nativetonorthamerica>
    <recommendedfordryclimates>no</recommendedfordryclimates>
    <nativefloridacounty>Not Native to Florida</nativefloridacounty>
  </nativeorigin>
</tree>