<?xml version="1.0" encoding="UTF-8" standalone="no"?><tree>
  <foliage>
    <shape>elliptic (oval), obovate</shape>
    <summercolor>blue or blue-green, green</summercolor>
    <spiny>no</spiny>
    <type>simple</type>
    <arrangement>alternate</arrangement>
    <bladelength>2 to 4 inches, 4 to 8 inches</bladelength>
    <venation>pinnate</venation>
    <fallcharacteristics>showy</fallcharacteristics>
    <margin>entire</margin>
    <fallcolor>yellow, red, orange, purple</fallcolor>
    <persistence>deciduous</persistence>
  </foliage>
  <rangemap>Range Map RM5A8B</rangemap>
  <pestresistance>resistant to pests/diseases</pestresistance>
  <lifespan>25 to 50 years</lifespan>
  <culturetolerances>
    <saltspraytolerance>low</saltspraytolerance>
    <soilphtolerance>alkaline, acidic</soilphtolerance>
    <lightrequirements>full sun, partial sun or partial shade</lightrequirements>
    <soilsalttolerance>poor</soilsalttolerance>
    <droughttolerance>high</droughttolerance>
    <soildrainagetolerance>well-drained</soildrainagetolerance>
    <soiltexturetolerance>clay, sand, loam</soiltexturetolerance>
  </culturetolerances>
  <flower>
    <season>flowers in spring</season>
    <color>pink, white/cream/gray</color>
    <fragrance>no</fragrance>
    <showiness>showy</showiness>
  </flower>
  <planttype>tree</planttype>
  <factsheet>ST208</factsheet>
  <use>deck or patio, specimen, street without sidewalk, container or planter, reclamation, trained as a standard, parking lot island &lt; 100 sq ft, parking lot island 100-200 sq ft, parking lot island &gt; 200 sq ft, sidewalk cutout (tree pit), tree lawn 3-4 feet wide, tree lawn 4-6 feet wide, tree lawn &gt; 6 ft wide, urban tolerant, highway median, recommended</use>
  <usdahardinesszone>5A-8B</usdahardinesszone>
  <nativeorigin>
    <nativestate>Oklahoma, Arkansas, Missouri, Alabama, Georgia, Tennessee</nativestate>
    <nativetonorthamerica>yes</nativetonorthamerica>
    <recommendedfordryclimates>yes</recommendedfordryclimates>
    <nativefloridacounty>Not Native to Florida</nativefloridacounty>
  </nativeorigin>
  <size>
    <height>15 to 25 feet</height>
    <maturespread>15 to 25 feet</maturespread>
    <maintainableheight>not suitable for clipping</maintainableheight>
    <matureheight>20 to 30 feet</matureheight>
    <spread>15 to 25 feet</spread>
  </size>
  <pestsanddiseases>&lt;p align="center"&gt;&lt;b&gt;&lt;u&gt;Pests and Diseases&lt;/u&gt;&lt;/b&gt;&lt;/p&gt;&lt;p align="left"&gt;

No pests or diseases are of major concern. &lt;/p&gt;</pestsanddiseases>
  <trunkandbranches>
    <currentyeartwigcolor>gray, brown</currentyeartwigcolor>
    <numberoftrunks>typically multi-trunked, can be trained to one trunk</numberoftrunks>
    <pruningrequirement>needed for strong structure</pruningrequirement>
    <showiness>showy</showiness>
    <currentyeartwigthickness>medium</currentyeartwigthickness>
    <trunkandbranchbreakage>resistant</trunkandbranchbreakage>
    <woodspecificgravity>unknown</woodspecificgravity>
    <branchdrooping>branches droop</branchdrooping>
    <crownshaft>not applicable</crownshaft>
    <barkthickness>thin bark</barkthickness>
    <thorns>no</thorns>
  </trunkandbranches>
  <fruit>
    <composition>dry or hard</composition>
    <attractiontowildlife>little</attractiontowildlife>
    <edible>no</edible>
    <shape>oval</shape>
    <showiness>showy</showiness>
    <length>less than .5 inch</length>
    <persistant>no</persistant>
    <litter>fruit/leaves not a litter problem</litter>
    <color>pink</color>
  </fruit>
  <name>
    <listingname>American Smoketree, Chittamwood, Smoketree, American</listingname>
    <family>Anacardiaceae</family>
    <pronunciation>koe-TYE-nus  ob-oh-VAY-tus</pronunciation>
    <species>obovatus</species>
    <genus>Cotinus</genus>
    <commonname>American Smoketree, Chittamwood</commonname>
  </name>
  <photographs>
    <entireplant>4295949</entireplant>
    <fall>9541439</fall>
    <other>5907565</other>
    <foliage>15143565</foliage>
    <trunk>12050973</trunk>
  </photographs>
  <crowncanopy>
    <texture>medium</texture>
    <density>moderate</density>
    <shape>round</shape>
    <uniformity>symmetrical</uniformity>
  </crowncanopy>
  <other>
    <verticilliumwilt>susceptible</verticilliumwilt>
    <outstandingtree>yes</outstandingtree>
    <winterinterest>no</winterinterest>
    <invasivepotential>not a problem species</invasivepotential>
    <surfacerooting>not a problem</surfacerooting>
    <availability>somewhat available</availability>
    <ozonesensitivity>unknown</ozonesensitivity>
  </other>
  <descriptivetext>&lt;p align="center"&gt;&lt;b&gt;&lt;em&gt;Cotinus obovatus &lt;/em&gt;American Smoketree, Chittamwood &lt;/b&gt;&lt;/p&gt;&lt;p align="left"&gt;

American Smoketree is most often seen as a large shrub 15 to 20 feet tall when grown in cultivation but can slowly become a 20 to 30-foot-tall, rounded tree with time, or in the wild.  The bark on older specimens flakes off at the base of the trunk showing a dark grey to black exfoliating character.  Multiple trunks eventually become twisted and gnarled.  The 7 to 12-inch, fairly sparse, fuzzy panicles of springtime flowers give the plant an unusual, somewhat smoky effect but American Smoketree is most outstanding for its beautiful foliage.  The five to six-inch-long leaves are pinkish-bronze when young, mature to a lush, dark blue/green then, in autumn, change into gorgeous shades of yellow, red, orange, or purple.  Very striking in the fall, one of the best for fall color since it lasts three to four weeks.  Enough cannot be said about the fall color - it must be seen to be believed.  Not seen often enough in cultivation, American Smoketree may be in danger of extinction in the wild due to the large trees having been harvested for the yellow and orange dye found in their wood. &lt;/p&gt;&lt;p align="left"&gt;

Smoketree is best used in a shrub border, or trained as a multiple-trunked patio or accent tree.  It can be pruned to provide clearance beneath to allow for pedestrians to pass or for use as a street tree.  The tree should be used more often in American landscapes. &lt;/p&gt;&lt;p align="left"&gt;

A North American native, American Smoketree is tolerant of a wide range of adverse urban conditions - wet soil, wind, drought, and compacted soil.  Plants grow well and are native to high pH, alkaline soil and should be located in full sun or partial shade.  Best flowering, form, and overall attractiveness is achieved in full sun.  May need occasional irrigation on sandy soil.  It is reportedly difficult to transplant but this is easily overcome by growing in containers. &lt;/p&gt;&lt;p align="left"&gt;

The cultivar `Red Leaf' is popular for its especially brilliant fall color.  Other cultivars selected for consistent and superior fall color are likely to be made available in the near future. &lt;/p&gt;&lt;p align="left"&gt;

Propagation is by seed (with difficulty), cuttings, or layering. &lt;/p&gt;</descriptivetext>
  <growthrate>slow</growthrate>
</tree>