<?xml version="1.0" encoding="UTF-8" standalone="no"?><tree>
  <factsheet>ST202</factsheet>
  <descriptivetext>&lt;p align="center"&gt;&lt;b&gt;&lt;em&gt;Cotinus coggygria &lt;/em&gt; `Daydream' `Daydream' Smoketree, `Daydream' Wig-Tree, `Daydream' Smokebush &lt;/b&gt;&lt;/p&gt;&lt;p align="left"&gt;

This slow growing, moderately dense-crowned small tree eventually reaches to 10 to 15 feet tall (occasionally 20) and 10 to 15 feet wide.  On this cultivar, the large panicles of wispy maroon-colored flowers produced in spring and early summer give the effect of a cloud of grayish-red smoke.  They make a wonderful, dense accent in a shrub border and can be planted as a specimen or as a patio tree where the black, showy, multiple trunk can be displayed.  Planting Smoketree is a good way to extend the spring flowering-tree season into the summer before the Crape-Myrtles come into full bloom.  Fall color is usually good to excellent and ranges from yellow to orange and brilliant red-purple.  Many people grow it simply to enjoy the vivid fall color. &lt;/p&gt;&lt;p align="left"&gt;

The tree is tough and adapts to restricted soil spaces.  It could be used along a street under power lines and would not require pruning for many years.  It is a small tree, well-adapted to urban areas with almost year-round interest which should be used more in our landscapes. &lt;/p&gt;&lt;p align="left"&gt;

Smoketree grows best in a sunny location and a well-drained loam.  It will grow asymmetrically and lean toward the light in a partially sunny area, so it is best to locate it in full day sun where the crown will develop symmetrically.  Though sometimes short-lived in rich soil, Smoketree is useful in dry, rocky soil where there is no irrigation.  It also grows in a wide range of soil pH, including alkaline.  Probably short-lived (20 years - maybe more) in most situations but who cares - the tree is great while it's around! &lt;/p&gt;&lt;p align="left"&gt;

Propagation of cultivars is by cuttings. &lt;/p&gt;&lt;p align="left"&gt;

Cultivars include: `Flame' - brilliant orange-red fall color, pink inflorescences; `Nordine' - resembles `Royal Purple'; `Notcutt's Variety' - dark maroon-purple leaves (also known as `Foliis Purpureis Notcutt's Variety' and `Rubrifolius'); `Purpureus' - leaves bronze-green, inflorescences purplish-pink; `Royal Purple' - leaves are darker purple than `Notcutt's Variety', rich red-purple fall color, purplish-red inflorescences; `Pendulus' - pendulous branches; and `Velvet Cloak' - dark purple-leaf form, spectacular fall color of reddish-purple. &lt;/p&gt;</descriptivetext>
  <pests>&lt;p align="center"&gt;&lt;b&gt;&lt;u&gt;Pests&lt;/u&gt;&lt;/b&gt;&lt;/p&gt;&lt;p align="left"&gt;

Oblique-banded leaf roller mines and rolls the leaves, usually in June.  The insect rarely occurs in sufficient numbers to warrant control.  When it does occur they can be picked off by hand or sprayed with  &lt;em&gt;Bacillus thuringiensis &lt;/em&gt;. &lt;/p&gt;</pests>
  <culturetolerances>
    <saltspraytolerance>moderate</saltspraytolerance>
    <soilphtolerance>acidic, alkaline</soilphtolerance>
    <lightrequirements>full sun</lightrequirements>
    <soilsalttolerance>moderate</soilsalttolerance>
    <droughttolerance>high</droughttolerance>
    <soildrainagetolerance>well-drained</soildrainagetolerance>
    <soiltexturetolerance>clay, sand, loam</soiltexturetolerance>
  </culturetolerances>
  <trunkandbranches>
    <currentyeartwigcolor>brown</currentyeartwigcolor>
    <numberoftrunks>typically multi-trunked</numberoftrunks>
    <pruningrequirement>little required</pruningrequirement>
    <showiness>showy</showiness>
    <currentyeartwigthickness>medium, thick</currentyeartwigthickness>
    <trunkandbranchbreakage>resistant</trunkandbranchbreakage>
    <woodspecificgravity>unknown</woodspecificgravity>
    <branchdrooping>branches droop</branchdrooping>
    <crownshaft>not applicable</crownshaft>
    <barkthickness>thin bark</barkthickness>
    <thorns>no</thorns>
  </trunkandbranches>
  <note>Photos are of Species</note>
  <name>
    <listingname>`Daydream' Smoketree, `Daydream' Wig-Tree, `Daydream' Smokebush, Smoketree, `Daydream', Wig-Tree, `Daydream', Smokebush, `Daydream'</listingname>
    <family>Anacardiaceae</family>
    <pronunciation>koe-TYE-nus  koe-GUY-gree-uh</pronunciation>
    <species>coggygria</species>
    <genus>Cotinus</genus>
    <cultivar>'Daydream'</cultivar>
    <commonname>'Daydream' Smoketree, `Daydream' Wig-Tree, `Daydream' Smokebush</commonname>
  </name>
  <usdahardinesszone>5B-8B</usdahardinesszone>
  <diseases>&lt;p align="center"&gt;&lt;b&gt;&lt;u&gt;Diseases&lt;/u&gt;&lt;/b&gt;&lt;/p&gt;&lt;p align="left"&gt;

Leaf spots can be caused by various genera of fungi but are usually not serious. &lt;/p&gt;&lt;p align="left"&gt;

Scab may cause leaf drop.  No controls are listed. &lt;/p&gt;&lt;p align="left"&gt;

The most serious disease is Verticillium wilt.  Smoketree is very susceptible, and entire branches wilt and die.  Prune out infected branches, fertilize, and water the plant during dry weather. &lt;/p&gt;&lt;p align="left"&gt;

A stem canker can be a problem in the eastern U.S. &lt;/p&gt;</diseases>
  <nativeorigin>
    <nativetonorthamerica>no</nativetonorthamerica>
    <recommendedfordryclimates>yes</recommendedfordryclimates>
    <nativefloridacounty>Not Native to Florida</nativefloridacounty>
  </nativeorigin>
  <use>specimen, deck or patio, street without sidewalk, container or planter, reclamation, trained as a standard, screen, parking lot island &lt; 100 sq ft, parking lot island 100-200 sq ft, parking lot island &gt; 200 sq ft, tree lawn 3-4 feet wide, tree lawn 4-6 feet wide, tree lawn &gt; 6 ft wide, highway median, recommended</use>
  <growthrate>slow</growthrate>
  <planttype>tree</planttype>
  <rangemap>Range Map RM5B8B</rangemap>
  <foliage>
    <shape>obovate, elliptic (oval)</shape>
    <summercolor>blue or blue-green, green</summercolor>
    <spiny>no</spiny>
    <type>simple</type>
    <arrangement>alternate</arrangement>
    <bladelength>2 to 4 inches</bladelength>
    <venation>reticulate, pinnate</venation>
    <fallcharacteristics>showy</fallcharacteristics>
    <margin>entire</margin>
    <fallcolor>yellow, orange, red, purple</fallcolor>
    <persistence>deciduous</persistence>
  </foliage>
  <flower>
    <season>flowers in spring, flowers in summer</season>
    <color>pink, white/cream/gray</color>
    <fragrance>no</fragrance>
    <showiness>very showy</showiness>
  </flower>
  <pestresistance>resistant to pests/diseases</pestresistance>
  <lifespan>25 to 50 years</lifespan>
  <fruit>
    <composition>dry or hard</composition>
    <attractiontowildlife>little</attractiontowildlife>
    <edible>no</edible>
    <shape>oval, irregular</shape>
    <showiness>showy</showiness>
    <length>less than .5 inch</length>
    <persistant>no</persistant>
    <litter>fruit/leaves not a litter problem</litter>
    <color>brown</color>
  </fruit>
  <size>
    <height>10 to 15 feet</height>
    <maturespread>10 to 18 feet</maturespread>
    <maintainableheight>not suitable for clipping</maintainableheight>
    <matureheight>10 to 15 feet</matureheight>
    <spread>15 to 25 feet</spread>
  </size>
  <other>
    <verticilliumwilt>susceptible</verticilliumwilt>
    <outstandingtree>yes</outstandingtree>
    <winterinterest>no</winterinterest>
    <invasivepotential>not assessed or incomplete data</invasivepotential>
    <surfacerooting>not a problem</surfacerooting>
    <availability>rarely available</availability>
    <ozonesensitivity>unknown</ozonesensitivity>
  </other>
  <crowncanopy>
    <texture>medium</texture>
    <density>dense</density>
    <shape>round</shape>
    <uniformity>symmetrical</uniformity>
  </crowncanopy>
  <photographs>
  </photographs>
</tree>