<?xml version="1.0" encoding="UTF-8" standalone="no"?><tree>
  <diseases>&lt;p align="center"&gt;&lt;b&gt;&lt;u&gt;Diseases&lt;/u&gt;&lt;/b&gt;&lt;/p&gt;&lt;p align="left"&gt;

Fire blight: This disease can be severe in some parts of the country.  The first noticeable symptom of fire blight is the browning of branch tips.  The tips appear to be burned or scorched and the dead, brown leaves droop but hang on the tree.  Cankers form and the bacteria is washed farther down the branch by rain.  The bacteria are spread from diseased to healthy twigs by rain, bees, and other mechanical means.  There is no satisfactory chemical control.  The disease is less of a problem if trees are not located near apple or pear orchards.  Prune out blighted branch tips by cutting a foot or two beyond the diseased wood.  Over-fertilizing with nitrogen fertilizer may increase tree susceptibility to fire blight. &lt;/p&gt;&lt;p align="left"&gt;

Leaf blight attacks most Hawthorns but especially English Hawthorn.  The symptoms are small reddish brown spots on the leaves which may run together.  Infected leaves drop in August and severely infected trees may be completely bare. &lt;/p&gt;&lt;p align="left"&gt;

Cedar Hawthorn rust causes orange or rust colored spots on the leaves leading to early defoliation.  The fruits and twigs are also attacked.  Juniper is an alternate host.  Cedar-quince rust attacks fruits.  Washington, Lavelle and Cockspur Hawthorn are resistant to rust diseases. &lt;/p&gt;&lt;p align="left"&gt;

Scab causes leaf spotting and defoliation.  The fruit have black raised spots on them. &lt;/p&gt;&lt;p align="left"&gt;

Powdery mildew causes a white powdery growth on the leaves. &lt;/p&gt;</diseases>
  <planttype>tree</planttype>
  <size>
    <height>15 to 25 feet</height>
    <maturespread>10 to 15 feet</maturespread>
    <maintainableheight>not suitable for clipping</maintainableheight>
    <matureheight>20 to 25 feet</matureheight>
    <spread>10 to 15 feet</spread>
  </size>
  <use>urban tolerant, bonsai, highway median, street without sidewalk, specimen, screen, recommended</use>
  <flower>
    <season>flowers in spring</season>
    <color>white/cream/gray</color>
    <fragrance>no</fragrance>
    <showiness>showy</showiness>
  </flower>
  <other>
    <verticilliumwilt>resistant</verticilliumwilt>
    <outstandingtree>no</outstandingtree>
    <winterinterest>yes</winterinterest>
    <invasivepotential>not a problem species</invasivepotential>
    <surfacerooting>not a problem</surfacerooting>
    <availability>rarely available</availability>
    <ozonesensitivity>unknown</ozonesensitivity>
  </other>
  <fruit>
    <composition>fleshy</composition>
    <attractiontowildlife>attracts birds</attractiontowildlife>
    <edible>no</edible>
    <shape>round</shape>
    <showiness>showy</showiness>
    <length>less than .5 inch</length>
    <persistant>yes</persistant>
    <litter>fruit/leaves not a litter problem</litter>
    <color>orange, red</color>
  </fruit>
  <factsheet>ST213</factsheet>
  <growthrate>moderate</growthrate>
  <crowncanopy>
    <texture>medium</texture>
    <density>moderate</density>
    <shape>upright/erect, columnar</shape>
    <uniformity>symmetrical</uniformity>
  </crowncanopy>
  <photographs>
  </photographs>
  <name>
    <listingname>'Fastigiata' Washington Hawthorn, Hawthorn, 'Fastigiata' Washington</listingname>
    <family>Rosaceae</family>
    <pronunciation>kruh-TEE-gus  fee-no-PYE-rum</pronunciation>
    <species>phaenopyrum</species>
    <genus>Crataegus</genus>
    <cultivar>'Fastigiata'</cultivar>
    <commonname>'Fastigiata' Washington Hawthorn</commonname>
  </name>
  <trunkandbranches>
    <currentyeartwigcolor>brown</currentyeartwigcolor>
    <numberoftrunks>typically one trunk</numberoftrunks>
    <pruningrequirement>needed for strong structure</pruningrequirement>
    <showiness>not showy</showiness>
    <currentyeartwigthickness>thin</currentyeartwigthickness>
    <trunkandbranchbreakage>susceptible to breakage</trunkandbranchbreakage>
    <woodspecificgravity>unknown</woodspecificgravity>
    <branchdrooping>branches don't droop</branchdrooping>
    <crownshaft>not applicable</crownshaft>
    <barkthickness>thick</barkthickness>
    <thorns>yes</thorns>
  </trunkandbranches>
  <rangemap>Range Map RM4A8A</rangemap>
  <descriptivetext>&lt;p align="center"&gt;&lt;b&gt;&lt;em&gt;Crataegus phaenopyrum &lt;/em&gt; `Fastigiata' `Fastigiata' Washington Hawthorn &lt;/b&gt;&lt;/p&gt;&lt;p align="left"&gt;

This cultivar of Washington Hawthorn probably grows 20 to 25 feet tall in a narrow pyramidal or columnar shape.  The tree has a rapid growth rate when young, slowing with age.  It is tolerant of many different soil types.  The small, white, abundant flowers, produced in clusters in late spring are followed by showy orange to red fruit that persist into winter, if not eaten by birds.  The fall leaf color is orange to red and can be quite striking. &lt;/p&gt;&lt;p align="left"&gt;

This Hawthorn is quite useful as a street or median strip tree where there will not be heavy pedestrian traffic.  The thorns are one to three inches long and contact with them can be painful.  Left unpruned it creates a nice specimen in a lawn with lower branches persisting all the way to the ground.  This characteristic also makes it quite suitable as a screen if planted on eight-foot centers.  The bright fruit makes a show in the fall and winter which many people will comment on.  Like other Hawthorns, the major problem with the tree is sensitivity to a large variety of insects and diseases. &lt;/p&gt;</descriptivetext>
  <pestresistance>sensitive to pests/diseases</pestresistance>
  <foliage>
    <shape>ovate</shape>
    <summercolor>green</summercolor>
    <spiny>no</spiny>
    <type>simple</type>
    <arrangement>alternate</arrangement>
    <bladelength>less than 2 inches, 2 to 4 inches</bladelength>
    <venation>pinnate</venation>
    <fallcharacteristics>not showy</fallcharacteristics>
    <margin>serrate, lobed</margin>
    <fallcolor>copper</fallcolor>
    <persistence>deciduous</persistence>
  </foliage>
  <pests>&lt;p align="center"&gt;&lt;b&gt;&lt;u&gt;Pests&lt;/u&gt;&lt;/b&gt;&lt;/p&gt;&lt;p align="left"&gt;

Aphids can be controlled with strong sprays of water from a garden hose, if the colony is in the lower branches.  Sometimes the aphids themselves are not seen but the distorted growth, honeydew on the leaves, and sooty mold growing on the honeydew are obvious. &lt;/p&gt;&lt;p align="left"&gt;

Borer attacks may be prevented if the trees are kept in good vigor with regular fertilization. &lt;/p&gt;&lt;p align="left"&gt;

Leaf miners symptoms are brown blotches on the leaves. &lt;/p&gt;&lt;p align="left"&gt;

Lace bugs can be a serious, though occasional, problem.  The insect feeding on the undersides of the leaves causes chlorotic flecks on the upper leaf surfaces.  The lower sides of the leaves are covered with small, brown, sticky flecks. &lt;/p&gt;&lt;p align="left"&gt;

The pear slug skeletonizes Hawthorn leaves and these sawfly larvae have a slimy appearance.  A few insects can be washed off with a garden hose. &lt;/p&gt;&lt;p align="left"&gt;

Tent caterpillar nests can be pruned out while still small.  Sprays of  &lt;em&gt;Bacillus thuringiensis &lt;/em&gt; may be used.  Do not burn nests while the nests are in the tree.  The injury from the fire may exceed that caused by the insects. &lt;/p&gt;&lt;p align="left"&gt;

Scales may be controlled with horticultural oil sprays. &lt;/p&gt;&lt;p align="left"&gt;

Spider mites are so small they can cause much foliage discoloration before being detected. &lt;/p&gt;</pests>
  <usdahardinesszone>4A-8A</usdahardinesszone>
  <culturetolerances>
    <saltspraytolerance>low</saltspraytolerance>
    <soilphtolerance>acidic, alkaline</soilphtolerance>
    <lightrequirements>full sun</lightrequirements>
    <soilsalttolerance>poor</soilsalttolerance>
    <droughttolerance>high</droughttolerance>
    <soildrainagetolerance>well-drained</soildrainagetolerance>
    <soiltexturetolerance>sand, loam, clay</soiltexturetolerance>
  </culturetolerances>
  <nativeorigin>
    <nativetonorthamerica>yes</nativetonorthamerica>
    <recommendedfordryclimates>yes</recommendedfordryclimates>
    <nativefloridacounty>Not Native to Florida</nativefloridacounty>
  </nativeorigin>
  <lifespan>25 to 50 years</lifespan>
</tree>