<?xml version="1.0" encoding="UTF-8" standalone="no"?><tree>
  <foliage>
    <shape>ovate</shape>
    <summercolor>green</summercolor>
    <spiny>no</spiny>
    <type>simple</type>
    <arrangement>alternate</arrangement>
    <bladelength>2 to 4 inches</bladelength>
    <venation>pinnate</venation>
    <fallcharacteristics>not showy</fallcharacteristics>
    <margin>double serrate</margin>
    <fallcolor>no color change</fallcolor>
    <persistence>deciduous</persistence>
  </foliage>
  <pestresistance>sensitive to pests/diseases</pestresistance>
  <lifespan>unknown</lifespan>
  <culturetolerances>
    <saltspraytolerance>none</saltspraytolerance>
    <soilphtolerance>acidic</soilphtolerance>
    <lightrequirements>full sun</lightrequirements>
    <soilsalttolerance>unknown</soilsalttolerance>
    <droughttolerance>high</droughttolerance>
    <soildrainagetolerance>well-drained</soildrainagetolerance>
    <soiltexturetolerance>sand</soiltexturetolerance>
  </culturetolerances>
  <flower>
    <season>flowers in spring</season>
    <color>lavender, pink, white/cream/gray</color>
    <fragrance>no</fragrance>
    <showiness>showy</showiness>
  </flower>
  <diseases/>
  <planttype>tree</planttype>
  <use>espalier, street without sidewalk, specimen</use>
  <usdahardinesszone>3A-6B</usdahardinesszone>
  <nativeorigin>
    <nativestate>Alaska, Arkansas, Iowa, Kansas, Kentucky, Michigan, Minnesota, Missouri, Massachusetts, Nebraska, New Jersey, New York, Ohio, Pennsylvania, South Dakota, Tennessee, Vermont, Wisconsin, West Virginia</nativestate>
    <nativetonorthamerica>yes</nativetonorthamerica>
    <recommendedfordryclimates>no</recommendedfordryclimates>
    <nativefloridacounty>Not Native to Florida</nativefloridacounty>
  </nativeorigin>
  <size>
    <height>15 to 25 feet</height>
    <maturespread>15 to 25 feet</maturespread>
    <maintainableheight>not suitable for clipping</maintainableheight>
    <matureheight>15 to 25 feet</matureheight>
    <spread>15 to 25 feet</spread>
  </size>
  <factsheet/>
  <trunkandbranches>
    <currentyeartwigcolor>unknown</currentyeartwigcolor>
    <numberoftrunks>typically multi-trunked, typically one trunk</numberoftrunks>
    <pruningrequirement>little required</pruningrequirement>
    <showiness>not showy</showiness>
    <currentyeartwigthickness>medium</currentyeartwigthickness>
    <trunkandbranchbreakage>resistant</trunkandbranchbreakage>
    <woodspecificgravity>unknown</woodspecificgravity>
    <branchdrooping>branches droop</branchdrooping>
    <crownshaft>not applicable</crownshaft>
    <barkthickness>thick</barkthickness>
    <thorns>yes</thorns>
  </trunkandbranches>
  <pests/>
  <fruit>
    <composition>fleshy</composition>
    <attractiontowildlife>little</attractiontowildlife>
    <edible>no</edible>
    <shape>round</shape>
    <showiness>showy</showiness>
    <length>unknown</length>
    <persistant>yes</persistant>
    <litter>fruit/leaves a litter problem</litter>
    <color>red</color>
  </fruit>
  <name>
    <listingname>Downy Hawthorn</listingname>
    <family>Rosaceae</family>
    <pronunciation>cruh-TAY-gus MOH-lus</pronunciation>
    <species>mollis</species>
    <genus>Crataegus</genus>
    <cultivar/>
    <commonname>Downy Hawthorn</commonname>
  </name>
  <photographs>
    <spring>4329729</spring>
    <entireplant>14300386</entireplant>
    <flower>9283265</flower>
    <fruit>1117435</fruit>
    <trunk>2360829</trunk>
  </photographs>
  <crowncanopy>
    <texture>fine</texture>
    <density>moderate</density>
    <shape>pyramidal, oval</shape>
    <uniformity>irregular</uniformity>
  </crowncanopy>
  <other>
    <verticilliumwilt>resistant</verticilliumwilt>
    <outstandingtree>no</outstandingtree>
    <winterinterest>no</winterinterest>
    <invasivepotential>not a problem species</invasivepotential>
    <surfacerooting>unknown</surfacerooting>
    <availability>somewhat available</availability>
    <ozonesensitivity>unknown</ozonesensitivity>
  </other>
  <descriptivetext>&lt;p align="left"&gt;

When lower branches are removed, this tough tree can be used as a street or parking lot tree where overhead space is limited by power lines or other features.  Be sure to purchase trees that do not require a stake to hold them erect.  Branches bear sharp thorns which can inflict pain as they meet flesh and fruit drop to make a mess.  Grows well in tree pits and other confined soil spaces.  Trees tolerate about any soil except one kept constantly wet.  Plant in the open with good air circulation to help reduce leaf diseases. This plant is considered mostly allergy-free and causes little or no allergy problems in most people.  Hawthorns are considered to be somewhat resistant to deer browsing, but there are reports of browsing by some growers.&lt;/p&gt;</descriptivetext>
  <growthrate>moderate</growthrate>
</tree>