<?xml version="1.0" encoding="UTF-8" standalone="no"?><tree>
  <factsheet>ST211</factsheet>
  <descriptivetext>&lt;p align="center"&gt;&lt;b&gt;&lt;em&gt;Crataegus laevigata &lt;/em&gt; `Crimson Cloud' `Crimson Cloud' English Hawthorn  &lt;/b&gt;&lt;/p&gt;&lt;p align="left"&gt;

Crimson Cloud (also known as `Superba') English Hawthorn grows rapidly in a pyramidal form to about 20 feet, then the crown expands to become oval or irregular.  The tree tolerates most soils, growing well in clay, but prefers heavy, dry loam.  The main ornamental feature is white and red flowers borne in spring which together give the tree a deep pink color.  Fruits are red and quite showy but do not cover the tree.  Though quite ornamental, Hawthorns are susceptible to insect and disease problems.  Branching habit is decidedly drooping and care should be given when locating this tree near pedestrian or vehicular traffic. &lt;/p&gt;&lt;p align="left"&gt;

The tree casts heavy shade, and turf can not be grown underneath, if lower branches are left on the trunk.  Persistent lower branches add to the ornamental characteristic of the tree and it makes a nice specimen in a lawn for all seasons when left unpruned.  When lower branches are removed in the nursery, this tough tree can be used as a street or parking lot tree where overhead space is limited by powerlines or other features.  Be sure to order single-trunked trees clear of lower branches when planting along a street to provide for adequate clearance.  Branches on the species bear sharp thorns which can inflict pain as they meet flesh, but this cultivar is almost thornless.  Grows well in tree pits and other confined soil spaces.  Plant in the open with good air circulation to help reduce disease, since leaf diseases can be common. &lt;/p&gt;&lt;p align="left"&gt;

A number of other cultivars are offered in garden centers: `Flore-Plena - double, white flowers; `Gireoudii' - foliage variegated, white flowers, large red fruit; `Masekii' - pale rose, double flowers; `Paulii' (`Paul's Scarlet') - deep pink, double flowers; `Pendula' - weeping growth habit; `Punica' - single, pink flowers; `Rosea' - pink flowers; `Stricta' - upright growth habit. &lt;/p&gt;</descriptivetext>
  <pests>&lt;p align="center"&gt;&lt;b&gt;&lt;u&gt;Pests&lt;/u&gt;&lt;/b&gt;&lt;/p&gt;&lt;p align="left"&gt;

Aphids on small trees can be partially controlled with strong sprays of water from a garden hose, if the colony is in the lower branches.  Sometimes the aphids themselves are not seen but the distorted growth, honeydew on the leaves, and sooty mold growing on the honeydew are obvious. &lt;/p&gt;&lt;p align="left"&gt;

Borer attacks may be prevented if the trees are kept in good vigor with regular fertilization. &lt;/p&gt;&lt;p align="left"&gt;

Leaf miners symptoms are brown blotches on the leaves. &lt;/p&gt;&lt;p align="left"&gt;

Lace bugs can be a serious, though occasional, problem.  The insect feeding on the undersides of the leaves causes chlorotic flecks on the upper leaf surfaces.  The lower sides of the leaves are covered with small, brown, sticky flecks. &lt;/p&gt;&lt;p align="left"&gt;

The pear slug skeletonizes Hawthorn leaves and these sawfly larvae have a slimy appearance.  A few insects can be washed off with a garden hose. &lt;/p&gt;&lt;p align="left"&gt;

Tent caterpillar nests can be pruned out while still small.  Sprays of  &lt;em&gt;Bacillus thuringiensis &lt;/em&gt; may be used.  Do not burn nests while the nests are in the tree.  The injury from the fire may exceed that caused by the insects. &lt;/p&gt;&lt;p align="left"&gt;

Scales may be controlled with horticultural oil sprays. &lt;/p&gt;&lt;p align="left"&gt;

Spider mites are so small they can cause much foliage discoloration before being detected. &lt;/p&gt;</pests>
  <culturetolerances>
    <saltspraytolerance>low</saltspraytolerance>
    <soilphtolerance>acidic, alkaline</soilphtolerance>
    <lightrequirements>full sun</lightrequirements>
    <soilsalttolerance>poor</soilsalttolerance>
    <droughttolerance>high</droughttolerance>
    <soildrainagetolerance>well-drained, occasionally wet</soildrainagetolerance>
    <soiltexturetolerance>sand, loam, clay</soiltexturetolerance>
  </culturetolerances>
  <trunkandbranches>
    <currentyeartwigcolor>brown</currentyeartwigcolor>
    <numberoftrunks>typically multi-trunked, can be trained to one trunk</numberoftrunks>
    <pruningrequirement>needed for strong structure</pruningrequirement>
    <showiness>not showy</showiness>
    <currentyeartwigthickness>medium</currentyeartwigthickness>
    <trunkandbranchbreakage>resistant</trunkandbranchbreakage>
    <woodspecificgravity>unknown</woodspecificgravity>
    <branchdrooping>branches droop</branchdrooping>
    <crownshaft>not applicable</crownshaft>
    <barkthickness>thick</barkthickness>
    <thorns>yes</thorns>
  </trunkandbranches>
  <note>Photos are of Species</note>
  <name>
    <listingname>'Crimson Cloud' English Hawthorn, Hawthorn, 'Crimson Cloud' English</listingname>
    <family>Rosaceae</family>
    <pronunciation>kruh-TEE-gus  lee-vih-GAY-tuh</pronunciation>
    <species>laevigata</species>
    <genus>Crataegus</genus>
    <cultivar>'Crimson Cloud'</cultivar>
    <commonname>'Crimson Cloud' English Hawthorn</commonname>
  </name>
  <usdahardinesszone>4B-8B</usdahardinesszone>
  <diseases>&lt;p align="center"&gt;&lt;b&gt;&lt;u&gt;Diseases&lt;/u&gt;&lt;/b&gt;&lt;/p&gt;&lt;p align="left"&gt;

Fire blight: This disease can be severe in some parts of the country.  The first noticeable symptom of fire blight is the browning of branch tips.  The tips appear to be burned or scorched and the dead, brown leaves droop but hang on the tree.  Cankers form and the bacteria is washed farther down the branch by rain.  The bacteria,  &lt;em&gt;Erwinia amylovora &lt;/em&gt;, are spread from diseased to healthy twigs by rain, bees, and other mechanical means.  There is no satisfactory chemical control.  The disease is less of a problem if trees are not located near apple or pear orchards.  Prune out blighted branch tips by cutting a foot or two beyond the diseased wood.  Over-fertilizing with nitrogen fertilizer may increase tree susceptibility to fire blight. &lt;/p&gt;&lt;p align="left"&gt;

Leaf blight attacks most Hawthorns but especially English Hawthorn.  `Crimson Cloud' is reported to be resistant.  The symptoms are small reddish brown spots on the leaves which may run together.  Infected leaves drop in August and severely infected trees may be completely bare. &lt;/p&gt;&lt;p align="left"&gt;

Cedar Hawthorn rust causes orange or rust colored spots on the leaves leading to early defoliation.  The fruits and twigs are also attacked.  Juniper is an alternate host.  Cedar-quince rust attacks fruits.  Washington, Lavelle and Cockspur Hawthorn are resistant to rust diseases. &lt;/p&gt;&lt;p align="left"&gt;

Scab causes leaf spotting and defoliation.  The fruit have black raised spots on them. &lt;/p&gt;&lt;p align="left"&gt;

Powdery mildew causes a white powdery growth on the leaves. &lt;/p&gt;</diseases>
  <nativeorigin>
    <nativetonorthamerica>no</nativetonorthamerica>
    <recommendedfordryclimates>no</recommendedfordryclimates>
    <nativefloridacounty>Not Native to Florida</nativefloridacounty>
  </nativeorigin>
  <use>urban tolerant, bonsai, street without sidewalk, reclamation, screen, espalier, sidewalk cutout (tree pit), tree lawn 3-4 feet wide, tree lawn 4-6 feet wide, tree lawn &gt; 6 ft wide, highway median, specimen, recommended</use>
  <growthrate>moderate</growthrate>
  <planttype>tree</planttype>
  <rangemap>Range Map RM4B8B</rangemap>
  <foliage>
    <shape>ovate, obovate</shape>
    <summercolor>green</summercolor>
    <spiny>no</spiny>
    <type>simple</type>
    <arrangement>alternate</arrangement>
    <bladelength>less than 2 inches</bladelength>
    <venation>pinnate</venation>
    <fallcharacteristics>not showy</fallcharacteristics>
    <margin>lobed, serrate</margin>
    <fallcolor>no color change</fallcolor>
    <persistence>deciduous</persistence>
  </foliage>
  <flower>
    <season>flowers in spring</season>
    <color>red, lavender</color>
    <fragrance>no</fragrance>
    <showiness>showy</showiness>
  </flower>
  <pestresistance>resistant to pests/diseases</pestresistance>
  <lifespan>25 to 50 years</lifespan>
  <fruit>
    <composition>fleshy</composition>
    <attractiontowildlife>attracts birds</attractiontowildlife>
    <edible>no</edible>
    <shape>round</shape>
    <showiness>showy</showiness>
    <length>less than .5 inch</length>
    <persistant>yes</persistant>
    <litter>fruit/leaves not a litter problem</litter>
    <color>red</color>
  </fruit>
  <size>
    <height>15 to 25 feet</height>
    <maturespread>15 to 25 feet</maturespread>
    <maintainableheight>not suitable for clipping</maintainableheight>
    <matureheight>20 to 25 feet</matureheight>
    <spread>15 to 25 feet</spread>
  </size>
  <other>
    <verticilliumwilt>resistant</verticilliumwilt>
    <outstandingtree>no</outstandingtree>
    <winterinterest>yes</winterinterest>
    <invasivepotential>not assessed or incomplete data</invasivepotential>
    <surfacerooting>not a problem</surfacerooting>
    <availability>rarely available</availability>
    <ozonesensitivity>unknown</ozonesensitivity>
  </other>
  <crowncanopy>
    <texture>fine</texture>
    <density>moderate</density>
    <shape>pyramidal, oval</shape>
    <uniformity>irregular</uniformity>
  </crowncanopy>
  <photographs>
  </photographs>
</tree>