<?xml version="1.0" encoding="UTF-8" standalone="no"?><tree>
  <diseases>&lt;p align="center"&gt;&lt;b&gt;&lt;u&gt;Diseases&lt;/u&gt;&lt;/b&gt;&lt;/p&gt;&lt;p align="left"&gt;

It is susceptible to cedar-hawthorn rust but is more resistant than the species. &lt;/p&gt;</diseases>
  <planttype>tree</planttype>
  <size>
    <height>15 to 25 feet</height>
    <maturespread>20 to 30 feet</maturespread>
    <maintainableheight>not suitable for clipping</maintainableheight>
    <matureheight>20 to 30 feet</matureheight>
    <spread>25 to 35 feet</spread>
  </size>
  <use>specimen, screen, hedge, reclamation, urban tolerant, container or planter, street without sidewalk, tree lawn 3-4 feet wide, tree lawn 4-6 feet wide, tree lawn &gt; 6 ft wide, parking lot island &lt; 100 sq ft, parking lot island 100-200 sq ft, parking lot island &gt; 200 sq ft, recommended</use>
  <flower>
    <season>flowers in spring</season>
    <color>white/cream/gray</color>
    <fragrance>no</fragrance>
    <showiness>very showy</showiness>
  </flower>
  <other>
    <verticilliumwilt>resistant</verticilliumwilt>
    <outstandingtree>yes</outstandingtree>
    <winterinterest>yes</winterinterest>
    <invasivepotential>not a problem species</invasivepotential>
    <surfacerooting>not a problem</surfacerooting>
    <availability>generally available</availability>
    <ozonesensitivity>unknown</ozonesensitivity>
  </other>
  <fruit>
    <composition>fleshy</composition>
    <attractiontowildlife>attracts birds</attractiontowildlife>
    <edible>no</edible>
    <shape>round</shape>
    <showiness>showy</showiness>
    <length>less than .5 inch, .5 to 1 inch</length>
    <persistant>yes</persistant>
    <litter>fruit/leaves not a litter problem</litter>
    <color>red, orange</color>
  </fruit>
  <factsheet>ST214</factsheet>
  <growthrate>moderate</growthrate>
  <crowncanopy>
    <texture>fine</texture>
    <density>moderate</density>
    <shape>vase, round</shape>
    <uniformity>symmetrical</uniformity>
  </crowncanopy>
  <photographs>
    <foliage>10799940</foliage>
    <trunk>7754675</trunk>
    <flower>4144792</flower>
    <fruit>7498352</fruit>
    <other>16748865</other>
    <entireplant>12434883</entireplant>
  </photographs>
  <name>
    <listingname>'Winter King' Southern Hawthorn, 'Winter King' Green Hawthorn, Hawthorn, `Winter King' Southern, Hawthorn, `Winter King' Green</listingname>
    <family>Rosaceae</family>
    <pronunciation>kruh-TEE-gus  VEER-ih-diss</pronunciation>
    <species>viridis</species>
    <genus>Crataegus</genus>
    <cultivar>'Winter King'</cultivar>
    <commonname>'Winter King' Southern Hawthorn, 'Winter King' Green Hawthorn</commonname>
  </name>
  <trunkandbranches>
    <currentyeartwigcolor>brown, reddish</currentyeartwigcolor>
    <numberoftrunks>typically multi-trunked, can be trained to one trunk</numberoftrunks>
    <pruningrequirement>needed for strong structure</pruningrequirement>
    <showiness>showy</showiness>
    <currentyeartwigthickness>medium</currentyeartwigthickness>
    <trunkandbranchbreakage>resistant</trunkandbranchbreakage>
    <woodspecificgravity>unknown</woodspecificgravity>
    <branchdrooping>branches droop</branchdrooping>
    <crownshaft>not applicable</crownshaft>
    <barkthickness>thick</barkthickness>
    <thorns>yes</thorns>
  </trunkandbranches>
  <rangemap>Range Map RM4A7B</rangemap>
  <descriptivetext>&lt;p align="center"&gt;&lt;b&gt;&lt;em&gt;Crataegus viridis &lt;/em&gt; 'Winter King' &lt;/b&gt;&lt;/p&gt;&lt;p align="center"&gt;&lt;b&gt;'Winter King' Southern Hawthorn, 'Winter King' Green Hawthorn &lt;/b&gt;&lt;/p&gt;&lt;p align="left"&gt;

`Winter King' Southern Hawthorn is a North American native tree which slowly reaches 20 to 30 feet in height and spread.  It is very dense and thorny which makes it a popular choice for use as a hedge or as a screen.  Unlike other Hawthorns, the thorns are small and inconspicuous.  The dark green, deciduous leaves turn beautiful shades of bronze, red, and gold in the fall before dropping.  The handsome, silver-grey bark peels off in sections to reveal the inner orange bark, making `Winter King' Southern Hawthorn a striking specimen planting in the winter landscape.  The white blooms are followed by large, orange/red fruits which persist on the naked tree throughout the winter, adding to its landscape interest.  The tree was originally selected for the outstanding winter berry color.  The original tree from which the cultivar was selected is about 100 years old and 25 feet tall. &lt;/p&gt;&lt;p align="left"&gt;

The multiple trunks and wide pyramidal to rounded shape make this adaptable tree well suited for the low maintenance landscape as a specimen.  If lower branches are removed from the trunks, a more vase shape can be maintained.  It has become quite popular and is available in many areas. &lt;/p&gt;&lt;p align="left"&gt;

`Winter King' Southern Hawthorn should be grown in full sun on well-drained soil.  It is a very adaptable tree well suited for the urban landscape.  The short thorns are usually not a problem, even on trees planted near streets.  It is among the best of the many Hawthorns that are available, receiving the Pennsylvania Horticultural Society's 1992 Styer Gold Medal Award. &lt;/p&gt;&lt;p align="left"&gt;

Transplant in the spring for best establishment. &lt;/p&gt;&lt;p align="left"&gt;

Propagation is by grafting. &lt;/p&gt;</descriptivetext>
  <pestresistance>resistant to pests/diseases</pestresistance>
  <foliage>
    <shape>ovate</shape>
    <summercolor>green</summercolor>
    <spiny>no</spiny>
    <type>simple</type>
    <arrangement>alternate</arrangement>
    <bladelength>less than 2 inches</bladelength>
    <venation>pinnate</venation>
    <fallcharacteristics>not showy</fallcharacteristics>
    <margin>lobed, serrate</margin>
    <fallcolor>no color change</fallcolor>
    <persistence>deciduous</persistence>
  </foliage>
  <pests>&lt;p align="center"&gt;&lt;b&gt;&lt;u&gt;Pests&lt;/u&gt;&lt;/b&gt;&lt;/p&gt;&lt;p align="left"&gt;

Problem pests are aphids, borers, caterpillars, and leaf miners &lt;/p&gt;</pests>
  <usdahardinesszone>4A-7B</usdahardinesszone>
  <culturetolerances>
    <saltspraytolerance>low</saltspraytolerance>
    <soilphtolerance>acidic, alkaline</soilphtolerance>
    <lightrequirements>full sun</lightrequirements>
    <soilsalttolerance>poor</soilsalttolerance>
    <droughttolerance>high</droughttolerance>
    <soildrainagetolerance>well-drained, occasionally wet</soildrainagetolerance>
    <soiltexturetolerance>clay, sand, loam</soiltexturetolerance>
  </culturetolerances>
  <nativeorigin>
    <nativetonorthamerica>yes</nativetonorthamerica>
    <recommendedfordryclimates>no</recommendedfordryclimates>
    <nativefloridacounty>Not Native to Florida</nativefloridacounty>
  </nativeorigin>
  <lifespan>25 to 50 years</lifespan>
</tree>