<?xml version="1.0" encoding="UTF-8" standalone="no"?><tree>
  <foliage>
    <shape>oblong, ovate</shape>
    <summercolor>green</summercolor>
    <spiny>no</spiny>
    <type>simple</type>
    <arrangement>alternate</arrangement>
    <bladelength>less than 2 inches</bladelength>
    <venation>pinnate</venation>
    <fallcharacteristics>showy</fallcharacteristics>
    <margin>serrate</margin>
    <fallcolor>red</fallcolor>
    <persistence>deciduous</persistence>
  </foliage>
  <pestresistance>sensitive to pests/diseases</pestresistance>
  <lifespan>more than 50 years</lifespan>
  <culturetolerances>
    <saltspraytolerance>moderate</saltspraytolerance>
    <soilphtolerance>acidic, slightly alkaline, alkaline</soilphtolerance>
    <lightrequirements>full sun</lightrequirements>
    <soilsalttolerance>unknown</soilsalttolerance>
    <droughttolerance>high</droughttolerance>
    <soildrainagetolerance>well-drained</soildrainagetolerance>
    <soiltexturetolerance>sand, loam, clay</soiltexturetolerance>
  </culturetolerances>
  <flower>
    <season>flowers in spring</season>
    <color>white/cream/gray</color>
    <fragrance>unpleasant</fragrance>
    <showiness>showy</showiness>
  </flower>
  <diseases/>
  <planttype>tree, shrub</planttype>
  <use>screen, espalier, street without sidewalk, specimen</use>
  <usdahardinesszone>4A-7A</usdahardinesszone>
  <nativeorigin>
    <nativestate>New Jersey, Florida</nativestate>
    <nativetonorthamerica>yes</nativetonorthamerica>
    <recommendedfordryclimates>no</recommendedfordryclimates>
    <nativefloridacounty>Bay, Clay, Dixie, Jackson, Jefferson, Lafayette, Lake, Levy, Liberty, Nassau, Sumter, Suwannee, Volusia, Wakulla</nativefloridacounty>
  </nativeorigin>
  <size>
    <height>15 to 25 feet</height>
    <maturespread>15 to 25 feet</maturespread>
    <maintainableheight>not suitable for clipping</maintainableheight>
    <matureheight>15 to 25 feet</matureheight>
    <spread>15 to 25 feet</spread>
  </size>
  <factsheet/>
  <trunkandbranches>
    <currentyeartwigcolor>reddish, brown</currentyeartwigcolor>
    <numberoftrunks>typically multi-trunked, can be trained to one trunk</numberoftrunks>
    <pruningrequirement>little required</pruningrequirement>
    <showiness>not showy</showiness>
    <currentyeartwigthickness>thin</currentyeartwigthickness>
    <trunkandbranchbreakage>resistant</trunkandbranchbreakage>
    <woodspecificgravity>unknown</woodspecificgravity>
    <branchdrooping>branches droop</branchdrooping>
    <crownshaft>not applicable</crownshaft>
    <barkthickness>thick</barkthickness>
    <thorns>yes</thorns>
  </trunkandbranches>
  <pests/>
  <fruit>
    <composition>fleshy</composition>
    <attractiontowildlife>attracts birds, attracts squirrels/mammals</attractiontowildlife>
    <edible>no</edible>
    <shape>round</shape>
    <showiness>showy</showiness>
    <length>less than .5 inch</length>
    <persistant>yes</persistant>
    <litter>unknown</litter>
    <color>red</color>
  </fruit>
  <name>
    <listingname>Crataegus crus-galli</listingname>
    <family>Rosaceae</family>
    <pronunciation>krah-TEE-gus krus-GA-lee</pronunciation>
    <species>crus-galli</species>
    <genus>Crataegus</genus>
    <cultivar/>
    <commonname>Cockspur Hawthorn</commonname>
  </name>
  <photographs>
    <foliage>9422539</foliage>
    <trunk>4836147</trunk>
    <flower>1474344</flower>
    <spring>12938758</spring>
    <fruit>3038492</fruit>
    <entireplant>2549168</entireplant>
  </photographs>
  <crowncanopy>
    <texture>fine, medium</texture>
    <density>moderate</density>
    <shape>pyramidal, round</shape>
    <uniformity>irregular</uniformity>
  </crowncanopy>
  <other>
    <verticilliumwilt>unknown</verticilliumwilt>
    <outstandingtree>no</outstandingtree>
    <winterinterest>no</winterinterest>
    <invasivepotential>not a problem species</invasivepotential>
    <surfacerooting>unknown</surfacerooting>
    <availability>somewhat available</availability>
    <ozonesensitivity>unknown</ozonesensitivity>
  </other>
  <descriptivetext>&lt;p align="left"&gt;

Plants retain lower branches and get quite wide at the bottom. Allow plenty of space for them to develop, or remove them as the tree grows to display the somewhat showy trunk. Beware of the thorns. The variety inermis is thornless and can be planted in urban areas close to people. It is an urban tolerant tree suited for many tough sites.  Hawthorns are considered to be somewhat resistant to deer browsing, but there are reports of browsing by some growers. This plant is considered mostly allergy free and causes little or no allergy problems in most people. Newly planted trees leaf out late.&lt;/p&gt;</descriptivetext>
  <growthrate>slow, moderate</growthrate>
</tree>