<?xml version="1.0" encoding="UTF-8" standalone="no"?><tree>
  <foliage>
    <shape>obovate, elliptic (oval)</shape>
    <summercolor>green</summercolor>
    <spiny>no</spiny>
    <type>simple</type>
    <arrangement>alternate</arrangement>
    <bladelength>less than 2 inches, 2 to 4 inches</bladelength>
    <venation>pinnate</venation>
    <fallcharacteristics>not showy</fallcharacteristics>
    <margin>crenate, serrate</margin>
    <fallcolor>no color change</fallcolor>
    <persistence>deciduous</persistence>
  </foliage>
  <rangemap>Range Map RM6A10B</rangemap>
  <pestresistance>resistant to pests/diseases</pestresistance>
  <lifespan>25 to 50 years</lifespan>
  <culturetolerances>
    <saltspraytolerance>unknown</saltspraytolerance>
    <soilphtolerance>acidic, slightly alkaline</soilphtolerance>
    <lightrequirements>full sun, partial sun or partial shade</lightrequirements>
    <soilsalttolerance>poor</soilsalttolerance>
    <droughttolerance>moderate</droughttolerance>
    <soildrainagetolerance>well-drained</soildrainagetolerance>
    <soiltexturetolerance>clay, sand, loam</soiltexturetolerance>
  </culturetolerances>
  <flower>
    <season>flowers in spring</season>
    <color>white/cream/gray</color>
    <fragrance>no</fragrance>
    <showiness>showy</showiness>
  </flower>
  <planttype>tree</planttype>
  <factsheet>ST209</factsheet>
  <use>reclamation, screen, highway median, specimen, recommended</use>
  <usdahardinesszone>6A-11</usdahardinesszone>
  <nativeorigin>
    <nativestate>North Carolina, South Carolina, Florida, Georgia, Alabama, Mississippi</nativestate>
    <nativetonorthamerica>yes</nativetonorthamerica>
    <recommendedfordryclimates>no</recommendedfordryclimates>
    <nativefloridacounty>Alachua, Baker, Bradford, Columbia, Dixie, Escambia, Flagler, Gadsden, Gilchrist, Hamilton, Jackson, Jefferson, Lafayette, Leon, Levy, Madison, Nassau, Okaloosa, Suwannee, Union, Volusia, Wakulla</nativefloridacounty>
  </nativeorigin>
  <size>
    <height>15 to 25 feet</height>
    <maturespread>35 to 40 feet</maturespread>
    <maintainableheight>not suitable for clipping</maintainableheight>
    <matureheight>20 to 30 feet</matureheight>
    <spread>25 to 35 feet</spread>
  </size>
  <trunkandbranches>
    <currentyeartwigcolor>brown</currentyeartwigcolor>
    <numberoftrunks>typically one trunk</numberoftrunks>
    <pruningrequirement>needed for strong structure</pruningrequirement>
    <showiness>not showy</showiness>
    <currentyeartwigthickness>thin, medium</currentyeartwigthickness>
    <trunkandbranchbreakage>resistant</trunkandbranchbreakage>
    <woodspecificgravity>unknown</woodspecificgravity>
    <branchdrooping>branches droop</branchdrooping>
    <crownshaft>not applicable</crownshaft>
    <barkthickness>thick</barkthickness>
    <thorns>no</thorns>
  </trunkandbranches>
  <fruit>
    <composition>fleshy</composition>
    <attractiontowildlife>little</attractiontowildlife>
    <edible>no</edible>
    <shape>round</shape>
    <showiness>not showy</showiness>
    <length>.5 to 1 inch</length>
    <persistant>no</persistant>
    <litter>fruit/leaves not a litter problem</litter>
    <color>red</color>
  </fruit>
  <name>
    <listingname>May Hawthorn, Apple Hawthorn, Hawthorn, May, Hawthorn, Apple</listingname>
    <family>Rosaceae</family>
    <pronunciation>kruh-TEE-gus  ess-tih-VAY-liss</pronunciation>
    <species>aestivalis</species>
    <genus>Crataegus</genus>
    <commonname>May Hawthorn, Apple Hawthorn</commonname>
  </name>
  <photographs>
    <entireplant>11056399</entireplant>
    <flower>11415640</flower>
    <other>12154927</other>
    <foliage>10062399</foliage>
    <trunk>2927454</trunk>
  </photographs>
  <crowncanopy>
    <texture>fine</texture>
    <density>dense</density>
    <shape>vase, spreading</shape>
    <uniformity>symmetrical</uniformity>
  </crowncanopy>
  <other>
    <verticilliumwilt>resistant</verticilliumwilt>
    <outstandingtree>no</outstandingtree>
    <winterinterest>no</winterinterest>
    <invasivepotential>not a problem species</invasivepotential>
    <surfacerooting>not a problem</surfacerooting>
    <availability>rarely available</availability>
    <ozonesensitivity>unknown</ozonesensitivity>
  </other>
  <descriptivetext>&lt;p align="center"&gt;&lt;b&gt;&lt;em&gt;Crataegus aestivalis &lt;/em&gt;May Hawthorn, Apple Hawthorn &lt;/b&gt;&lt;/p&gt;&lt;p align="left"&gt;

This slow-growing native North American tree reaches a height of 30 feet with a rounded canopy that spreads to 35 feet or more.  The dark green, deciduous leaves are often three-lobed and have red/brown undersides.  The leaves display no appreciable fall color.  The sparkling white, showy springtime flowers appear before the new leaves unfurl and are followed by the production of large, red-dotted fruits.  The spreading, low branching habit of growth makes this best suited for planting in a large open area of turf.  If regular pruning can be provided to keep low, drooping branches pruned, it can be located closer to a walk. &lt;/p&gt;&lt;p align="left"&gt;

May Hawthorn should be grown in full sun or partial shade on well-drained, moist soils.  According to Dr. J. C. Raulston at North Carolina State University, this may be one of the best Hawthorns for the south due to superior disease resistance. &lt;/p&gt;</descriptivetext>
  <growthrate>slow</growthrate>
</tree>