<?xml version="1.0" encoding="UTF-8" standalone="no"?><tree>
  <foliage>
    <shape>obovate</shape>
    <summercolor>green</summercolor>
    <spiny>no</spiny>
    <type>simple</type>
    <arrangement>alternate</arrangement>
    <bladelength>2 to 4 inches</bladelength>
    <venation>pinnate</venation>
    <fallcharacteristics>showy</fallcharacteristics>
    <margin>serrate</margin>
    <fallcolor>red</fallcolor>
    <persistence>deciduous</persistence>
  </foliage>
  <pestresistance>sensitive to pests/diseases</pestresistance>
  <lifespan>unknown</lifespan>
  <culturetolerances>
    <saltspraytolerance>unknown</saltspraytolerance>
    <soilphtolerance>acidic, alkaline</soilphtolerance>
    <lightrequirements>full sun</lightrequirements>
    <soilsalttolerance>unknown</soilsalttolerance>
    <droughttolerance>high</droughttolerance>
    <soildrainagetolerance>well-drained</soildrainagetolerance>
    <soiltexturetolerance>sand, loam, clay</soiltexturetolerance>
  </culturetolerances>
  <flower>
    <season>flowers in spring</season>
    <color>white/cream/gray</color>
    <fragrance>no</fragrance>
    <showiness>showy</showiness>
  </flower>
  <diseases/>
  <planttype>tree</planttype>
  <use>street without sidewalk, specimen, highway median</use>
  <usdahardinesszone>5A-8B</usdahardinesszone>
  <nativeorigin>
    <nativestate>Native But State Unknown</nativestate>
    <nativetonorthamerica>yes</nativetonorthamerica>
    <recommendedfordryclimates>no</recommendedfordryclimates>
    <nativefloridacounty>Not Native to Florida</nativefloridacounty>
  </nativeorigin>
  <size>
    <height>15 to 25 feet</height>
    <maturespread>20 to 30 feet</maturespread>
    <maintainableheight>not suitable for clipping</maintainableheight>
    <matureheight>20 to 30 feet</matureheight>
    <spread>25 to 35 feet</spread>
  </size>
  <factsheet/>
  <trunkandbranches>
    <currentyeartwigcolor>unknown</currentyeartwigcolor>
    <numberoftrunks>typically multi-trunked, can be trained to one trunk</numberoftrunks>
    <pruningrequirement>little required</pruningrequirement>
    <showiness>not showy</showiness>
    <currentyeartwigthickness>medium</currentyeartwigthickness>
    <trunkandbranchbreakage>resistant</trunkandbranchbreakage>
    <woodspecificgravity>unknown</woodspecificgravity>
    <branchdrooping>branches droop</branchdrooping>
    <crownshaft>not applicable</crownshaft>
    <barkthickness>thick</barkthickness>
    <thorns>yes</thorns>
  </trunkandbranches>
  <pests/>
  <fruit>
    <composition>fleshy</composition>
    <attractiontowildlife>attracts birds, attracts squirrels/mammals</attractiontowildlife>
    <edible>unknown</edible>
    <shape>round</shape>
    <showiness>showy</showiness>
    <length>.5 to 1 inch</length>
    <persistant>yes</persistant>
    <litter>fruit/leaves a litter problem</litter>
    <color>red</color>
  </fruit>
  <name>
    <listingname>Thicket Hawthorn</listingname>
    <family>Rosaceae</family>
    <pronunciation>kra-TEE-gus punk-TA-ta</pronunciation>
    <species>punctata</species>
    <genus>Crataegus</genus>
    <cultivar>'Ohio Pioneer'</cultivar>
    <commonname>Thicket Hawthorn</commonname>
  </name>
  <photographs>
    <entireplant>5534384</entireplant>
    <flower>15582392</flower>
    <other>10986584</other>
  </photographs>
  <crowncanopy>
    <texture>fine, medium</texture>
    <density>moderate</density>
    <shape>pyramidal, round</shape>
    <uniformity>irregular</uniformity>
  </crowncanopy>
  <other>
    <verticilliumwilt>unknown</verticilliumwilt>
    <outstandingtree>yes</outstandingtree>
    <winterinterest>no</winterinterest>
    <invasivepotential>native to North America</invasivepotential>
    <surfacerooting>unknown</surfacerooting>
    <availability>somewhat available</availability>
    <ozonesensitivity>unknown</ozonesensitivity>
  </other>
  <descriptivetext/>
  <growthrate>slow</growthrate>
</tree>