<?xml version="1.0" encoding="UTF-8" standalone="no"?><tree>
  <diseases>&lt;p align="center"&gt;&lt;b&gt;&lt;u&gt;Diseases&lt;/u&gt;&lt;/b&gt;&lt;/p&gt;&lt;p align="left"&gt;

Fire blight: This disease can be severe in some parts of the country.  The first noticeable symptom of fire blight is the browning of branch tips.  The tips appear to be burned or scorched and the dead, brown leaves droop but hang on the tree.  Cankers form and the bacteria is washed farther down the branch by rain.  The bacteria are spread from diseased to healthy twigs by bees and contaminated pruning tools.  There is no satisfactory chemical control.  The disease is less of a problem if trees are not located near apple or pear orchards.  Prune out blighted branch tips by cutting a foot or two beyond the diseased wood.  Over-fertilizing with nitrogen fertilizer may increase tree susceptibility to fire blight. &lt;/p&gt;&lt;p align="left"&gt;

Leaf blight attacks most Hawthorns but especially English Hawthorn.  The symptoms are small reddish brown spots on the leaves which may run together.  Infected leaves drop in August and severely infected trees may be completely bare. &lt;/p&gt;&lt;p align="left"&gt;

Cedar Hawthorn rust causes orange or rust colored spots on the leaves leading to early defoliation.  The fruits and twigs are also attacked.  Juniper is an alternate host.  Cedar-quince rust attacks fruits.  Washington, Lavelle and Cockspur Hawthorn are resistant to rust diseases. &lt;/p&gt;&lt;p align="left"&gt;

Scab causes leaf spotting and defoliation.  The fruit have black raised spots on them. &lt;/p&gt;&lt;p align="left"&gt;

Powdery mildew causes a white powdery growth on the leaves. &lt;/p&gt;</diseases>
  <planttype>tree</planttype>
  <size>
    <height>15 to 25 feet</height>
    <maturespread>15 to 25 feet</maturespread>
    <maintainableheight>not suitable for clipping</maintainableheight>
    <matureheight>20 to 30 feet</matureheight>
    <spread>15 to 25 feet</spread>
  </size>
  <use>street without sidewalk, tree lawn 3-4 feet wide, tree lawn 4-6 feet wide, tree lawn &gt; 6 ft wide, highway median, bonsai, specimen, recommended</use>
  <flower>
    <season>flowers in spring</season>
    <color>white/cream/gray</color>
    <fragrance>no</fragrance>
    <showiness>showy</showiness>
  </flower>
  <other>
    <verticilliumwilt>resistant</verticilliumwilt>
    <outstandingtree>no</outstandingtree>
    <winterinterest>yes</winterinterest>
    <invasivepotential>not a problem species</invasivepotential>
    <surfacerooting>not a problem</surfacerooting>
    <availability>somewhat available</availability>
    <ozonesensitivity>unknown</ozonesensitivity>
  </other>
  <fruit>
    <composition>fleshy</composition>
    <attractiontowildlife>little</attractiontowildlife>
    <edible>no</edible>
    <shape>round</shape>
    <showiness>showy</showiness>
    <length>.5 to 1 inch</length>
    <persistant>yes</persistant>
    <litter>fruit/leaves not a litter problem</litter>
    <color>orange, red</color>
  </fruit>
  <factsheet>ST215</factsheet>
  <growthrate>moderate</growthrate>
  <crowncanopy>
    <texture>medium</texture>
    <density>moderate</density>
    <shape>vase, oval</shape>
    <uniformity>irregular</uniformity>
  </crowncanopy>
  <photographs>
  </photographs>
  <name>
    <listingname>Lavalle Hawthorn, Hawthorn, Lavalle</listingname>
    <family>Rosaceae</family>
    <pronunciation>kruh-TEE-gus  x  luh-VALE-ee-eye</pronunciation>
    <species>x lavallei</species>
    <genus>Crataegus</genus>
    <commonname>Lavalle Hawthorn</commonname>
  </name>
  <trunkandbranches>
    <currentyeartwigcolor>green</currentyeartwigcolor>
    <numberoftrunks>typically one trunk</numberoftrunks>
    <pruningrequirement>little required</pruningrequirement>
    <showiness>not showy</showiness>
    <currentyeartwigthickness>medium</currentyeartwigthickness>
    <trunkandbranchbreakage>resistant</trunkandbranchbreakage>
    <woodspecificgravity>unknown</woodspecificgravity>
    <branchdrooping>branches droop</branchdrooping>
    <crownshaft>not applicable</crownshaft>
    <barkthickness>thick</barkthickness>
    <thorns>yes</thorns>
  </trunkandbranches>
  <rangemap>Range Map RM5A7A</rangemap>
  <descriptivetext>&lt;p align="center"&gt;&lt;b&gt;&lt;em&gt;Crataegus &lt;/em&gt; x  &lt;em&gt;lavallei &lt;/em&gt;Lavalle Hawthorn &lt;/b&gt;&lt;/p&gt;&lt;p align="left"&gt;

This Hawthorn grows asymmetrically 20 to 30 feet tall and spreads 10 to 25 feet.   The tree has lustrous foliage and fewer thorns than some other Hawthorns.  The flowers are white, large, and borne in spring.  The fruit are borne in bright orange-red clusters and they are marked with brown and persist until spring.  The fall color is bronze red.  It is an all around attractive tree providing interest throughout the year. &lt;/p&gt;&lt;p align="left"&gt;

The tree is used extensively as a street tree in some areas of the country because they are tough.  It is an excellent garden shrub border plant, providing a refreshing white bloom in spring, fall color, and attractive fruit.  Specify tree-form when planting along the street. &lt;/p&gt;</descriptivetext>
  <pestresistance>sensitive to pests/diseases</pestresistance>
  <foliage>
    <shape>elliptic (oval), oblong</shape>
    <summercolor>green</summercolor>
    <spiny>no</spiny>
    <type>simple</type>
    <arrangement>alternate</arrangement>
    <bladelength>2 to 4 inches</bladelength>
    <venation>pinnate</venation>
    <fallcharacteristics>not showy</fallcharacteristics>
    <margin>serrate</margin>
    <fallcolor>no color change</fallcolor>
    <persistence>deciduous</persistence>
  </foliage>
  <pests>&lt;p align="center"&gt;&lt;b&gt;&lt;u&gt;Pests&lt;/u&gt;&lt;/b&gt;&lt;/p&gt;&lt;p align="left"&gt;

Aphids can be partially controlled with strong sprays of water from a garden hose, if the colony is in the lower branches.  Sometimes the aphids themselves are not seen but the distorted growth, honeydew on the leaves, and sooty mold growing on the honeydew are obvious. &lt;/p&gt;&lt;p align="left"&gt;

Borer attacks may be prevented if the trees are kept in good vigor with regular fertilization. &lt;/p&gt;&lt;p align="left"&gt;

Leaf miners symptoms are brown blotches on the leaves. &lt;/p&gt;&lt;p align="left"&gt;

Lace bugs can be a serious, though occasional, problem.  The insect feeding on the undersides of the leaves causes chlorotic flecks on the upper leaf surfaces.  The lower sides of the leaves are covered with small, brown, sticky flecks. &lt;/p&gt;&lt;p align="left"&gt;

The pear slug skeletonizes Hawthorn leaves and these sawfly larvae have a slimy appearance.  A few insects can be washed off with a garden hose. &lt;/p&gt;&lt;p align="left"&gt;

Tent caterpillar nests can be pruned out while still small.  Sprays of  &lt;em&gt;Bacillus thuringiensis &lt;/em&gt; may be used.  Do not burn nests while the nests are in the tree.  The injury from the fire may exceed that caused by the insects. &lt;/p&gt;&lt;p align="left"&gt;

Overwintering scales can usually be controlled with horticultural oil sprays. &lt;/p&gt;&lt;p align="left"&gt;

Spider mites are so small they can cause much foliage discoloration before being detected. &lt;/p&gt;</pests>
  <usdahardinesszone>5A-7A</usdahardinesszone>
  <culturetolerances>
    <saltspraytolerance>low</saltspraytolerance>
    <soilphtolerance>alkaline, acidic</soilphtolerance>
    <lightrequirements>full sun</lightrequirements>
    <soilsalttolerance>poor</soilsalttolerance>
    <droughttolerance>high</droughttolerance>
    <soildrainagetolerance>well-drained</soildrainagetolerance>
    <soiltexturetolerance>clay, sand, loam</soiltexturetolerance>
  </culturetolerances>
  <nativeorigin>
    <nativetonorthamerica>no</nativetonorthamerica>
    <recommendedfordryclimates>no</recommendedfordryclimates>
    <nativefloridacounty>Not Native to Florida</nativefloridacounty>
  </nativeorigin>
  <lifespan>25 to 50 years</lifespan>
</tree>