<?xml version="1.0" encoding="UTF-8" standalone="no"?><tree>
  <foliage>
    <shape>obovate</shape>
    <summercolor>green</summercolor>
    <spiny>no</spiny>
    <type>simple</type>
    <arrangement>alternate</arrangement>
    <bladelength>2 to 4 inches, 4 to 8 inches</bladelength>
    <venation>pinnate</venation>
    <fallcharacteristics>not showy</fallcharacteristics>
    <margin>entire</margin>
    <fallcolor>no color change</fallcolor>
    <persistence>evergreen</persistence>
  </foliage>
  <rangemap>Range Map RM10B11</rangemap>
  <pestresistance>resistant to pests/diseases</pestresistance>
  <lifespan>25 to 50 years</lifespan>
  <culturetolerances>
    <saltspraytolerance>none</saltspraytolerance>
    <soilphtolerance>alkaline, acidic</soilphtolerance>
    <lightrequirements>full sun</lightrequirements>
    <soilsalttolerance>unknown</soilsalttolerance>
    <droughttolerance>moderate</droughttolerance>
    <soildrainagetolerance>well-drained</soildrainagetolerance>
    <soiltexturetolerance>clay, sand, loam</soiltexturetolerance>
  </culturetolerances>
  <flower>
    <season>flowers year-round</season>
    <color>yellow, green</color>
    <fragrance>unpleasant</fragrance>
    <showiness>showy</showiness>
  </flower>
  <planttype>tree</planttype>
  <factsheet>ST216</factsheet>
  <use>specimen, deck or patio, street without sidewalk, tree lawn &gt; 6 ft wide, tree lawn 4-6 feet wide, tree lawn 3-4 feet wide, highway median, recommended</use>
  <usdahardinesszone>10B-11</usdahardinesszone>
  <nativeorigin>
    <nativetonorthamerica>no</nativetonorthamerica>
    <recommendedfordryclimates>no</recommendedfordryclimates>
    <nativefloridacounty>Not Native to Florida</nativefloridacounty>
  </nativeorigin>
  <size>
    <height>25 to 50 feet</height>
    <maturespread>25 to 30 feet</maturespread>
    <maintainableheight>not suitable for clipping</maintainableheight>
    <matureheight>20 to 30 feet</matureheight>
    <spread>25 to 35 feet</spread>
  </size>
  <pestsanddiseases>&lt;p align="center"&gt;&lt;b&gt;&lt;u&gt;Pests and Diseases&lt;/u&gt;&lt;/b&gt;&lt;/p&gt;&lt;p align="left"&gt;

No pests or diseases are of major concern but occasionally bothered by Chinese rose beetles and a leaf-webbing caterpillar. &lt;/p&gt;</pestsanddiseases>
  <trunkandbranches>
    <currentyeartwigcolor>unknown</currentyeartwigcolor>
    <numberoftrunks>typically multi-trunked</numberoftrunks>
    <pruningrequirement>needed for strong structure</pruningrequirement>
    <showiness>showy</showiness>
    <currentyeartwigthickness>medium, thick</currentyeartwigthickness>
    <trunkandbranchbreakage>resistant</trunkandbranchbreakage>
    <woodspecificgravity>unknown</woodspecificgravity>
    <branchdrooping>branches droop</branchdrooping>
    <crownshaft>not applicable</crownshaft>
    <barkthickness>thick</barkthickness>
    <thorns>no</thorns>
  </trunkandbranches>
  <fruit>
    <composition>fleshy</composition>
    <attractiontowildlife>little</attractiontowildlife>
    <edible>no</edible>
    <shape>round, oval</shape>
    <showiness>showy</showiness>
    <length>3 to 6 inches</length>
    <persistant>no</persistant>
    <litter>fruit/leaves not a litter problem</litter>
    <color>green</color>
  </fruit>
  <name>
    <listingname>Calabash-Tree</listingname>
    <family>Bignoniaceae</family>
    <pronunciation>kress-EN-tee-uh  koo-JEE-tee</pronunciation>
    <species>cujete</species>
    <genus>Crescentia</genus>
    <commonname>Calabash-Tree</commonname>
  </name>
  <photographs>
    <entireplant>3324513</entireplant>
    <fruit>5472972</fruit>
    <foliage>4280955</foliage>
  </photographs>
  <crowncanopy>
    <texture>medium</texture>
    <density>open</density>
    <shape>spreading, round</shape>
    <uniformity>irregular</uniformity>
  </crowncanopy>
  <other>
    <verticilliumwilt>unknown</verticilliumwilt>
    <outstandingtree>yes</outstandingtree>
    <winterinterest>no</winterinterest>
    <invasivepotential>not assessed or incomplete data</invasivepotential>
    <surfacerooting>not a problem</surfacerooting>
    <availability>rarely available</availability>
    <ozonesensitivity>unknown</ozonesensitivity>
  </other>
  <descriptivetext>&lt;p align="center"&gt;&lt;b&gt;&lt;em&gt;Crescentia cujete &lt;/em&gt;Calabash-Tree &lt;/b&gt;&lt;/p&gt;&lt;p align="left"&gt;

Calabash is an evergreen tree reaching 20 to 30 feet in height with a broad, irregular crown composed of long, spreading branches clothed in two to six-inch-long bright green leaves, which create moderate shade beneath the tree.  Calabash is most outstanding in the landscape for its year-round production of flowers and fruit, both of which are unusual.  The two-inch-wide flowers are yellow/green with red or purple veins, cup-shaped, and appear to emerge directly from the branches.  These are followed by the emergence of the large, round fruit, 5 to 12 inches in diameter, with a smooth, hard shell, which hang directly beneath the branches.  Fruits are poisonous. &lt;/p&gt;&lt;p align="left"&gt;

Calabash tree should be grown in full sun on any well-drained soil. &lt;/p&gt;&lt;p align="left"&gt;

The main limbs on Calabash originate close to the ground forming a low-branched tree without training or pruning.  These limbs branch infrequently, forming a heavy, awkward-looking canopy.  This is suitable for planting in an open area where there is plenty of space.  Prune the tips of the branches regularly when the tree is young to develop more secondary branches close to the trunk.  This will help increase the diameter of the main branches and thicken the canopy.  The trunk can be trained straight by staking, and lateral branches directed to grow upright. &lt;/p&gt;&lt;p align="left"&gt;

Propagation is by seed. &lt;/p&gt;</descriptivetext>
  <growthrate>moderate</growthrate>
</tree>