<?xml version="1.0" encoding="UTF-8" standalone="no"?><tree>
  <foliage>
    <shape>awl-like</shape>
    <summercolor>green</summercolor>
    <spiny>no</spiny>
    <type>simple</type>
    <arrangement>spiral</arrangement>
    <bladelength>less than 2 inches</bladelength>
    <venation>none, or difficult to see</venation>
    <fallcharacteristics>not showy</fallcharacteristics>
    <margin>entire</margin>
    <fallcolor>copper</fallcolor>
    <persistence>evergreen</persistence>
  </foliage>
  <rangemap>Range Map RM6A8B</rangemap>
  <pestresistance>resistant to pests/diseases</pestresistance>
  <lifespan>more than 50 years</lifespan>
  <culturetolerances>
    <saltspraytolerance>unknown</saltspraytolerance>
    <soilphtolerance>acidic</soilphtolerance>
    <lightrequirements>full sun, partial sun or partial shade</lightrequirements>
    <soilsalttolerance>unknown</soilsalttolerance>
    <droughttolerance>moderate</droughttolerance>
    <soildrainagetolerance>well-drained</soildrainagetolerance>
    <soiltexturetolerance>clay, sand, loam</soiltexturetolerance>
  </culturetolerances>
  <flower>
    <season>unknown</season>
    <color>unknown</color>
    <fragrance>no</fragrance>
    <showiness>not showy</showiness>
  </flower>
  <planttype>tree</planttype>
  <factsheet>ST219</factsheet>
  <use>screen, specimen, parking lot island &lt; 100 sq ft, parking lot island 100-200 sq ft, parking lot island &gt; 200 sq ft, tree lawn 3-4 feet wide, tree lawn 4-6 feet wide, tree lawn &gt; 6 ft wide, urban tolerant, highway median, bonsai, recommended</use>
  <usdahardinesszone>6A-8B</usdahardinesszone>
  <nativeorigin>
    <nativetonorthamerica>no</nativetonorthamerica>
    <recommendedfordryclimates>no</recommendedfordryclimates>
    <nativefloridacounty>Not Native to Florida</nativefloridacounty>
  </nativeorigin>
  <size>
    <height>25 to 50 feet</height>
    <maturespread>15 to 20 feet</maturespread>
    <maintainableheight>not suitable for clipping</maintainableheight>
    <matureheight>30 to 40 feet</matureheight>
    <spread>15 to 25 feet</spread>
  </size>
  <pestsanddiseases>&lt;p align="center"&gt;&lt;b&gt;&lt;u&gt;Pests and Diseases&lt;/u&gt;&lt;/b&gt;&lt;/p&gt;&lt;p align="left"&gt;

No pests or diseases are of major concern but occasionally bothered by leaf blight and leaf spot, but probably less so than the species.  Mites can infest the foliage. &lt;/p&gt;</pestsanddiseases>
  <trunkandbranches>
    <currentyeartwigcolor>green</currentyeartwigcolor>
    <numberoftrunks>typically one trunk</numberoftrunks>
    <pruningrequirement>little required</pruningrequirement>
    <showiness>very showy</showiness>
    <currentyeartwigthickness>medium</currentyeartwigthickness>
    <trunkandbranchbreakage>resistant</trunkandbranchbreakage>
    <woodspecificgravity>unknown</woodspecificgravity>
    <branchdrooping>branches droop</branchdrooping>
    <crownshaft>not applicable</crownshaft>
    <barkthickness>thick</barkthickness>
    <thorns>no</thorns>
  </trunkandbranches>
  <fruit>
    <composition>dry or hard</composition>
    <attractiontowildlife>little</attractiontowildlife>
    <edible>no</edible>
    <shape>round</shape>
    <showiness>not showy</showiness>
    <length>.5 to 1 inch</length>
    <persistant>no</persistant>
    <litter>fruit/leaves not a litter problem</litter>
    <color>brown</color>
  </fruit>
  <name>
    <listingname>'Yoshino' Japanese-Cedar, Japanese-Cedar, 'Yoshino'</listingname>
    <family>Taxodiaceae</family>
    <pronunciation>krip-toe-MEER-ee-uh  juh-PAWN-ih-kuh</pronunciation>
    <species>japonica</species>
    <genus>Cryptomeria</genus>
    <cultivar>'Yoshino'</cultivar>
    <commonname>'Yoshino' Japanese-Cedar</commonname>
  </name>
  <photographs>
    <entireplant>14565158</entireplant>
  </photographs>
  <crowncanopy>
    <texture>fine</texture>
    <density>dense</density>
    <shape>pyramidal</shape>
    <uniformity>symmetrical</uniformity>
  </crowncanopy>
  <other>
    <verticilliumwilt>resistant</verticilliumwilt>
    <outstandingtree>yes</outstandingtree>
    <winterinterest>no</winterinterest>
    <invasivepotential>not assessed or incomplete data</invasivepotential>
    <surfacerooting>not a problem</surfacerooting>
    <availability>somewhat available</availability>
    <ozonesensitivity>unknown</ozonesensitivity>
  </other>
  <descriptivetext>&lt;p align="center"&gt;&lt;b&gt;&lt;em&gt;Cryptomeria japonica &lt;/em&gt; 'Yoshino' &lt;/b&gt;&lt;/p&gt;&lt;p align="center"&gt;&lt;b&gt;'Yoshino' Japanese-Cedar &lt;/b&gt;&lt;/p&gt;&lt;p align="left"&gt;

This striking evergreen forms a loose, open, pyramidal shape of somewhat pendulous branches clothed with dense, short, light green to blue/green, fragrant needles.  Trees reach 30 to 40 feet in height by 15 to 20 feet in width, and develop a somewhat oval canopy with age.  The trunk remains straight with relatively small-diameter lateral branches.  Long branches are spaced just far enough apart to allow the handsome, reddish-brown, peeling bark to be easily seen when standing next to the tree.  The short needles may take on a slight bronze hue in winter but will quickly return to green in springtime.  The foliage of this cultivar discolors in winter far less than the species.  &lt;/p&gt;&lt;p align="left"&gt;

`Yoshino' Japanese-Cedar makes a dramatic landscape element for an open lawn or can be used as an attractive street tree, particularly for narrow spaces.  For street tree use, remove lower branches at an early age to keep the pruning scars as small as possible.  It may grow too large for most residential landscapes but makes a nice specimen or `softening' tree for a large building. &lt;/p&gt;&lt;p align="left"&gt;

`Yoshino' Japanese-Cedar should be grown in full sun, sheltered from harsh winds, on well-drained, moist, acid soil.  Locate it so air circulation around the tree is good, particularly during the summer, to help prevent leaf blight.  It thrives best with some afternoon shade in the southern part of its range.  Although plants may grow two to four feet per year when young, they will rarely require pruning if properly located in the landscape as they naturally grow into a beautiful pyramidal shape.  `Yoshino' Japanese-Cedar and the species are tolerant of compacted soil and probably perform well in parking lots and other tough urban sites, with some irrigation in drought. &lt;/p&gt;&lt;p align="left"&gt;

Propagation is by cuttings from mature wood. &lt;/p&gt;</descriptivetext>
  <growthrate>slow</growthrate>
</tree>