<?xml version="1.0" encoding="UTF-8" standalone="no"?><tree>
  <foliage>
    <shape>needle-like (filiform)</shape>
    <summercolor>blue or blue-green</summercolor>
    <spiny>no</spiny>
    <type>simple</type>
    <arrangement>spiral</arrangement>
    <bladelength>less than 2 inches</bladelength>
    <venation>parallel</venation>
    <fallcharacteristics>not showy</fallcharacteristics>
    <margin>entire</margin>
    <fallcolor>brown/tan</fallcolor>
    <persistence>evergreen</persistence>
  </foliage>
  <pestresistance>resistant to pests/diseases</pestresistance>
  <lifespan>more than 50 years</lifespan>
  <culturetolerances>
    <saltspraytolerance>moderate</saltspraytolerance>
    <soilphtolerance>acidic</soilphtolerance>
    <lightrequirements>full sun, partial sun or partial shade</lightrequirements>
    <soilsalttolerance>unknown</soilsalttolerance>
    <droughttolerance>moderate</droughttolerance>
    <soildrainagetolerance>well-drained, occasionally wet</soildrainagetolerance>
    <soiltexturetolerance>sand, loam, clay</soiltexturetolerance>
  </culturetolerances>
  <flower>
    <season>flowers in spring</season>
    <color>yellow</color>
    <fragrance>no</fragrance>
    <showiness>not showy</showiness>
  </flower>
  <diseases/>
  <planttype>tree</planttype>
  <use>screen, specimen</use>
  <usdahardinesszone>5A-9B</usdahardinesszone>
  <nativeorigin>
    <nativestate>Not Native to Any State</nativestate>
    <nativetonorthamerica>no</nativetonorthamerica>
    <recommendedfordryclimates>no</recommendedfordryclimates>
    <nativefloridacounty>Not Native to Florida</nativefloridacounty>
  </nativeorigin>
  <size>
    <height>25 to 50 feet</height>
    <maturespread>20 to 25 feet</maturespread>
    <maintainableheight>not suitable for clipping</maintainableheight>
    <matureheight>30 to 40 feet</matureheight>
    <spread>15 to 25 feet</spread>
  </size>
  <factsheet/>
  <trunkandbranches>
    <currentyeartwigcolor>green</currentyeartwigcolor>
    <numberoftrunks>typically one trunk</numberoftrunks>
    <pruningrequirement>little required</pruningrequirement>
    <showiness>showy</showiness>
    <currentyeartwigthickness>thick</currentyeartwigthickness>
    <trunkandbranchbreakage>resistant</trunkandbranchbreakage>
    <woodspecificgravity>unknown</woodspecificgravity>
    <branchdrooping>branches droop</branchdrooping>
    <crownshaft>not applicable</crownshaft>
    <barkthickness>thin bark</barkthickness>
    <thorns>no</thorns>
  </trunkandbranches>
  <pests/>
  <fruit>
    <composition>dry or hard</composition>
    <attractiontowildlife>unknown</attractiontowildlife>
    <edible>no</edible>
    <shape>cone, round</shape>
    <showiness>unknown</showiness>
    <length>.5 to 1 inch</length>
    <persistant>unknown</persistant>
    <litter>unknown</litter>
    <color>red, brown</color>
  </fruit>
  <name>
    <listingname>Japanese Cedar</listingname>
    <family>Taxodiaceae</family>
    <pronunciation>crip-tow-MEER-ee-uh jah-PON-ih-kuh lah-BEE-i</pronunciation>
    <species>japonica</species>
    <genus>Cryptomeria</genus>
    <cultivar>lobbii</cultivar>
    <commonname>Japanese Cedar</commonname>
  </name>
  <photographs>
  </photographs>
  <crowncanopy>
    <texture>medium</texture>
    <density>dense</density>
    <shape>pyramidal</shape>
    <uniformity>symmetrical</uniformity>
  </crowncanopy>
  <other>
    <verticilliumwilt>unknown</verticilliumwilt>
    <outstandingtree>no</outstandingtree>
    <winterinterest>no</winterinterest>
    <invasivepotential>not assessed or incomplete data</invasivepotential>
    <surfacerooting>unknown</surfacerooting>
    <availability>rarely available</availability>
    <ozonesensitivity>unknown</ozonesensitivity>
  </other>
  <descriptivetext>&lt;p align="left"&gt;

Provide an acid soil and protection from the drying effect of winter winds. Foliage on plants in a windy situation in winter often turn brown, especially in the northern half of its hardiness range.  Locate the tree so air circulation is good, particularly during summer to help prevent leaf blight. Trees perform best with afternoon shade in southern part of its range - morning sun helps keep foliage dry which theoretically reduces the incidence of foliage disease. Many cultivars are available varying in growth habit and ability to hold green foliage color in the winter. There are so many cultivars one has to wonder why we need more. I (Dr. Gilman) have seen plants in zone 8B perform fairly well.&lt;/p&gt;&lt;p align="left"&gt;

&lt;/p&gt;&lt;p align="left"&gt;

Cryptomeria is tolerant of compacted soil and grows nicely in urban landscapes such as parking lots. It makes a wonderful accent, screen, or border tree.  It may grow too large for most residential landscapes.  They have been used as street trees planted 10 feet back from the street in residential areas. Pollen causes severe allergy problems, especially when many trees are planted in the same location.&lt;/p&gt;</descriptivetext>
  <growthrate>moderate</growthrate>
</tree>