<?xml version="1.0" encoding="UTF-8" standalone="no"?><tree>
  <foliage>
    <shape>lanceolate</shape>
    <summercolor>green</summercolor>
    <spiny>no</spiny>
    <type>simple</type>
    <arrangement>spiral</arrangement>
    <bladelength>less than 2 inches</bladelength>
    <venation>parallel</venation>
    <fallcharacteristics>not showy</fallcharacteristics>
    <margin>ciliate</margin>
    <fallcolor>no color change</fallcolor>
    <persistence>evergreen, needled evergreen</persistence>
  </foliage>
  <rangemap>Range Map RM6B9A</rangemap>
  <pestresistance>free of serious pests and diseases</pestresistance>
  <lifespan>more than 50 years</lifespan>
  <culturetolerances>
    <saltspraytolerance>unknown</saltspraytolerance>
    <soilphtolerance>acidic</soilphtolerance>
    <lightrequirements>full sun, partial sun or partial shade</lightrequirements>
    <soilsalttolerance>unknown</soilsalttolerance>
    <droughttolerance>high</droughttolerance>
    <soildrainagetolerance>well-drained</soildrainagetolerance>
    <soiltexturetolerance>clay, sand, loam</soiltexturetolerance>
  </culturetolerances>
  <flower>
    <season>unknown</season>
    <color>unknown</color>
    <fragrance>no</fragrance>
    <showiness>not showy</showiness>
  </flower>
  <planttype>tree</planttype>
  <factsheet>ST220</factsheet>
  <use>specimen, screen, urban tolerant, highway median, recommended</use>
  <usdahardinesszone>6B-9A</usdahardinesszone>
  <nativeorigin>
    <nativetonorthamerica>no</nativetonorthamerica>
    <recommendedfordryclimates>no</recommendedfordryclimates>
    <nativefloridacounty>Not Native to Florida</nativefloridacounty>
  </nativeorigin>
  <size>
    <height>50 to 75 feet</height>
    <maturespread>15 to 30 feet</maturespread>
    <maintainableheight>not suitable for clipping</maintainableheight>
    <matureheight>50 to 75 feet</matureheight>
    <spread>25 to 35 feet</spread>
  </size>
  <pestsanddiseases>&lt;p align="center"&gt;&lt;b&gt;&lt;u&gt;Pests and Diseases&lt;/u&gt;&lt;/b&gt;&lt;/p&gt;&lt;p align="left"&gt;

No pests or diseases are of major concern.  Brown foliage stays on the interior branches but this is a normal condition, usually not caused by insects or disease. &lt;/p&gt;</pestsanddiseases>
  <trunkandbranches>
    <currentyeartwigcolor>green</currentyeartwigcolor>
    <numberoftrunks>typically one trunk</numberoftrunks>
    <pruningrequirement>little required</pruningrequirement>
    <showiness>showy</showiness>
    <currentyeartwigthickness>thick</currentyeartwigthickness>
    <trunkandbranchbreakage>resistant</trunkandbranchbreakage>
    <woodspecificgravity>unknown</woodspecificgravity>
    <branchdrooping>branches droop</branchdrooping>
    <crownshaft>not applicable</crownshaft>
    <barkthickness>thick</barkthickness>
    <thorns>no</thorns>
  </trunkandbranches>
  <fruit>
    <composition>dry or hard</composition>
    <attractiontowildlife>little</attractiontowildlife>
    <edible>no</edible>
    <shape>round</shape>
    <showiness>not showy</showiness>
    <length>1 to 3 inches</length>
    <persistant>no</persistant>
    <litter>fruit/leaves not a litter problem</litter>
    <color>brown</color>
  </fruit>
  <name>
    <listingname>China-Fir</listingname>
    <family>Pinaceae</family>
    <pronunciation>kunn-ning-HAM-ee-uh  lan-see-oh-LAY-tuh</pronunciation>
    <species>lanceolata</species>
    <genus>Cunninghamia</genus>
    <commonname>China-Fir</commonname>
  </name>
  <photographs>
    <entireplant>8524460</entireplant>
    <flower>3858692</flower>
    <other>14043959</other>
    <foliage>8909778</foliage>
    <trunk>15850005</trunk>
  </photographs>
  <crowncanopy>
    <texture>coarse</texture>
    <density>open</density>
    <shape>pyramidal</shape>
    <uniformity>irregular</uniformity>
  </crowncanopy>
  <other>
    <verticilliumwilt>resistant</verticilliumwilt>
    <outstandingtree>yes</outstandingtree>
    <winterinterest>no</winterinterest>
    <invasivepotential>not assessed or incomplete data</invasivepotential>
    <surfacerooting>not a problem</surfacerooting>
    <availability>somewhat available</availability>
    <ozonesensitivity>unknown</ozonesensitivity>
  </other>
  <descriptivetext>&lt;p align="center"&gt;&lt;b&gt;&lt;em&gt;Cunninghamia lanceolata &lt;/em&gt;China-Fir &lt;/b&gt;&lt;/p&gt;&lt;p align="left"&gt;

China-Fir is an evergreen which is usually seen from 30 to 75 feet in height with a spread of 10 to 30 feet.  The strong, heavy trunk stands straight up at the base of the coarse, irregular, pyramidal form which is composed of somewhat pendulous branches densely clothed in 1.5 to 2.5-inch-long, bright green, pointed needles.  It is somewhat reminiscent of some of the spruces like Blue and White Spruce.  Occasionally the tree will be grown with several trunks arising from the soil, but above that point the trunk almost never branches into a double or multiple leader, growing up the center of the tree like an arrow and lending a strong vertical accent to any area.  The crown is fairly open allowing the trunk and large branches to show prominently.  Like other tall-growing trees, it is best to maintain only one central trunk.  The leaves take on a bronze hue in autumn and, when they die, persist on the tree on interior branches for many years giving it a somewhat unkempt appearance according to some horticulturists.  The attractive, brown, peeling bark strips away to reveal the inner reddish bark, adding to the tree's overall textural interest. &lt;/p&gt;&lt;p align="left"&gt;

China-Fir is best used as a specimen, at the corner of a large building, or as a large-scale screen planted 15 to 20 feet apart.  Young specimens maintain a fairly tight crown but they open up with age, becoming asymmetrical with large pieces of the crown missing.  It works well in oriental gardens and the foliage keeps well indoors in a vase of water.  Not a tree you would use everywhere, China-Fir has its place as an occasional accent and conversation piece, particularly in a park or on a golf course.  It is too big for a residential landscape but useful on campuses and other large-scale landscapes. &lt;/p&gt;&lt;p align="left"&gt;

China-Fir should be grown in full sun or partial shade (will grow in shade but with poor, open form) on moist, well-drained, acid soil.  Although the leaves may be damaged by severe frosts, they are quickly replaced in springtime.  China-Fir is extremely drought tolerant and grows well in poor, compacted clay soil.  It is very adapted to urban soils except those poorly drained. &lt;/p&gt;&lt;p align="left"&gt;

The cultivar `Glauca' has blue/green foliage. &lt;/p&gt;&lt;p align="left"&gt;

Propagation is by cuttings. &lt;/p&gt;</descriptivetext>
  <growthrate>moderate</growthrate>
</tree>