<?xml version="1.0" encoding="UTF-8" standalone="no"?><tree>
  <foliage>
    <shape>oblong, elliptic (oval)</shape>
    <summercolor>green</summercolor>
    <spiny>no</spiny>
    <type>odd-pinnately compound</type>
    <arrangement>alternate</arrangement>
    <bladelength>2 to 4 inches</bladelength>
    <venation>pinnate</venation>
    <fallcharacteristics>not showy</fallcharacteristics>
    <margin>entire, undulate</margin>
    <fallcolor>no color change</fallcolor>
    <persistence>evergreen</persistence>
  </foliage>
  <rangemap>Range Map RM10A11</rangemap>
  <pestresistance>free of serious pests and diseases</pestresistance>
  <lifespan>25 to 50 years</lifespan>
  <culturetolerances>
    <saltspraytolerance>high</saltspraytolerance>
    <soilphtolerance>alkaline, acidic</soilphtolerance>
    <lightrequirements>full sun</lightrequirements>
    <soilsalttolerance>good</soilsalttolerance>
    <droughttolerance>high</droughttolerance>
    <soildrainagetolerance>occasionally wet, well-drained</soildrainagetolerance>
    <soiltexturetolerance>clay, sand, loam</soiltexturetolerance>
  </culturetolerances>
  <flower>
    <season>flowers in summer</season>
    <color>green</color>
    <fragrance>no</fragrance>
    <showiness>not showy</showiness>
  </flower>
  <planttype>tree</planttype>
  <factsheet>ST221</factsheet>
  <use>not recommended</use>
  <usdahardinesszone>10A-11</usdahardinesszone>
  <nativeorigin>
    <nativetonorthamerica>no</nativetonorthamerica>
    <recommendedfordryclimates>no</recommendedfordryclimates>
    <nativefloridacounty>Not Native to Florida</nativefloridacounty>
  </nativeorigin>
  <size>
    <height>25 to 50 feet</height>
    <maturespread>25 to 35 feet</maturespread>
    <maintainableheight>not suitable for clipping</maintainableheight>
    <matureheight>25 to 35 feet</matureheight>
    <spread>25 to 35 feet</spread>
  </size>
  <pestsanddiseases>&lt;p align="center"&gt;&lt;b&gt;&lt;u&gt;Pests and Diseases&lt;/u&gt;&lt;/b&gt;&lt;/p&gt;&lt;p align="left"&gt;

No pests or diseases are of major concern.  Warning:  Use with caution since the tree has become invasive in south Florida.  Commonly used as a street tree in southern California. &lt;/p&gt;</pestsanddiseases>
  <trunkandbranches>
    <currentyeartwigcolor>brown</currentyeartwigcolor>
    <numberoftrunks>typically one trunk</numberoftrunks>
    <pruningrequirement>needed for strong structure</pruningrequirement>
    <showiness>showy</showiness>
    <currentyeartwigthickness>thick</currentyeartwigthickness>
    <trunkandbranchbreakage>resistant</trunkandbranchbreakage>
    <woodspecificgravity>unknown</woodspecificgravity>
    <branchdrooping>branches don't droop</branchdrooping>
    <crownshaft>not applicable</crownshaft>
    <barkthickness>thin bark</barkthickness>
    <thorns>no</thorns>
  </trunkandbranches>
  <fruit>
    <composition>fleshy</composition>
    <attractiontowildlife>attracts birds</attractiontowildlife>
    <edible>no</edible>
    <shape>round, irregular</shape>
    <showiness>not showy</showiness>
    <length>.5 to 1 inch</length>
    <persistant>no</persistant>
    <litter>fruit/leaves a litter problem</litter>
    <color>green, orange</color>
  </fruit>
  <name>
    <listingname>Carrotwood</listingname>
    <family>Sapindaceae</family>
    <pronunciation>koo-pan-nee-OP-sis  an-nuh-kar-dee-OP-sis</pronunciation>
    <species>anacardiopsis</species>
    <genus>Cupaniopsis</genus>
    <commonname>Carrotwood</commonname>
  </name>
  <photographs>
    <entireplant>3136290</entireplant>
    <flower>15761017</flower>
    <fruit>15208577</fruit>
    <other>1799927</other>
    <trunk>13704485</trunk>
  </photographs>
  <crowncanopy>
    <texture>medium</texture>
    <density>moderate</density>
    <shape>round</shape>
    <uniformity>symmetrical</uniformity>
  </crowncanopy>
  <other>
    <verticilliumwilt>susceptible</verticilliumwilt>
    <outstandingtree>no</outstandingtree>
    <winterinterest>yes</winterinterest>
    <invasivepotential>invasive: not recommended</invasivepotential>
    <surfacerooting>not a problem</surfacerooting>
    <availability>generally available</availability>
    <ozonesensitivity>unknown</ozonesensitivity>
  </other>
  <descriptivetext>&lt;p align="center"&gt;&lt;b&gt;&lt;em&gt;Cupaniopsis anacardiopsis &lt;/em&gt;Carrotwood &lt;/b&gt;&lt;/p&gt;&lt;p align="left"&gt;

This compact, single-trunked, evergreen tree has four-inch-long, glossy, dark green, divided leaflets and makes an ideal shade, specimen, patio or poolside tree.  It is popular in many yards and is used as a small to medium-sized street tree spaced about 20 feet apart.  The insignificant small lime-green flowers are followed by 1/2-inch diameter, green fruits which split open to reveal seeds but do not squash or stain.  The seeds germinate in the landscape and may be a litter problem.  There have been some reports of carrotwood becoming invasive along coastal islands of Florida so use caution in planting in these areas.  In addition, the seeds may be disseminated by birds which would make it easy for the tree to spread rapidly into native hammocks. &lt;/p&gt;&lt;p align="left"&gt;

Carrotwood tolerates poor, dry or wet soils, full sun, and hot, salty winds.  It is truly a durable, urban-tolerant tree, able to grow even in confined planting pits in downtown sidewalks.  Perhaps it is best used in these areas.  It is deep-rooting on well-drained soils and will tolerate drought.  Selected, upright branches in the crown can be removed to allow for more light penetration and better turf growth under the crown.  If not, the dense canopy will shade out all but the most shade-tolerant plants.  The wood is bright apricot-colored in cross-section, and resists breakage because it is hard.  If you cut one down, save the wood.  Wood-workers enjoy turning it on a lathe and making spindles and bowls. &lt;/p&gt;&lt;p align="left"&gt;

Propagation is by seed. &lt;/p&gt;</descriptivetext>
  <growthrate>moderate</growthrate>
</tree>