<?xml version="1.0" encoding="UTF-8" standalone="no"?><tree>
  <diseases>&lt;p align="center"&gt;&lt;b&gt;&lt;u&gt;Diseases&lt;/u&gt;&lt;/b&gt;&lt;/p&gt;&lt;p align="left"&gt;

A stem canker has devastated large numbers of Smooth-Barked Arizona Cypress in various parts of the country. &lt;/p&gt;</diseases>
  <planttype>tree</planttype>
  <size>
    <height>50 to 75 feet</height>
    <maturespread>10 to 15 feet</maturespread>
    <maintainableheight>not suitable for clipping</maintainableheight>
    <matureheight>50 to 70 feet</matureheight>
    <spread>10 to 15 feet</spread>
  </size>
  <use>screen, hedge, specimen, bonsai, recommended</use>
  <flower>
    <season>unknown</season>
    <color>unknown</color>
    <fragrance>no</fragrance>
    <showiness>not showy</showiness>
  </flower>
  <other>
    <verticilliumwilt>resistant</verticilliumwilt>
    <outstandingtree>no</outstandingtree>
    <winterinterest>no</winterinterest>
    <invasivepotential>not a problem species</invasivepotential>
    <surfacerooting>not a problem</surfacerooting>
    <availability>somewhat available</availability>
    <ozonesensitivity>unknown</ozonesensitivity>
  </other>
  <fruit>
    <composition>dry or hard</composition>
    <attractiontowildlife>little</attractiontowildlife>
    <edible>no</edible>
    <shape>round</shape>
    <showiness>not showy</showiness>
    <length>less than .5 inch</length>
    <persistant>no</persistant>
    <litter>fruit/leaves not a litter problem</litter>
    <color>brown</color>
  </fruit>
  <factsheet>ST223</factsheet>
  <growthrate>fast</growthrate>
  <crowncanopy>
    <texture>fine</texture>
    <density>dense</density>
    <shape>pyramidal, oval</shape>
    <uniformity>symmetrical</uniformity>
  </crowncanopy>
  <photographs>
    <entireplant>11641990</entireplant>
    <fruit>3176379</fruit>
    <foliage>16279769</foliage>
  </photographs>
  <name>
    <listingname>Smooth-Barked Arizona Cypress, Cypress, Smooth-Barked Arizona</listingname>
    <family>Cupressaceae</family>
    <pronunciation>koo-PRESS-us  GLAY-bruh</pronunciation>
    <species>glabra</species>
    <genus>Cupressus</genus>
    <cultivar>'Carolina Safire'</cultivar>
    <commonname>Smooth-Barked Arizona Cypress</commonname>
  </name>
  <trunkandbranches>
    <currentyeartwigcolor>green</currentyeartwigcolor>
    <numberoftrunks>typically one trunk</numberoftrunks>
    <pruningrequirement>little required</pruningrequirement>
    <showiness>showy</showiness>
    <currentyeartwigthickness>thin</currentyeartwigthickness>
    <trunkandbranchbreakage>susceptible to breakage</trunkandbranchbreakage>
    <woodspecificgravity>unknown</woodspecificgravity>
    <branchdrooping>branches don't droop</branchdrooping>
    <crownshaft>not applicable</crownshaft>
    <barkthickness>thick</barkthickness>
    <thorns>no</thorns>
  </trunkandbranches>
  <rangemap>Range Map RM7A9B</rangemap>
  <descriptivetext>&lt;p align="center"&gt;&lt;b&gt;&lt;em&gt;Cupressus glabra &lt;/em&gt; 'Carolina Safire' &lt;/b&gt;&lt;/p&gt;&lt;p align="center"&gt;&lt;b&gt;Smooth-Barked Arizona Cypress &lt;/b&gt;&lt;/p&gt;&lt;p align="left"&gt;

The species is a native of the American southwest, and is densely clothed in blue/grey leaves and becomes a narrow pyramid, perhaps reaching 50 to 70 feet tall.  Exceptionally tolerant of hot, dry conditions, Smooth-Barked Arizona Cypress is ideal for use as a screen, hedge, or windbreak.  The outer red/brown bark breaks off every year, revealing the fresh, new, bright red, smooth inner bark.  Foliage of `Carolina Safire' is one of the brightest blues you will ever see.  Jump out of the way after planting this cultivar since it springs out of the ground, with young trees growing about six feet each year with irrigation. &lt;/p&gt;&lt;p align="left"&gt;

Smooth-Barked Arizona Cypress should be grown in full sun on well-drained, acid or alkaline soil.  If grown with too much moisture or on a poorly-drained clay, a shallow root system will develop making the tree susceptible to wind damage.  The species was once widely grown in the southeastern U.S. but may perform best in the drier parts of the southwest, including west Texas and Oklahoma. &lt;/p&gt;&lt;p align="left"&gt;

Propagation is by cuttings. &lt;/p&gt;</descriptivetext>
  <pestresistance>sensitive to pests/diseases</pestresistance>
  <foliage>
    <shape>scale-like</shape>
    <summercolor>blue or blue-green</summercolor>
    <spiny>no</spiny>
    <type>simple</type>
    <arrangement>opposite/subopposite</arrangement>
    <bladelength>less than 2 inches</bladelength>
    <venation>none, or difficult to see</venation>
    <fallcharacteristics>not showy</fallcharacteristics>
    <margin>entire</margin>
    <fallcolor>no color change</fallcolor>
    <persistence>evergreen</persistence>
  </foliage>
  <pests>&lt;p align="center"&gt;&lt;b&gt;&lt;u&gt;Pests&lt;/u&gt;&lt;/b&gt;&lt;/p&gt;&lt;p align="left"&gt;

No pests are of major concern. &lt;/p&gt;</pests>
  <usdahardinesszone>7A-9B</usdahardinesszone>
  <culturetolerances>
    <saltspraytolerance>unknown</saltspraytolerance>
    <soilphtolerance>alkaline, acidic</soilphtolerance>
    <lightrequirements>full sun</lightrequirements>
    <soilsalttolerance>unknown</soilsalttolerance>
    <droughttolerance>high</droughttolerance>
    <soildrainagetolerance>well-drained</soildrainagetolerance>
    <soiltexturetolerance>clay, sand, loam</soiltexturetolerance>
  </culturetolerances>
  <nativeorigin>
    <nativestate>Native But State Unknown</nativestate>
    <nativetonorthamerica>yes</nativetonorthamerica>
    <recommendedfordryclimates>yes</recommendedfordryclimates>
    <nativefloridacounty>Not Native to Florida</nativefloridacounty>
  </nativeorigin>
  <lifespan>more than 50 years</lifespan>
</tree>