<?xml version="1.0" encoding="UTF-8" standalone="no"?><tree>
  <diseases>&lt;p align="center"&gt;&lt;b&gt;&lt;u&gt;Diseases&lt;/u&gt;&lt;/b&gt;&lt;/p&gt;&lt;p align="left"&gt;

Juniper blight, especially in cool, humid regions. &lt;/p&gt;&lt;p align="left"&gt;

A stem canker has devastated large numbers of trees in various parts of the country. &lt;/p&gt;</diseases>
  <planttype>tree</planttype>
  <size>
    <height>25 to 50 feet</height>
    <maturespread>15 to 25 feet</maturespread>
    <maintainableheight>not suitable for clipping</maintainableheight>
    <matureheight>30 to 40 feet</matureheight>
    <spread>15 to 25 feet</spread>
  </size>
  <use>specimen, screen, recommended</use>
  <flower>
    <season>flowers in spring</season>
    <color>yellow</color>
    <fragrance>no</fragrance>
    <showiness>not showy</showiness>
  </flower>
  <other>
    <verticilliumwilt>resistant</verticilliumwilt>
    <outstandingtree>no</outstandingtree>
    <winterinterest>no</winterinterest>
    <invasivepotential>native to North America</invasivepotential>
    <surfacerooting>not a problem</surfacerooting>
    <availability>somewhat available</availability>
    <ozonesensitivity>unknown</ozonesensitivity>
  </other>
  <fruit>
    <composition>dry or hard</composition>
    <attractiontowildlife>little</attractiontowildlife>
    <edible>no</edible>
    <shape>round</shape>
    <showiness>not showy</showiness>
    <length>.5 to 1 inch</length>
    <persistant>yes</persistant>
    <litter>fruit/leaves not a litter problem</litter>
    <color>brown</color>
  </fruit>
  <factsheet>ST222</factsheet>
  <growthrate>moderate</growthrate>
  <crowncanopy>
    <texture>fine</texture>
    <density>dense</density>
    <shape>columnar, pyramidal</shape>
    <uniformity>symmetrical</uniformity>
  </crowncanopy>
  <photographs>
    <entireplant>9535308</entireplant>
    <other>7589910</other>
    <foliage>11501695</foliage>
    <trunk>3159925</trunk>
  </photographs>
  <name>
    <listingname>Arizona Cypress, Cypress, Arizona</listingname>
    <family>Cupressaceae</family>
    <pronunciation>koo-PRESS-us  air-ih-ZAWN-ih-kuh  variety  air-ih-ZAWN-ih-kuh</pronunciation>
    <species>arizonica var. arizonica</species>
    <genus>Cupressus</genus>
    <commonname>Arizona Cypress</commonname>
  </name>
  <trunkandbranches>
    <currentyeartwigcolor>green</currentyeartwigcolor>
    <numberoftrunks>typically one trunk</numberoftrunks>
    <pruningrequirement>little required</pruningrequirement>
    <showiness>showy</showiness>
    <currentyeartwigthickness>thin</currentyeartwigthickness>
    <trunkandbranchbreakage>susceptible to breakage</trunkandbranchbreakage>
    <woodspecificgravity>unknown</woodspecificgravity>
    <branchdrooping>branches don't droop</branchdrooping>
    <crownshaft>not applicable</crownshaft>
    <barkthickness>thick</barkthickness>
    <thorns>no</thorns>
  </trunkandbranches>
  <rangemap>Range Map RM7A9B</rangemap>
  <descriptivetext>&lt;p align="center"&gt;&lt;b&gt;&lt;em&gt;Cupressus arizonica &lt;/em&gt; var.  &lt;em&gt;arizonica &lt;/em&gt;Arizona Cypress &lt;/b&gt;&lt;/p&gt;&lt;p align="left"&gt;

This rapidly-growing North American native evergreen reaches 30 to 40 feet in height with a 15 to 25-foot-spread.  It is referred to as  &lt;em&gt;Cupressus glabra &lt;/em&gt; by some botanists. The green foliage has a silver/gray shimmer and the branches are more open than most other species of juniper.  The inconspicuous flowers are followed by small, one-inch cones which persist on the tree.  The peeling brown bark becomes gray with age.  Arizona Cypress is often used as a specimen or windbreak planting and is a common sight in west Texas and the southern High Plains where it tolerates the hot, dry conditions with ease. &lt;/p&gt;&lt;p align="left"&gt;

It can be found growing with a single trunk or in clumps.  It is probably best used in landscapes which are not irrigated since it is susceptible to Juniper blight.  Many locations in the eastern part of the country are too humid to successfully grow this tree.  It is most often found in the west and in the drier parts of Texas and Oklahoma. &lt;/p&gt;&lt;p align="left"&gt;

Arizona Cypress should be grown in full sun on well-drained soil.  Although it will tolerate clay soil, the shallow roots will not gain as secure an anchor as they might in other soils and the tree may, as a result, topple over during wind and rainstorms. &lt;/p&gt;&lt;p align="left"&gt;

Cultivars of  &lt;em&gt;Cupressus arizonica &lt;/em&gt; include:  `Compacta', low, conical; `Gareei', silver blue foliage; `Glauca', leaves silvery-grey; `Greenwood', medium silver/grey/green; `Oblonga', horizontal branches, producing oblong effect, leaves grey/green; `Verhalenii', leaves bright glaucous-blue, softer and more graceful than wild forms; `Watersii', narrowly pyramidal, compact. &lt;/p&gt;&lt;p align="left"&gt;

Propagation is by seed or grafting. &lt;/p&gt;</descriptivetext>
  <pestresistance>sensitive to pests/diseases</pestresistance>
  <foliage>
    <shape>scale-like</shape>
    <summercolor>green, blue or blue-green</summercolor>
    <spiny>no</spiny>
    <type>simple</type>
    <arrangement>opposite/subopposite</arrangement>
    <bladelength>less than 2 inches</bladelength>
    <venation>none, or difficult to see</venation>
    <fallcharacteristics>not showy</fallcharacteristics>
    <margin>entire</margin>
    <fallcolor>no color change</fallcolor>
    <persistence>evergreen</persistence>
  </foliage>
  <pests>&lt;p align="center"&gt;&lt;b&gt;&lt;u&gt;Pests&lt;/u&gt;&lt;/b&gt;&lt;/p&gt;&lt;p align="left"&gt;

Bagworms. &lt;/p&gt;</pests>
  <usdahardinesszone>7A-9B</usdahardinesszone>
  <culturetolerances>
    <saltspraytolerance>unknown</saltspraytolerance>
    <soilphtolerance>acidic, alkaline</soilphtolerance>
    <lightrequirements>full sun</lightrequirements>
    <soilsalttolerance>unknown</soilsalttolerance>
    <droughttolerance>high</droughttolerance>
    <soildrainagetolerance>well-drained</soildrainagetolerance>
    <soiltexturetolerance>sand, loam</soiltexturetolerance>
  </culturetolerances>
  <nativeorigin>
    <nativestate>Native But State Unknown</nativestate>
    <nativetonorthamerica>yes</nativetonorthamerica>
    <recommendedfordryclimates>yes</recommendedfordryclimates>
    <nativefloridacounty>Not Native to Florida</nativefloridacounty>
  </nativeorigin>
  <lifespan>25 to 50 years</lifespan>
</tree>