<?xml version="1.0" encoding="UTF-8" standalone="no"?><tree>
  <factsheet>ST226</factsheet>
  <descriptivetext>&lt;p align="center"&gt;&lt;b&gt;&lt;em&gt;Cupressus sempervirens &lt;/em&gt; `Glauca' `Glauca' Italian Cypress &lt;/b&gt;&lt;/p&gt;&lt;p align="left"&gt;

With its narrow columnar habit of growth, this evergreen forms tall, dark green columns 25 to 40 feet in height but are often shorter in the east.  `Glauca' has blue-green foliage and tight columnar form.  Trees are normally no more than three feet wide.  The scale-like leaves lend a very fine texture to any setting.  Planted three feet apart, they make a dense screen.  Italian Cypress is often used for framing, as a strong accent around large buildings, or in the formal landscape but does not lend itself well to many home landscapes.  It quickly grows much too tall for most residential landscapes, looking much like a green telephone pole. &lt;/p&gt;&lt;p align="left"&gt;

Growing in full sun on various well-drained soils, Italian Cypress should be planted in a well-prepared site and watered periodically until well-established.  Italian Cypress should not be pruned.  It is very susceptible to mites and trees are often infested. &lt;/p&gt;&lt;p align="left"&gt;

Many cultivars are available:  `Stricta' is very popular; `Horizontalis' has horizontally-spreading branches. &lt;/p&gt;&lt;p align="left"&gt;

Propagation is by cuttings or layering. &lt;/p&gt;</descriptivetext>
  <pests>&lt;p align="center"&gt;&lt;b&gt;&lt;u&gt;Pests&lt;/u&gt;&lt;/b&gt;&lt;/p&gt;&lt;p align="left"&gt;

Bagworms are occasionally a problem for Italian Cypress.  Mites are often a problem. &lt;/p&gt;</pests>
  <culturetolerances>
    <saltspraytolerance>moderate</saltspraytolerance>
    <soilphtolerance>acidic, alkaline</soilphtolerance>
    <lightrequirements>full sun</lightrequirements>
    <soilsalttolerance>good</soilsalttolerance>
    <droughttolerance>high</droughttolerance>
    <soildrainagetolerance>well-drained</soildrainagetolerance>
    <soiltexturetolerance>sand, loam, clay</soiltexturetolerance>
  </culturetolerances>
  <trunkandbranches>
    <currentyeartwigcolor>brown, gray</currentyeartwigcolor>
    <numberoftrunks>typically one trunk</numberoftrunks>
    <pruningrequirement>little required</pruningrequirement>
    <showiness>not showy</showiness>
    <currentyeartwigthickness>thin</currentyeartwigthickness>
    <trunkandbranchbreakage>resistant</trunkandbranchbreakage>
    <woodspecificgravity>unknown</woodspecificgravity>
    <branchdrooping>branches don't droop</branchdrooping>
    <crownshaft>not applicable</crownshaft>
    <barkthickness>thick</barkthickness>
    <thorns>no</thorns>
  </trunkandbranches>
  <note>Photos are of Species</note>
  <name>
    <listingname>'Glauca' Italian Cypress, Cypress, 'Glauca' Italian</listingname>
    <family>Cupressaceae</family>
    <pronunciation>koo-PRESS-us  sem-per-VYE-renz</pronunciation>
    <species>sempervirens</species>
    <genus>Cupressus</genus>
    <cultivar>'Glauca'</cultivar>
    <commonname>'Glauca' Italian Cypress</commonname>
  </name>
  <usdahardinesszone>7B-11</usdahardinesszone>
  <diseases>&lt;p align="center"&gt;&lt;b&gt;&lt;u&gt;Diseases&lt;/u&gt;&lt;/b&gt;&lt;/p&gt;&lt;p align="left"&gt;

Root rot can be a problem for Italian Cypress in poorly-drained soil.  Canker has killed many trees in California. &lt;/p&gt;</diseases>
  <nativeorigin>
    <nativetonorthamerica>no</nativetonorthamerica>
    <recommendedfordryclimates>no</recommendedfordryclimates>
    <nativefloridacounty>Not Native to Florida</nativefloridacounty>
  </nativeorigin>
  <use>screen, recommended</use>
  <growthrate>moderate</growthrate>
  <planttype>tree</planttype>
  <rangemap>Range Map RM7B11</rangemap>
  <foliage>
    <shape>scale-like</shape>
    <summercolor>green, blue or blue-green</summercolor>
    <spiny>no</spiny>
    <type>simple</type>
    <arrangement>whorled</arrangement>
    <bladelength>less than 2 inches</bladelength>
    <venation>none, or difficult to see</venation>
    <fallcharacteristics>not showy</fallcharacteristics>
    <margin>entire</margin>
    <fallcolor>no color change</fallcolor>
    <persistence>evergreen</persistence>
  </foliage>
  <flower>
    <season>unknown</season>
    <color>unknown</color>
    <fragrance>no</fragrance>
    <showiness>not showy</showiness>
  </flower>
  <pestresistance>sensitive to pests/diseases</pestresistance>
  <lifespan>25 to 50 years</lifespan>
  <fruit>
    <composition>dry or hard</composition>
    <attractiontowildlife>little</attractiontowildlife>
    <edible>no</edible>
    <shape>oval</shape>
    <showiness>not showy</showiness>
    <length>.5 to 1 inch</length>
    <persistant>no</persistant>
    <litter>fruit/leaves not a litter problem</litter>
    <color>brown</color>
  </fruit>
  <size>
    <height>25 to 50 feet</height>
    <maturespread>3 to 6 feet</maturespread>
    <maintainableheight>not suitable for clipping</maintainableheight>
    <matureheight>25 to 40 feet</matureheight>
    <spread>6 to 10 feet</spread>
  </size>
  <other>
    <verticilliumwilt>resistant</verticilliumwilt>
    <outstandingtree>no</outstandingtree>
    <winterinterest>no</winterinterest>
    <invasivepotential>not assessed or incomplete data</invasivepotential>
    <surfacerooting>not a problem</surfacerooting>
    <availability>somewhat available</availability>
    <ozonesensitivity>unknown</ozonesensitivity>
  </other>
  <crowncanopy>
    <texture>fine</texture>
    <density>dense</density>
    <shape>columnar</shape>
    <uniformity>symmetrical</uniformity>
  </crowncanopy>
  <photographs>
  </photographs>
</tree>