<?xml version="1.0" encoding="UTF-8" standalone="no"?><tree>
  <foliage>
    <shape>orbiculate, elliptic (oval)</shape>
    <summercolor>green</summercolor>
    <spiny>no</spiny>
    <type>odd-pinnately compound</type>
    <arrangement>alternate</arrangement>
    <bladelength>2 to 4 inches</bladelength>
    <venation>pinnate, brachidodrome</venation>
    <fallcharacteristics>not showy</fallcharacteristics>
    <margin>entire</margin>
    <fallcolor>no color change</fallcolor>
    <persistence>semi-evergreen</persistence>
  </foliage>
  <rangemap>Range Map RM10A11</rangemap>
  <pestresistance>free of serious pests and diseases</pestresistance>
  <lifespan>less than 25 years</lifespan>
  <culturetolerances>
    <saltspraytolerance>low</saltspraytolerance>
    <soilphtolerance>acidic</soilphtolerance>
    <lightrequirements>full sun, partial sun or partial shade</lightrequirements>
    <soilsalttolerance>unknown</soilsalttolerance>
    <droughttolerance>moderate</droughttolerance>
    <soildrainagetolerance>occasionally wet, well-drained</soildrainagetolerance>
    <soiltexturetolerance>clay, sand, loam</soiltexturetolerance>
  </culturetolerances>
  <flower>
    <season>flowers in spring</season>
    <color>white/cream/gray</color>
    <fragrance>pleasant</fragrance>
    <showiness>not showy</showiness>
  </flower>
  <planttype>tree</planttype>
  <factsheet>ST227</factsheet>
  <use>shade, street without sidewalk, tree lawn 4-6 feet wide, tree lawn &gt; 6 ft wide, parking lot island 100-200 sq ft, parking lot island &gt; 200 sq ft, urban tolerant</use>
  <usdahardinesszone>10A-11</usdahardinesszone>
  <nativeorigin>
    <nativetonorthamerica>no</nativetonorthamerica>
    <recommendedfordryclimates>no</recommendedfordryclimates>
    <nativefloridacounty>Not Native to Florida</nativefloridacounty>
  </nativeorigin>
  <size>
    <height>50 to 75 feet</height>
    <maturespread>30 to 40 feet</maturespread>
    <maintainableheight>not suitable for clipping</maintainableheight>
    <matureheight>45 to 60 feet</matureheight>
    <spread>35 to 50 feet</spread>
  </size>
  <pestsanddiseases>&lt;p align="center"&gt;&lt;b&gt;&lt;u&gt;Pests and Diseases&lt;/u&gt;&lt;/b&gt;&lt;/p&gt;&lt;p align="left"&gt;

No pests or diseases are of major concern.  Magnesium deficiency is common. &lt;/p&gt;</pestsanddiseases>
  <trunkandbranches>
    <currentyeartwigcolor>green, brown</currentyeartwigcolor>
    <numberoftrunks>typically one trunk</numberoftrunks>
    <pruningrequirement>needed for strong structure</pruningrequirement>
    <showiness>not showy</showiness>
    <currentyeartwigthickness>thin, medium</currentyeartwigthickness>
    <trunkandbranchbreakage>susceptible to breakage</trunkandbranchbreakage>
    <woodspecificgravity>unknown</woodspecificgravity>
    <branchdrooping>branches droop</branchdrooping>
    <crownshaft>not applicable</crownshaft>
    <barkthickness>thin bark</barkthickness>
    <thorns>no</thorns>
  </trunkandbranches>
  <fruit>
    <composition>dry or hard</composition>
    <attractiontowildlife>little</attractiontowildlife>
    <edible>no</edible>
    <shape>pod or pod-like, elongated</shape>
    <showiness>not showy</showiness>
    <length>1 to 3 inches, 3 to 6 inches</length>
    <persistant>yes</persistant>
    <litter>fruit/leaves not a litter problem</litter>
    <color>brown</color>
  </fruit>
  <name>
    <listingname>Indian Rosewood, Rosewood, Indian</listingname>
    <family>Leguminosae</family>
    <pronunciation>dal-BERG-ee-uh  SIS-oo</pronunciation>
    <species>sissoo</species>
    <genus>Dalbergia</genus>
    <commonname>Indian Rosewood</commonname>
  </name>
  <photographs>
    <entireplant>3777704</entireplant>
    <foliage>10363617</foliage>
    <trunk>309440</trunk>
  </photographs>
  <crowncanopy>
    <texture>medium</texture>
    <density>open</density>
    <shape>oval</shape>
    <uniformity>irregular</uniformity>
  </crowncanopy>
  <other>
    <verticilliumwilt>unknown</verticilliumwilt>
    <outstandingtree>no</outstandingtree>
    <winterinterest>no</winterinterest>
    <invasivepotential>not assessed or incomplete data</invasivepotential>
    <surfacerooting>can form large surface roots</surfacerooting>
    <availability>generally available</availability>
    <ozonesensitivity>unknown</ozonesensitivity>
  </other>
  <descriptivetext>&lt;p align="center"&gt;&lt;b&gt;&lt;em&gt;Dalbergia sissoo &lt;/em&gt;Indian Rosewood &lt;/b&gt;&lt;/p&gt;&lt;p align="left"&gt;

A handsome specimen, shade, framing, or street tree, easily-grown semi-evergreen Indian Rosewood has delicate, light green, oval pointed leaflets and can quickly reach 60 feet in height with a 40-foot spread.  The inconspicuous, very fragrant, white flowers are followed by slender, flat, brown, one to four-seeded pods.  The trunks yield a prized cabinet wood for fine furniture and the Rosewood genus is an important timber tree in India.  There are many  &lt;em&gt;Dalbergia &lt;/em&gt; spp. grown in the tropical regions of the world for veneer and lumber.  Though the wood is beautiful, the tree has a reputation for being brittle.  Some of this may be due to improper pruning practices or inadequate training when the tree is young.  Be sure that lateral branches remain smaller than two-thirds the trunk diameter to help ensure good tree structure.  Remove branches with embedded bark in favor of those with strong, `U'-shaped crotches.  This could help keep the tree together in windstorms. &lt;/p&gt;&lt;p align="left"&gt;

Growing quickly in full sun or high shifting shade, Indian Rosewood will thrive on a variety of soils types, from dry to wet but is not particularly salt-tolerant.  Young plants should be watered until well-established.  Plants train easily into a well-formed single leader tree, which is desirable in urban landscapes.  Sprouts often develop from the roots and become a maintenance problem and roots often lift sidewalks if planted too close.  Surface roots often grow large in diameter and can become a nuisance.  A number of horticulturists consider this to be a nuisance tree.  The tree casts light shade due to the open canopy. &lt;/p&gt;&lt;p align="left"&gt;

Propagation is by seed, which germinates better if planted when still within the pod. &lt;/p&gt;</descriptivetext>
  <growthrate>fast</growthrate>
</tree>