<?xml version="1.0" encoding="UTF-8" standalone="no"?><tree>
  <foliage>
    <shape>oblong</shape>
    <summercolor>green</summercolor>
    <spiny>no</spiny>
    <type>bipinnately compound</type>
    <arrangement>alternate</arrangement>
    <bladelength>less than 2 inches</bladelength>
    <venation>unknown</venation>
    <fallcharacteristics>not showy</fallcharacteristics>
    <margin>entire</margin>
    <fallcolor>no color change</fallcolor>
    <persistence>semi-evergreen</persistence>
  </foliage>
  <rangemap>Range Map RM10B11</rangemap>
  <pestresistance>resistant to pests/diseases</pestresistance>
  <lifespan>25 to 50 years</lifespan>
  <culturetolerances>
    <saltspraytolerance>low</saltspraytolerance>
    <soilphtolerance>alkaline, acidic</soilphtolerance>
    <lightrequirements>full sun</lightrequirements>
    <soilsalttolerance>unknown</soilsalttolerance>
    <droughttolerance>high</droughttolerance>
    <soildrainagetolerance>well-drained</soildrainagetolerance>
    <soiltexturetolerance>clay, sand, loam</soiltexturetolerance>
  </culturetolerances>
  <flower>
    <season>flowers in summer</season>
    <color>red, orange</color>
    <fragrance>no</fragrance>
    <showiness>very showy</showiness>
  </flower>
  <planttype>tree</planttype>
  <factsheet>ST228</factsheet>
  <use>street without sidewalk, specimen, shade, reclamation, urban tolerant</use>
  <usdahardinesszone>10B-11</usdahardinesszone>
  <nativeorigin>
    <nativetonorthamerica>no</nativetonorthamerica>
    <recommendedfordryclimates>no</recommendedfordryclimates>
    <nativefloridacounty>Not Native to Florida</nativefloridacounty>
  </nativeorigin>
  <size>
    <height>25 to 50 feet</height>
    <maturespread>40 to 60 feet</maturespread>
    <maintainableheight>not suitable for clipping</maintainableheight>
    <matureheight>35 to 40 feet</matureheight>
    <spread>over 50 feet</spread>
  </size>
  <pestsanddiseases>&lt;p align="center"&gt;&lt;b&gt;&lt;u&gt;Pests and Diseases&lt;/u&gt;&lt;/b&gt;&lt;/p&gt;&lt;p align="left"&gt;

No pests or diseases are of major concern although caterpillars can eat some foliage.  There is a root fungus which can kill a weakened tree. &lt;/p&gt;</pestsanddiseases>
  <trunkandbranches>
    <currentyeartwigcolor>green, brown</currentyeartwigcolor>
    <numberoftrunks>typically multi-trunked</numberoftrunks>
    <pruningrequirement>needed for strong structure</pruningrequirement>
    <showiness>not showy</showiness>
    <currentyeartwigthickness>medium, thick</currentyeartwigthickness>
    <trunkandbranchbreakage>susceptible to breakage</trunkandbranchbreakage>
    <woodspecificgravity>unknown</woodspecificgravity>
    <branchdrooping>branches droop</branchdrooping>
    <crownshaft>not applicable</crownshaft>
    <barkthickness>thick</barkthickness>
    <thorns>no</thorns>
  </trunkandbranches>
  <fruit>
    <composition>dry or hard</composition>
    <attractiontowildlife>little</attractiontowildlife>
    <edible>no</edible>
    <shape>elongated, pod or pod-like</shape>
    <showiness>showy</showiness>
    <length>12 inches or more</length>
    <persistant>yes</persistant>
    <litter>fruit/leaves a litter problem</litter>
    <color>brown</color>
  </fruit>
  <name>
    <listingname>Royal Poinciana, Poinciana, Royal</listingname>
    <family>Leguminosae</family>
    <pronunciation>dee-LOE-nicks  REE-jee-uh</pronunciation>
    <species>regia</species>
    <genus>Delonix</genus>
    <commonname>Royal Poinciana</commonname>
  </name>
  <photographs>
    <spring>1383782</spring>
    <entireplant>9771492</entireplant>
    <flower>10119506</flower>
    <foliage>8222075</foliage>
    <trunk>7182117</trunk>
  </photographs>
  <crowncanopy>
    <texture>fine</texture>
    <density>moderate</density>
    <shape>vase, spreading</shape>
    <uniformity>symmetrical</uniformity>
  </crowncanopy>
  <other>
    <verticilliumwilt>unknown</verticilliumwilt>
    <outstandingtree>yes</outstandingtree>
    <winterinterest>no</winterinterest>
    <invasivepotential>invasive: not recommended</invasivepotential>
    <surfacerooting>can form large surface roots</surfacerooting>
    <availability>generally available</availability>
    <ozonesensitivity>unknown</ozonesensitivity>
  </other>
  <descriptivetext>&lt;p align="center"&gt;&lt;b&gt;&lt;em&gt;Delonix regia &lt;/em&gt;Royal Poinciana &lt;/b&gt;&lt;/p&gt;&lt;p align="left"&gt;

This many-branched, broad, spreading, flat-crowned deciduous tree is well-known for its brilliant display of red-orange bloom, literally covering the tree tops from May to July.  There is nothing like a Royal Poinciana (or better yet, a group of them) in full bloom.  The fine, soft, delicate leaflets afford dappled shade during the remainder of the growing season, making Royal Poinciana a favorite shade tree or freestanding specimens in large, open lawns.  The tree is often broader than tall, growing about 40 feet high and 60 feet wide.  Trunks can become as large as 50 inches or more in diameter.  Eighteen-inch-long, dark brown seed pods hang on the tree throughout the winter, then fall on the ground in spring creating a nuisance. &lt;/p&gt;&lt;p align="left"&gt;

Royal Poinciana will provide fullest flowering and best growth when planted in full sun locations.  Tolerant of a wide variety of soils and conditions, Royal Poinciana needs to be well-watered until established, then only during the severest droughts.  Grass grows poorly beneath poinciana.  Do not plant closer than about 10 feet from pavement or sidewalks, since large surface roots often grow beneath them and can destroy them.  Early pruning is required to encourage development of branches which are well-attached to the trunk.  This will help compensate for the weak wood.  Train the tree so the major limbs are located 8 to 12 feet from the ground to allow for adequate clearance beneath the tree.  To develop a strong, durable tree, prune major limbs to prevent them from growing to more than half the diameter of the trunk. &lt;/p&gt;&lt;p align="left"&gt;

Propagation is by seed. &lt;/p&gt;</descriptivetext>
  <growthrate>fast</growthrate>
</tree>