<?xml version="1.0" encoding="UTF-8" standalone="no"?><tree>
  <other>
    <verticilliumwilt>unknown</verticilliumwilt>
    <outstandingtree>no</outstandingtree>
    <winterinterest>no</winterinterest>
    <invasivepotential>not assessed or incomplete data</invasivepotential>
    <surfacerooting>not a problem</surfacerooting>
    <availability>rarely available</availability>
    <ozonesensitivity>unknown</ozonesensitivity>
  </other>
  <fruit>
    <composition>fleshy</composition>
    <attractiontowildlife>attracts squirrels/mammals</attractiontowildlife>
    <edible>yes</edible>
    <shape>oval, round</shape>
    <showiness>showy</showiness>
    <length>3 to 6 inches</length>
    <persistant>no</persistant>
    <litter>fruit/leaves a litter problem</litter>
    <color>brown</color>
  </fruit>
  <foliage>
    <shape>elliptic (oval), obovate</shape>
    <summercolor>green</summercolor>
    <spiny>no</spiny>
    <type>simple</type>
    <arrangement>alternate</arrangement>
    <bladelength>4 to 8 inches</bladelength>
    <venation>pinnate, brachidodrome, reticulate</venation>
    <fallcharacteristics>not showy</fallcharacteristics>
    <margin>entire</margin>
    <fallcolor>no color change</fallcolor>
    <persistence>evergreen</persistence>
  </foliage>
  <crowncanopy>
    <texture>medium</texture>
    <density>dense</density>
    <shape>oval, pyramidal</shape>
    <uniformity>symmetrical</uniformity>
  </crowncanopy>
  <trunkandbranches>
    <currentyeartwigcolor>green</currentyeartwigcolor>
    <numberoftrunks>typically one trunk</numberoftrunks>
    <pruningrequirement>needed for strong structure</pruningrequirement>
    <showiness>not showy</showiness>
    <currentyeartwigthickness>medium</currentyeartwigthickness>
    <trunkandbranchbreakage>resistant</trunkandbranchbreakage>
    <woodspecificgravity>unknown</woodspecificgravity>
    <branchdrooping>branches droop</branchdrooping>
    <crownshaft>not applicable</crownshaft>
    <barkthickness>thick</barkthickness>
    <thorns>no</thorns>
  </trunkandbranches>
  <planttype>tree</planttype>
  <use>shade, specimen, fruit, recommended</use>
  <lifespan>more than 50 years</lifespan>
  <size>
    <height>25 to 50 feet</height>
    <maturespread>20 to 25 feet</maturespread>
    <maintainableheight>not suitable for clipping</maintainableheight>
    <matureheight>30 to 35 feet</matureheight>
    <spread>15 to 25 feet</spread>
  </size>
  <culturetolerances>
    <saltspraytolerance>low</saltspraytolerance>
    <soilphtolerance>acidic, alkaline</soilphtolerance>
    <lightrequirements>full sun</lightrequirements>
    <soilsalttolerance>unknown</soilsalttolerance>
    <droughttolerance>moderate</droughttolerance>
    <soildrainagetolerance>well-drained</soildrainagetolerance>
    <soiltexturetolerance>clay, sand, loam</soiltexturetolerance>
  </culturetolerances>
  <usdahardinesszone>10B-11</usdahardinesszone>
  <pestresistance>resistant to pests/diseases</pestresistance>
  <growthrate>fast</growthrate>
  <photographs>
    <entireplant>7276031</entireplant>
    <other>15743313</other>
    <foliage>12442710</foliage>
  </photographs>
  <flower>
    <season>flowers in spring</season>
    <color>green, yellow</color>
    <fragrance>pleasant</fragrance>
    <showiness>not showy</showiness>
  </flower>
  <name>
    <listingname>Black Sapote, Sapote, Black</listingname>
    <family>Ebenaceae</family>
    <pronunciation>dye-OSS-pih-ross  DIG-nee-uh</pronunciation>
    <species>digyna</species>
    <genus>Diospyros</genus>
    <commonname>Black Sapote</commonname>
  </name>
  <rangemap>Range Map RM10B11</rangemap>
  <nativeorigin>
    <nativetonorthamerica>no</nativetonorthamerica>
    <recommendedfordryclimates>no</recommendedfordryclimates>
    <nativefloridacounty>Not Native to Florida</nativefloridacounty>
  </nativeorigin>
</tree>