<?xml version="1.0" encoding="UTF-8" standalone="no"?><tree>
  <diseases>&lt;p align="center"&gt;&lt;b&gt;&lt;u&gt;Diseases&lt;/u&gt;&lt;/b&gt;&lt;/p&gt;&lt;p align="left"&gt;

Common Persimmon is troubled by a leaf-spot disease that may limit its use in the South.  This disease causes black spots on the leaves and premature defoliation, sometimes in August in the north, September in the south.  It will not kill the tree but the litter from early defoliation may be objectionable. &lt;/p&gt;&lt;p align="left"&gt;

It is also susceptible to a vascular wilt which can be devastating to established trees. &lt;/p&gt;</diseases>
  <planttype>tree</planttype>
  <size>
    <height>25 to 50 feet</height>
    <maturespread>20 to 35 feet</maturespread>
    <maintainableheight>not suitable for clipping</maintainableheight>
    <matureheight>40 to 60 feet</matureheight>
    <spread>15 to 25 feet</spread>
  </size>
  <use>fruit, reclamation, specimen, urban tolerant, highway median, bonsai, recommended</use>
  <flower>
    <season>flowers in spring</season>
    <color>white/cream/gray</color>
    <fragrance>no</fragrance>
    <showiness>not showy</showiness>
  </flower>
  <other>
    <verticilliumwilt>susceptible</verticilliumwilt>
    <outstandingtree>no</outstandingtree>
    <winterinterest>yes</winterinterest>
    <invasivepotential>native to North America</invasivepotential>
    <surfacerooting>not a problem</surfacerooting>
    <availability>somewhat available</availability>
    <ozonesensitivity>unknown</ozonesensitivity>
  </other>
  <fruit>
    <composition>fleshy</composition>
    <attractiontowildlife>attracts squirrels/mammals</attractiontowildlife>
    <edible>yes</edible>
    <shape>round</shape>
    <showiness>showy</showiness>
    <length>1 to 3 inches</length>
    <persistant>yes</persistant>
    <litter>fruit/leaves a litter problem</litter>
    <color>orange</color>
  </fruit>
  <factsheet>ST231</factsheet>
  <growthrate>moderate</growthrate>
  <crowncanopy>
    <texture>medium</texture>
    <density>moderate</density>
    <shape>oval, pyramidal</shape>
    <uniformity>irregular</uniformity>
  </crowncanopy>
  <photographs>
    <foliage>11476572</foliage>
    <trunk>15279690</trunk>
    <spring>13519589</spring>
    <other>5174368</other>
    <fall>810147</fall>
    <entireplant>6056942</entireplant>
  </photographs>
  <name>
    <listingname>Common Persimmon, Persimmon, Common</listingname>
    <family>Ebenaceae</family>
    <pronunciation>dye-OSS-pih-ross  ver-jin-nee-AY-nuh</pronunciation>
    <species>virginiana</species>
    <genus>Diospyros</genus>
    <commonname>Common Persimmon</commonname>
  </name>
  <trunkandbranches>
    <currentyeartwigcolor>gray, reddish, brown</currentyeartwigcolor>
    <numberoftrunks>typically one trunk</numberoftrunks>
    <pruningrequirement>little required</pruningrequirement>
    <showiness>showy</showiness>
    <currentyeartwigthickness>thin</currentyeartwigthickness>
    <trunkandbranchbreakage>resistant</trunkandbranchbreakage>
    <woodspecificgravity>0.79</woodspecificgravity>
    <branchdrooping>branches droop</branchdrooping>
    <crownshaft>not applicable</crownshaft>
    <barkthickness>thick</barkthickness>
    <thorns>no</thorns>
  </trunkandbranches>
  <rangemap>Range Map RM4B9B</rangemap>
  <descriptivetext>&lt;p align="center"&gt;&lt;b&gt;&lt;em&gt;Diospyros virginiana &lt;/em&gt;Common Persimmon &lt;/b&gt;&lt;/p&gt;&lt;p align="left"&gt;

An excellent small to medium tree, Common Persimmon is an interesting, somewhat irregularly-shaped native tree, for possible naturalizing in yards or parks.  Bark is grey or black and distinctly blocky with orange in the valleys between the blocks.  Fall color can be a spectacular red in USDA hardiness zones 4 through 8a.  It is well adapted to cities, but presents a problem with fruit litter, attracting flies and scavengers, such as opossums and other mammals.  Its mature height can be 60 feet, with branches spreading from 20 to 35 feet and a trunk two feet thick, but it is commonly much shorter in landscapes.  The trunk typically ascends up through the crown in a curved but very dominant fashion, rarely producing double or multiple leaders.  Lateral branches are typically much smaller in diameter than the trunk. &lt;/p&gt;&lt;p align="left"&gt;

Common Persimmon prefers moist, well-drained, bottomland or sandy soils but is also very drought- and urban-tolerant.  Truly an amazing tree in its adaptability to about any site conditions, including alkaline soil.  It is seen colonizing old fields as a volunteer tree but grows slowly on dry sites.  Its fruit is an edible berry that usually ripens after frost, although some cultivars do not require the frost treatment to ripen.  Before ripening, however, the fruit is decidedly astringent and not edible.  Most American cultivars require both male and female trees for proper fruiting.   &lt;/p&gt;&lt;p align="left"&gt;

Except for cleaning up the messy fruit if it falls on a patio or sidewalk, Common Persimmon maintenance is quite easy and it could be planted more.  Locate it where the slimy fruit will not fall on sidewalks and cause people to slip and fall.  Because transplantation is difficult due to a coarsely-branched root system, Persimmon trees should be balled and burlapped when young or planted from containers.  The wood is used for golf club heads and is very hard and almost black. &lt;/p&gt;&lt;p align="left"&gt;

The variety  &lt;em&gt;pubescens &lt;/em&gt; has fuzzy leaves and twigs. &lt;/p&gt;</descriptivetext>
  <pestresistance>sensitive to pests/diseases</pestresistance>
  <foliage>
    <shape>ovate, elliptic (oval)</shape>
    <summercolor>green</summercolor>
    <spiny>no</spiny>
    <type>simple</type>
    <arrangement>alternate</arrangement>
    <bladelength>2 to 4 inches, 4 to 8 inches</bladelength>
    <venation>pinnate</venation>
    <fallcharacteristics>showy</fallcharacteristics>
    <margin>serrate</margin>
    <fallcolor>red, yellow</fallcolor>
    <persistence>deciduous</persistence>
  </foliage>
  <pests>&lt;p align="center"&gt;&lt;b&gt;&lt;u&gt;Pests&lt;/u&gt;&lt;/b&gt;&lt;/p&gt;&lt;p align="left"&gt;

No serious pests, except occasionally caterpillars. &lt;/p&gt;</pests>
  <usdahardinesszone>4B-9B</usdahardinesszone>
  <culturetolerances>
    <saltspraytolerance>high</saltspraytolerance>
    <soilphtolerance>alkaline, acidic</soilphtolerance>
    <lightrequirements>full sun</lightrequirements>
    <soilsalttolerance>moderate</soilsalttolerance>
    <droughttolerance>high</droughttolerance>
    <soildrainagetolerance>extended flooding, well-drained</soildrainagetolerance>
    <soiltexturetolerance>clay, sand, loam</soiltexturetolerance>
  </culturetolerances>
  <nativeorigin>
    <nativestate>Connecticut, New Jersey, New York, Pennsylvania, Delaware, Maryland, District of Columbia, Ohio, Indiana, Illinois, Iowa, Nebraska, Kansas, Missouri, Oklahoma, Arkansas, Texas, Louisiana, Mississippi, Alabama, Florida, Georgia, South Carolina, North Carolina, Tennessee, Kentucky, Virginia, West Virginia</nativestate>
    <nativetonorthamerica>yes</nativetonorthamerica>
    <recommendedfordryclimates>yes</recommendedfordryclimates>
    <nativefloridacounty>Alachua, Baker, Bay, Bradford, Brevard, Broward, Citrus, Clay, Collier, Columbia, De Soto, Dixie, Duval, Escambia, Flagler, Franklin, Gadsden, Gilchrist, Glades, Hamilton, Hardee, Hendry, Hernando, Highlands, Hillsborough, Jackson, Jefferson, Lafayette, Lee, Leon, Levy, Liberty, Manatee, Marion, Martin, Miami-Dade, Nassau, Okaloosa, Okeechobee, Orange, Osceola, Palm Beach, Pasco, Pinellas, Polk, Putnam, Santa Rosa, Sarasota, Seminole, St. Johns, Sumter, Suwannee, Taylor, Union, Volusia, Wakulla, Walton</nativefloridacounty>
  </nativeorigin>
  <lifespan>more than 50 years</lifespan>
</tree>