<?xml version="1.0" encoding="UTF-8" standalone="no"?><tree>
  <foliage>
    <shape>oblong, obovate</shape>
    <summercolor>green</summercolor>
    <spiny>no</spiny>
    <type>simple</type>
    <arrangement>alternate</arrangement>
    <bladelength>less than 2 inches</bladelength>
    <venation>pinnate</venation>
    <fallcharacteristics>not showy</fallcharacteristics>
    <margin>entire</margin>
    <fallcolor>no color change</fallcolor>
    <persistence>deciduous</persistence>
  </foliage>
  <rangemap>Range Map RM7A9B</rangemap>
  <pestresistance>free of serious pests and diseases</pestresistance>
  <lifespan>more than 50 years</lifespan>
  <culturetolerances>
    <saltspraytolerance>unknown</saltspraytolerance>
    <soilphtolerance>acidic, alkaline</soilphtolerance>
    <lightrequirements>full sun</lightrequirements>
    <soilsalttolerance>unknown</soilsalttolerance>
    <droughttolerance>high</droughttolerance>
    <soildrainagetolerance>well-drained</soildrainagetolerance>
    <soiltexturetolerance>clay, sand, loam</soiltexturetolerance>
  </culturetolerances>
  <flower>
    <season>unknown</season>
    <color>white/cream/gray</color>
    <fragrance>pleasant</fragrance>
    <showiness>not showy</showiness>
  </flower>
  <planttype>tree</planttype>
  <factsheet>ST230</factsheet>
  <use>container or planter, street without sidewalk, deck or patio, specimen, parking lot island &lt; 100 sq ft, parking lot island 100-200 sq ft, parking lot island &gt; 200 sq ft, sidewalk cutout (tree pit), tree lawn 3-4 feet wide, tree lawn 4-6 feet wide, tree lawn &gt; 6 ft wide, highway median, bonsai, recommended</use>
  <usdahardinesszone>7A-9B</usdahardinesszone>
  <nativeorigin>
    <nativestate>Texas</nativestate>
    <nativetonorthamerica>yes</nativetonorthamerica>
    <recommendedfordryclimates>yes</recommendedfordryclimates>
    <nativefloridacounty>Not Native to Florida</nativefloridacounty>
  </nativeorigin>
  <size>
    <height>15 to 25 feet</height>
    <maturespread>15 to 25 feet</maturespread>
    <maintainableheight>not suitable for clipping</maintainableheight>
    <matureheight>20 to 40 feet</matureheight>
    <spread>15 to 25 feet</spread>
  </size>
  <pestsanddiseases>&lt;p align="center"&gt;&lt;b&gt;&lt;u&gt;Pests and Diseases&lt;/u&gt;&lt;/b&gt;&lt;/p&gt;&lt;p align="left"&gt;

It has few pests or diseases, none normally serious. &lt;/p&gt;</pestsanddiseases>
  <trunkandbranches>
    <currentyeartwigcolor>gray</currentyeartwigcolor>
    <numberoftrunks>typically multi-trunked, can be trained to one trunk</numberoftrunks>
    <pruningrequirement>little required</pruningrequirement>
    <showiness>showy</showiness>
    <currentyeartwigthickness>thin</currentyeartwigthickness>
    <trunkandbranchbreakage>resistant</trunkandbranchbreakage>
    <woodspecificgravity>unknown</woodspecificgravity>
    <branchdrooping>branches don't droop</branchdrooping>
    <crownshaft>not applicable</crownshaft>
    <barkthickness>thin bark</barkthickness>
    <thorns>no</thorns>
  </trunkandbranches>
  <fruit>
    <composition>fleshy</composition>
    <attractiontowildlife>attracts birds, attracts squirrels/mammals</attractiontowildlife>
    <edible>yes</edible>
    <shape>round</shape>
    <showiness>not showy</showiness>
    <length>.5 to 1 inch</length>
    <persistant>yes</persistant>
    <litter>fruit/leaves not a litter problem</litter>
    <color>black, green</color>
  </fruit>
  <name>
    <listingname>Texas Persimmon, Persimmon, Texas</listingname>
    <family>Ebenaceae</family>
    <pronunciation>dye-OSS-pih-ross  teck-SAY-nuh</pronunciation>
    <species>texana</species>
    <genus>Diospyros</genus>
    <commonname>Texas Persimmon</commonname>
  </name>
  <photographs>
    <entireplant>3662624</entireplant>
    <fruit>3119548</fruit>
    <other>8868035</other>
    <foliage>15762068</foliage>
    <trunk>15611918</trunk>
  </photographs>
  <crowncanopy>
    <texture>fine</texture>
    <density>open</density>
    <shape>upright/erect, vase</shape>
    <uniformity>symmetrical</uniformity>
  </crowncanopy>
  <other>
    <verticilliumwilt>susceptible</verticilliumwilt>
    <outstandingtree>yes</outstandingtree>
    <winterinterest>yes</winterinterest>
    <invasivepotential>not a problem species</invasivepotential>
    <surfacerooting>not a problem</surfacerooting>
    <availability>somewhat available</availability>
    <ozonesensitivity>unknown</ozonesensitivity>
  </other>
  <descriptivetext>&lt;p align="center"&gt;&lt;b&gt;&lt;em&gt;Diospyros texana  &lt;/em&gt;Texas Persimmon &lt;/b&gt;&lt;/p&gt;&lt;p align="left"&gt;

This slow-growing, native North American tree reaches a height of 20 to 40 feet with an equal width (usually smaller) and is deciduous from USDA hardiness zone 8 northward, remaining evergreen in its southern range.  The one to 2-inch-long, dark green, leathery leaves are slightly fuzzy underneath.  The bark of Texas Persimmon is particularly striking, the smooth outside layers of gray, white, and pink peeling off in beautiful layers.  Branches ascend into the crown in a twisted fashion unlike most other trees.  The inconspicuous, green/white flowers are followed by the production of small, one-inch black fruits which, although edible to man, contain an unappealing number of seeds.  However, these fruits are quite popular with birds and other wildlife who relish the sweet, juicy flesh.  In Mexico, the fruits are used to make a black dye. &lt;/p&gt;&lt;p align="left"&gt;

Multiple trunks ascend into the vase-shaped crown forming a tree with a shape and structure similar to crape myrtle.  Use it as an accent planted in a low ground cover to display the muscular looking bark.  It is well suited for planting in a highway median or along a street with overhead power lines due to its small stature.  Except for the small, black fruits which drop for a short period of time, this is a clean tree which could be planted more often in the urban landscape.  It is very well adapted for residential landscapes, having tolerated extended periods of drought and neglect.  Plant it in a prominent location to display the striking habit. &lt;/p&gt;&lt;p align="left"&gt;

Texas Persimmon should be grown in full sun on well-drained soils and is often found on alkaline sites.  It is especially tolerant of drought and neglect and should need only occasional fertilization every year or two. &lt;/p&gt;&lt;p align="left"&gt;

Propagation is by seed.  Seedling trees will begin flowering within five to six-years but it will take approximately 10-years for the flaking bark to appear. &lt;/p&gt;</descriptivetext>
  <growthrate>slow</growthrate>
</tree>