<?xml version="1.0" encoding="UTF-8" standalone="no"?><tree>
  <foliage>
    <shape>elliptic (oval), obovate</shape>
    <summercolor>green</summercolor>
    <spiny>no</spiny>
    <type>simple</type>
    <arrangement>alternate</arrangement>
    <bladelength>4 to 8 inches</bladelength>
    <venation>pinnate, brachidodrome</venation>
    <fallcharacteristics>showy</fallcharacteristics>
    <margin>serrate, entire</margin>
    <fallcolor>yellow, orange, red</fallcolor>
    <persistence>deciduous</persistence>
  </foliage>
  <rangemap>Range Map RM7A9A</rangemap>
  <pestresistance>resistant to pests/diseases</pestresistance>
  <lifespan>25 to 50 years</lifespan>
  <culturetolerances>
    <saltspraytolerance>low</saltspraytolerance>
    <soilphtolerance>acidic, alkaline</soilphtolerance>
    <lightrequirements>full sun</lightrequirements>
    <soilsalttolerance>unknown</soilsalttolerance>
    <droughttolerance>moderate</droughttolerance>
    <soildrainagetolerance>well-drained</soildrainagetolerance>
    <soiltexturetolerance>clay, sand, loam</soiltexturetolerance>
  </culturetolerances>
  <flower>
    <season>flowers in spring</season>
    <color>white/cream/gray</color>
    <fragrance>no</fragrance>
    <showiness>not showy</showiness>
  </flower>
  <planttype>tree</planttype>
  <factsheet>ST229</factsheet>
  <use>container or planter, fruit, specimen, recommended</use>
  <usdahardinesszone>7A-9A</usdahardinesszone>
  <nativeorigin>
    <nativetonorthamerica>no</nativetonorthamerica>
    <recommendedfordryclimates>no</recommendedfordryclimates>
    <nativefloridacounty>Not Native to Florida</nativefloridacounty>
  </nativeorigin>
  <size>
    <height>15 to 25 feet</height>
    <maturespread>15 to 25 feet</maturespread>
    <maintainableheight>not suitable for clipping</maintainableheight>
    <matureheight>20 to 30 feet</matureheight>
    <spread>15 to 25 feet</spread>
  </size>
  <pestsanddiseases>&lt;p align="center"&gt;&lt;b&gt;&lt;u&gt;Pests and Diseases&lt;/u&gt;&lt;/b&gt;&lt;/p&gt;&lt;p align="left"&gt;

A trouble-free tree, but messy in fruit. &lt;/p&gt;</pestsanddiseases>
  <trunkandbranches>
    <currentyeartwigcolor>brown, gray</currentyeartwigcolor>
    <numberoftrunks>typically multi-trunked, can be trained to one trunk</numberoftrunks>
    <pruningrequirement>little required</pruningrequirement>
    <showiness>not showy</showiness>
    <currentyeartwigthickness>medium</currentyeartwigthickness>
    <trunkandbranchbreakage>resistant</trunkandbranchbreakage>
    <woodspecificgravity>unknown</woodspecificgravity>
    <branchdrooping>branches droop</branchdrooping>
    <crownshaft>not applicable</crownshaft>
    <barkthickness>thick</barkthickness>
    <thorns>no</thorns>
  </trunkandbranches>
  <fruit>
    <composition>fleshy</composition>
    <attractiontowildlife>attracts squirrels/mammals</attractiontowildlife>
    <edible>yes</edible>
    <shape>oval, round</shape>
    <showiness>showy</showiness>
    <length>3 to 6 inches</length>
    <persistant>no</persistant>
    <litter>fruit/leaves a litter problem</litter>
    <color>orange</color>
  </fruit>
  <name>
    <listingname>Japanese Persimmon, Persimmon, Japanese</listingname>
    <family>Ebenaceae</family>
    <pronunciation>dye-OSS-pih-ross  KACK-eye</pronunciation>
    <species>kaki</species>
    <genus>Diospyros</genus>
    <commonname>Japanese Persimmon</commonname>
  </name>
  <photographs>
    <entireplant>5405830</entireplant>
    <fruit>16617670</fruit>
    <other>11174622</other>
    <foliage>10402598</foliage>
  </photographs>
  <crowncanopy>
    <texture>coarse</texture>
    <density>dense</density>
    <shape>upright/erect, round</shape>
    <uniformity>symmetrical</uniformity>
  </crowncanopy>
  <other>
    <verticilliumwilt>susceptible</verticilliumwilt>
    <outstandingtree>no</outstandingtree>
    <winterinterest>no</winterinterest>
    <invasivepotential>not assessed or incomplete data</invasivepotential>
    <surfacerooting>not a problem</surfacerooting>
    <availability>somewhat available</availability>
    <ozonesensitivity>unknown</ozonesensitivity>
  </other>
  <descriptivetext>&lt;p align="center"&gt;&lt;b&gt;&lt;em&gt;Diospyros kaki &lt;/em&gt;Japanese Persimmon &lt;/b&gt;&lt;/p&gt;&lt;p align="left"&gt;

Japanese Persimmon is a species related to Common Persimmon ( &lt;em&gt;Diospyros virginiana &lt;/em&gt;), but is native to Asia (China, Japan).  It can grow to about 30 feet when mature.  This is an excellent fruit tree for ornamental use and makes an excellent specimen.  The tree is a sight to behold when leaves have fallen in autumn, displaying the bright yellow-orange fruits throughout the canopy.  Similar to Common Persimmon, its preference is for a moist, well-drained soil in full sun locations.  The tree has good drought tolerance.  Japanese Persimmon develops an attractive red fall color, but the two to four-inch-diameter fruits can be a big mess when they fall from the tree. &lt;/p&gt;&lt;p align="left"&gt;

Certainly not a street or parking lot tree, Japanese Persimmon is probably best located as an occasional specimen where it can be viewed from a distance, away from walks.  This will ensure that the fruit will drop on the lawn, not on a walk.  Better yet, plant the tree in a loose, low-growing groundcover so dropping fruit will be hidden from view in the foliage of the groundcover. &lt;/p&gt;&lt;p align="left"&gt;

Some non-astringent cultivars have been selected and could be available locally. &lt;/p&gt;</descriptivetext>
  <growthrate>moderate</growthrate>
</tree>