<?xml version="1.0" encoding="UTF-8" standalone="no"?><tree>
  <foliage>
    <shape>obovate, lanceolate</shape>
    <summercolor>green</summercolor>
    <spiny>no</spiny>
    <type>simple</type>
    <arrangement>alternate</arrangement>
    <bladelength>2 to 4 inches, 4 to 8 inches</bladelength>
    <venation>pinnate</venation>
    <fallcharacteristics>not showy</fallcharacteristics>
    <margin>entire</margin>
    <fallcolor>no color change</fallcolor>
    <persistence>evergreen</persistence>
  </foliage>
  <rangemap>Range Map RM10B11</rangemap>
  <pestresistance>free of serious pests and diseases</pestresistance>
  <lifespan>25 to 50 years</lifespan>
  <culturetolerances>
    <saltspraytolerance>moderate</saltspraytolerance>
    <soilphtolerance>acidic, alkaline</soilphtolerance>
    <lightrequirements>full sun</lightrequirements>
    <soilsalttolerance>unknown</soilsalttolerance>
    <droughttolerance>high</droughttolerance>
    <soildrainagetolerance>well-drained</soildrainagetolerance>
    <soiltexturetolerance>sand, loam, clay</soiltexturetolerance>
  </culturetolerances>
  <flower>
    <season>flowers in summer, flowers in spring</season>
    <color>white/cream/gray</color>
    <fragrance>no</fragrance>
    <showiness>not showy</showiness>
  </flower>
  <planttype>tree</planttype>
  <use>shade, street without sidewalk, recommended</use>
  <usdahardinesszone>10B-11</usdahardinesszone>
  <nativeorigin>
    <nativetonorthamerica>no</nativetonorthamerica>
    <recommendedfordryclimates>no</recommendedfordryclimates>
    <nativefloridacounty>Not Native to Florida</nativefloridacounty>
  </nativeorigin>
  <size>
    <height>25 to 50 feet</height>
    <maturespread>20 to 25 feet</maturespread>
    <maintainableheight>not suitable for clipping</maintainableheight>
    <matureheight>30 to 35 feet</matureheight>
    <spread>15 to 25 feet</spread>
  </size>
  <pestsanddiseases>&lt;p align="center"&gt;&lt;b&gt;&lt;u&gt;Pests and Diseases&lt;/u&gt;&lt;/b&gt;&lt;/p&gt;&lt;p align="left"&gt;

This plant is mostly resistant to problems. &lt;/p&gt;</pestsanddiseases>
  <trunkandbranches>
    <currentyeartwigcolor>brown, gray</currentyeartwigcolor>
    <numberoftrunks>typically multi-trunked, can be trained to one trunk</numberoftrunks>
    <pruningrequirement>needed for strong structure</pruningrequirement>
    <showiness>not showy</showiness>
    <currentyeartwigthickness>medium</currentyeartwigthickness>
    <trunkandbranchbreakage>resistant</trunkandbranchbreakage>
    <woodspecificgravity>unknown</woodspecificgravity>
    <branchdrooping>branches droop</branchdrooping>
    <crownshaft>not applicable</crownshaft>
    <barkthickness>thick</barkthickness>
    <thorns>no</thorns>
  </trunkandbranches>
  <fruit>
    <composition>fleshy</composition>
    <attractiontowildlife>attracts birds, attracts squirrels/mammals</attractiontowildlife>
    <edible>no</edible>
    <shape>round</shape>
    <showiness>not showy</showiness>
    <length>less than .5 inch</length>
    <persistant>no</persistant>
    <litter>fruit/leaves a litter problem</litter>
    <color>black</color>
  </fruit>
  <name>
    <listingname>Willow-Leaved Bustic, Bustic, Willow-Leaved</listingname>
    <family>Sapotaceae</family>
    <pronunciation>dye-FOLE-iss  sal-liss-sih-FOLE-ee-uh</pronunciation>
    <species>salicifolia</species>
    <genus>Dipholis</genus>
    <commonname>Willow-Leaved Bustic</commonname>
  </name>
  <photographs>
    <foliage>11686382</foliage>
    <entireplant>8307786</entireplant>
  </photographs>
  <crowncanopy>
    <texture>medium</texture>
    <density>moderate</density>
    <shape>round</shape>
    <uniformity>irregular</uniformity>
  </crowncanopy>
  <other>
    <verticilliumwilt>unknown</verticilliumwilt>
    <outstandingtree>no</outstandingtree>
    <winterinterest>no</winterinterest>
    <invasivepotential>not assessed or incomplete data</invasivepotential>
    <surfacerooting>not a problem</surfacerooting>
    <availability>rarely available</availability>
    <ozonesensitivity>unknown</ozonesensitivity>
  </other>
  <descriptivetext>&lt;p align="center"&gt;&lt;b&gt;&lt;em&gt;Dipholis salicifolia &lt;/em&gt;Willow Bustic, Willow-Leaved Bustic &lt;/b&gt;&lt;/p&gt;&lt;p align="left"&gt;

Willow Bustic is also known as Bumelia salicifolia.  It grows as a small to medium sized tree in south Florida and the Caribbean basin.  Leaves are elliptic and medium green above, pale below.  They sometimes crowd toward the ends of the stems.  Small flowers are produced in the leaf axil in spring and early summer.  Small, black berries follow in the summer.  The wood does not float in water due to its great density.  Trunks on young trees are smooth and brown, eventually turning light grey colored and are fairly showy. &lt;/p&gt;&lt;p align="left"&gt;

Willow Bustic is used as a shade tree where its dropping fruit will not be a nuisance.  Several trunks develop naturally in a sunny location.  This makes it nicely suited as a specimen tree planted in a ground cover or shrub border.  This form can be encouraged by training and pruning.  A single trunked version could also be developed in the nursery with appropriate training. &lt;/p&gt;&lt;p align="left"&gt;

Like most other trees, growth is best in full sun.  Canopies become one-sided if sun strikes the plant from only one side.  The tree grows fine in the partial shade, but the canopy will be somewhat thinner than those in the full sun.  Plants are native to porous limestone soils in the Florida Keys.  The plant is moderately salt tolerant and can be planted on the lee side of the dunes.  Willow Bustic adapts well to alkaline soil. &lt;/p&gt;</descriptivetext>
  <growthrate>moderate</growthrate>
</tree>