<?xml version="1.0" encoding="UTF-8" standalone="no"?><tree>
  <foliage>
    <shape>elliptic (oval), oblanceolate, obovate, spatulate</shape>
    <summercolor>green</summercolor>
    <spiny>no</spiny>
    <type>simple</type>
    <arrangement>alternate</arrangement>
    <bladelength>2 to 4 inches, 4 to 8 inches</bladelength>
    <venation>pinnate</venation>
    <fallcharacteristics>not showy</fallcharacteristics>
    <margin>entire</margin>
    <fallcolor>no color change</fallcolor>
    <persistence>evergreen</persistence>
  </foliage>
  <rangemap>Range Map RM9A11</rangemap>
  <pestresistance>free of serious pests and diseases</pestresistance>
  <lifespan>25 to 50 years</lifespan>
  <culturetolerances>
    <saltspraytolerance>high</saltspraytolerance>
    <soilphtolerance>acidic, alkaline</soilphtolerance>
    <lightrequirements>full sun</lightrequirements>
    <soilsalttolerance>unknown</soilsalttolerance>
    <droughttolerance>high</droughttolerance>
    <soildrainagetolerance>well-drained</soildrainagetolerance>
    <soiltexturetolerance>sand, loam</soiltexturetolerance>
  </culturetolerances>
  <flower>
    <season>flowers in summer, flowers in fall, flowers in spring</season>
    <color>green, yellow</color>
    <fragrance>no</fragrance>
    <showiness>not showy</showiness>
  </flower>
  <planttype>shrub, tree</planttype>
  <use>hedge, specimen, espalier, parking lot island &lt; 100 sq ft, parking lot island 100-200 sq ft, parking lot island &gt; 200 sq ft, screen, recommended</use>
  <usdahardinesszone>9A-11</usdahardinesszone>
  <nativeorigin>
    <nativestate>Florida</nativestate>
    <nativetonorthamerica>yes</nativetonorthamerica>
    <recommendedfordryclimates>no</recommendedfordryclimates>
    <nativefloridacounty>Brevard, Charlotte, Collier, Hernando, Highlands, Hillsborough, Indian River, Lee, Martin, Miami-Dade, Monroe Keys, Monroe Mainland, Pinellas, Sarasota, St. Johns, St. Lucie, Volusia</nativefloridacounty>
  </nativeorigin>
  <size>
    <height>10 to 15 feet</height>
    <maturespread>6 to 15 feet</maturespread>
    <maintainableheight>6 to 12 feet, 12 or more feet</maintainableheight>
    <matureheight>10 to 15 feet</matureheight>
    <spread>10 to 15 feet</spread>
  </size>
  <pestsanddiseases>&lt;p align="center"&gt;&lt;b&gt;&lt;u&gt;Pests and Diseases&lt;/u&gt;&lt;/b&gt;&lt;/p&gt;&lt;p align="left"&gt;

No pests or diseases are of major concern. &lt;/p&gt;</pestsanddiseases>
  <trunkandbranches>
    <currentyeartwigcolor>green</currentyeartwigcolor>
    <numberoftrunks>typically multi-trunked, can be trained to one trunk</numberoftrunks>
    <pruningrequirement>little required</pruningrequirement>
    <showiness>not showy</showiness>
    <currentyeartwigthickness>thin</currentyeartwigthickness>
    <trunkandbranchbreakage>resistant</trunkandbranchbreakage>
    <woodspecificgravity>unknown</woodspecificgravity>
    <branchdrooping>branches droop</branchdrooping>
    <crownshaft>not applicable</crownshaft>
    <barkthickness>thick</barkthickness>
    <thorns>no</thorns>
  </trunkandbranches>
  <fruit>
    <composition>dry or hard</composition>
    <attractiontowildlife>little</attractiontowildlife>
    <edible>no</edible>
    <shape>pod or pod-like</shape>
    <showiness>showy</showiness>
    <length>.5 to 1 inch</length>
    <persistant>no</persistant>
    <litter>fruit/leaves not a litter problem</litter>
    <color>brown, green, red, yellow</color>
  </fruit>
  <name>
    <listingname>Varnish-Leaf, Hopbush</listingname>
    <family>Sapindaceae</family>
    <pronunciation>doe-DOE-nee-uh  viss-KOE-suh</pronunciation>
    <species>viscosa</species>
    <genus>Dodonaea</genus>
    <commonname>Varnish-Leaf, Hopbush</commonname>
  </name>
  <photographs>
    <fruit>1616451</fruit>
  </photographs>
  <crowncanopy>
    <texture>fine</texture>
    <density>moderate</density>
    <shape>oval</shape>
    <uniformity>symmetrical</uniformity>
  </crowncanopy>
  <other>
    <verticilliumwilt>susceptible</verticilliumwilt>
    <outstandingtree>yes</outstandingtree>
    <winterinterest>no</winterinterest>
    <invasivepotential>not a problem species</invasivepotential>
    <surfacerooting>not a problem</surfacerooting>
    <availability>rarely available</availability>
    <ozonesensitivity>unknown</ozonesensitivity>
  </other>
  <descriptivetext>&lt;p align="center"&gt;&lt;b&gt;&lt;em&gt;Dodonaea viscosa &lt;/em&gt;Varnish-Leaf, Hopbush, Hopseed Bush &lt;/b&gt;&lt;/p&gt;&lt;p align="left"&gt;

The shiny green leaves of this shrub have a varnished appearance that gives this plant its most widely used common name.  The Varnish-Leaf is a fast growing, broad-leaved, evergreen shrub that can grow 10- to 15-feet tall.  It is most commonly seen at about 6- to 10-feet tall.  The "varnished" leaves of this plant have a resinous coating that is a protection against water loss, and this allows the plants to be exceptionally drought tolerant.  Leaves vary in shape from spatulate to elliptic or obovate.  Margins of the leaves are often turned under.  Greenish yellow flowers are without true petals and appear in terminal clusters that are 3 inches in length.  This shrub blooms in the spring and fall, and flowers on the same plant may be male, female, or perfect.  The most outstanding part of this plant is the pendent fruit.  These emerge green, turn yellow green, then pink and red, and then brown as they mature.  The three-parted seedpods have 3 or 4 rounded wings. &lt;/p&gt;&lt;p align="left"&gt;

One may use Varnish Leaf as a specimen due to its nice fruit display.  The plant is also attractive when it is not in fruit.  Planted 5 to 8 feet apart, Varnish-Leaf makes a nice hedge or background plant, and it is very effective when employed as a screen.  It is can also be grown in fence rows and is interesting when espaliered.  It is a useful plant that is underutilized. &lt;/p&gt;&lt;p align="left"&gt;

Dodonaea viscosa will tolerate dry sandy or rocky soils, salt spray, windy areas, and drought conditions. It favors areas that receive full sun and is often cultivated in loamy or sandy soils. &lt;/p&gt;&lt;p align="left"&gt;

Dodonaea viscosa `Purpurea' has been called the most popular cultivar of the Dodonaea genus.  It its currently most popular in the western US.  Seedlings can vary a lot in color, and purple-leafed varieties will turn green in full shade.  It has a wide tolerance for different soils, winds and heat, and, when established, will be drought-resistant.  The plant is used in landscapes in the western United States. &lt;/p&gt;</descriptivetext>
  <growthrate>moderate</growthrate>
</tree>