<?xml version="1.0" encoding="UTF-8" standalone="no"?><tree>
  <diseases>&lt;p align="center"&gt;&lt;b&gt;&lt;u&gt;Diseases&lt;/u&gt;&lt;/b&gt;&lt;/p&gt;&lt;p align="left"&gt;

Several fungi cause leaf spots on Russian-Olive but are not serious enough to warrant chemical control. &lt;/p&gt;&lt;p align="left"&gt;

Several canker diseases attack the branches and trunk, particularly in the humid east.  The leaves on infected branches turn brown and persist on the tree.  Usually, only the branch tip is affected. &lt;/p&gt;&lt;p align="left"&gt;

Elaeagnus is often killed by verticillium wilt in the east in wet areas or poorly drained sites.  The disease causes wilting and browning of leaves on affected branches.  Fertilize infected trees and prune out dead branches.  The disease is usually fatal and has affected many plantings in the mid-west.  &lt;/p&gt;</diseases>
  <planttype>tree</planttype>
  <size>
    <height>15 to 25 feet</height>
    <maturespread>15 to 20 feet</maturespread>
    <maintainableheight>not suitable for clipping</maintainableheight>
    <matureheight>15 to 20 feet</matureheight>
    <spread>15 to 25 feet</spread>
  </size>
  <use>hedge, parking lot island &lt; 100 sq ft, parking lot island 100-200 sq ft, parking lot island &gt; 200 sq ft, specimen, reclamation, screen, highway median, recommended</use>
  <flower>
    <season>flowers in spring</season>
    <color>white/cream/gray</color>
    <fragrance>pleasant</fragrance>
    <showiness>not showy</showiness>
  </flower>
  <other>
    <verticilliumwilt>susceptible</verticilliumwilt>
    <outstandingtree>no</outstandingtree>
    <winterinterest>yes</winterinterest>
    <invasivepotential>not assessed or incomplete data</invasivepotential>
    <surfacerooting>not a problem</surfacerooting>
    <availability>somewhat available</availability>
    <ozonesensitivity>unknown</ozonesensitivity>
  </other>
  <fruit>
    <composition>fleshy</composition>
    <attractiontowildlife>attracts birds</attractiontowildlife>
    <edible>yes</edible>
    <shape>round, oval</shape>
    <showiness>not showy</showiness>
    <length>less than .5 inch</length>
    <persistant>no</persistant>
    <litter>fruit/leaves not a litter problem</litter>
    <color>yellow</color>
  </fruit>
  <factsheet>ST233</factsheet>
  <growthrate>fast</growthrate>
  <crowncanopy>
    <texture>fine</texture>
    <density>open</density>
    <shape>spreading, oval</shape>
    <uniformity>irregular</uniformity>
  </crowncanopy>
  <photographs>
    <entireplant>10587749</entireplant>
    <flower>7654136</flower>
    <other>7042749</other>
    <foliage>4774297</foliage>
    <trunk>4685254</trunk>
  </photographs>
  <name>
    <listingname>Russian-Olive, Oleaster</listingname>
    <family>Elaeagnaceae</family>
    <pronunciation>eel-ee-AG-nus  an-gus-tih-FOLE-ee-uh</pronunciation>
    <species>angustifolia</species>
    <genus>Elaeagnus</genus>
    <commonname>Russian-Olive, Oleaster</commonname>
  </name>
  <trunkandbranches>
    <currentyeartwigcolor>gray</currentyeartwigcolor>
    <numberoftrunks>typically multi-trunked</numberoftrunks>
    <pruningrequirement>needed for strong structure</pruningrequirement>
    <showiness>not showy</showiness>
    <currentyeartwigthickness>thin</currentyeartwigthickness>
    <trunkandbranchbreakage>resistant</trunkandbranchbreakage>
    <woodspecificgravity>unknown</woodspecificgravity>
    <branchdrooping>branches droop</branchdrooping>
    <crownshaft>not applicable</crownshaft>
    <barkthickness>thick</barkthickness>
    <thorns>yes</thorns>
  </trunkandbranches>
  <rangemap>Range Map RM3A8B</rangemap>
  <descriptivetext>&lt;p align="center"&gt;&lt;b&gt;&lt;em&gt;Elaeagnus angustifolia &lt;/em&gt;Russian-Olive, Oleaster &lt;/b&gt;&lt;/p&gt;&lt;p align="left"&gt;

Russian-Olive grows in an open, somewhat irregular globe shape 15 to 20 feet tall and wide (occasionally larger) and has silvery gray-colored foliage.  It has a rapid growth rate when young becoming moderate with age.  Shaping and training the leader and major branches is needed to develop a well-formed tree.   &lt;/p&gt;&lt;p align="left"&gt;

This thorny tree transplants well but susceptibility to canker diseases and verticillium wilt make it undesirable for large scale landscape plantings, particularly in the moist, eastern climate.  But used as an occasional accent, the tree attracts attention due to the color of the foliage.  It is commonly planted in the drier parts of the country and performs well due to drought tolerance and drier soil.  It has escaped cultivation on the panhandle of Texas and Oklahoma along stream banks.  Plant in the area of the landscape with the best drainage.  Although often short-lived, it can add color to the landscape and can be planted due to extreme tolerance to tough sites and poor soils. &lt;/p&gt;&lt;p align="left"&gt;

This tough tree fixes its own nitrogen and prefers a sunny location and is tolerant of alkaline soil, drought, and coastal conditions including salty soil.  It probably is better suited for dry climates than the moist climate typical of the eastern United States.  It is well suited to central and western Texas, even in heavy clay, but with good surface drainage. &lt;/p&gt;</descriptivetext>
  <pestresistance>sensitive to pests/diseases</pestresistance>
  <foliage>
    <shape>oblong, lanceolate</shape>
    <summercolor>silver</summercolor>
    <spiny>no</spiny>
    <type>simple</type>
    <arrangement>alternate</arrangement>
    <bladelength>less than 2 inches, 2 to 4 inches</bladelength>
    <venation>pinnate</venation>
    <fallcharacteristics>not showy</fallcharacteristics>
    <margin>entire</margin>
    <fallcolor>no color change</fallcolor>
    <persistence>deciduous</persistence>
  </foliage>
  <pests>&lt;p align="center"&gt;&lt;b&gt;&lt;u&gt;Pests&lt;/u&gt;&lt;/b&gt;&lt;/p&gt;&lt;p align="left"&gt;

Few insects bother elaeagnus.  The most likely insect problem may be an infestation by one of the scale insects.  Use horticultural oil for some control. &lt;/p&gt;</pests>
  <usdahardinesszone>3A-8B</usdahardinesszone>
  <culturetolerances>
    <saltspraytolerance>high</saltspraytolerance>
    <soilphtolerance>alkaline, acidic</soilphtolerance>
    <lightrequirements>full sun</lightrequirements>
    <soilsalttolerance>good</soilsalttolerance>
    <droughttolerance>high</droughttolerance>
    <soildrainagetolerance>well-drained</soildrainagetolerance>
    <soiltexturetolerance>sand, loam</soiltexturetolerance>
  </culturetolerances>
  <nativeorigin>
    <nativetonorthamerica>no</nativetonorthamerica>
    <recommendedfordryclimates>yes</recommendedfordryclimates>
    <nativefloridacounty>Not Native to Florida</nativefloridacounty>
  </nativeorigin>
  <lifespan>less than 25 years</lifespan>
</tree>