<?xml version="1.0" encoding="UTF-8" standalone="no"?><tree>
  <foliage>
    <shape>elliptic (oval)</shape>
    <summercolor>green</summercolor>
    <spiny>no</spiny>
    <type>simple</type>
    <arrangement>alternate</arrangement>
    <bladelength>less than 2 inches, 2 to 4 inches</bladelength>
    <venation>brachidodrome, pinnate</venation>
    <fallcharacteristics>showy</fallcharacteristics>
    <margin>serrate, serrulate</margin>
    <fallcolor>orange, red, yellow</fallcolor>
    <persistence>deciduous</persistence>
  </foliage>
  <pestresistance>resistant to pests/diseases</pestresistance>
  <lifespan>unknown</lifespan>
  <culturetolerances>
    <saltspraytolerance>unknown</saltspraytolerance>
    <soilphtolerance>acidic, slightly alkaline</soilphtolerance>
    <lightrequirements>partial sun or partial shade, full sun</lightrequirements>
    <soilsalttolerance>unknown</soilsalttolerance>
    <droughttolerance>moderate</droughttolerance>
    <soildrainagetolerance>well-drained</soildrainagetolerance>
    <soiltexturetolerance>sand, loam, clay</soiltexturetolerance>
  </culturetolerances>
  <flower>
    <season>flowers in spring</season>
    <color>orange, yellow</color>
    <fragrance>no</fragrance>
    <showiness>not showy</showiness>
  </flower>
  <diseases/>
  <planttype>tree, shrub</planttype>
  <use>hedge, specimen</use>
  <usdahardinesszone>5A-7B</usdahardinesszone>
  <nativeorigin>
    <nativestate>Oregon</nativestate>
    <nativetonorthamerica>no</nativetonorthamerica>
    <recommendedfordryclimates>no</recommendedfordryclimates>
    <nativefloridacounty>Not Native to Florida</nativefloridacounty>
  </nativeorigin>
  <size>
    <height>15 to 25 feet</height>
    <maturespread>10 to 15 feet</maturespread>
    <maintainableheight>not suitable for clipping</maintainableheight>
    <matureheight>15 to 25 feet</matureheight>
    <spread>10 to 15 feet</spread>
  </size>
  <factsheet/>
  <trunkandbranches>
    <currentyeartwigcolor>unknown</currentyeartwigcolor>
    <numberoftrunks>typically multi-trunked</numberoftrunks>
    <pruningrequirement>little required</pruningrequirement>
    <showiness>not showy</showiness>
    <currentyeartwigthickness>medium</currentyeartwigthickness>
    <trunkandbranchbreakage>resistant</trunkandbranchbreakage>
    <woodspecificgravity>unknown</woodspecificgravity>
    <branchdrooping>branches don't droop</branchdrooping>
    <crownshaft>not applicable</crownshaft>
    <barkthickness>thin bark</barkthickness>
    <thorns>no</thorns>
  </trunkandbranches>
  <pests/>
  <fruit>
    <composition>dry or hard</composition>
    <attractiontowildlife>unknown</attractiontowildlife>
    <edible>unknown</edible>
    <shape>oval</shape>
    <showiness>not showy</showiness>
    <length>unknown</length>
    <persistant>unknown</persistant>
    <litter>unknown</litter>
    <color>unknown</color>
  </fruit>
  <name>
    <listingname>Redvein Enkianthus</listingname>
    <family>Ericaceae</family>
    <pronunciation/>
    <species>campanulatus</species>
    <genus>Enkianthus</genus>
    <cultivar/>
    <commonname>Redvein Enkianthus</commonname>
  </name>
  <photographs>
    <flower>14411007</flower>
    <fruit>998475</fruit>
    <foliage>5147780</foliage>
  </photographs>
  <crowncanopy>
    <texture>fine</texture>
    <density>open</density>
    <shape>upright/erect, round</shape>
    <uniformity>irregular</uniformity>
  </crowncanopy>
  <other>
    <verticilliumwilt>unknown</verticilliumwilt>
    <outstandingtree>no</outstandingtree>
    <winterinterest>no</winterinterest>
    <invasivepotential>not a problem species</invasivepotential>
    <surfacerooting>unknown</surfacerooting>
    <availability>somewhat available</availability>
    <ozonesensitivity>unknown</ozonesensitivity>
  </other>
  <descriptivetext>&lt;p align="left"&gt;

Enkianthus are ornamental, ericaceous deciduous shrubs or small trees. They grow best in full sun to partial shade.  Plant in an acid, moist, well-drained soil with a pH between 4.5 and 6.5.  Transplanting balled and burlapped or potted plants is most successful.  The shallow root systems are easily injured by deep cultivation but benefit from mulching. Plants fail to absorb iron and have yellow leaves with green veins if the soil is not sufficiently acid.  Finely ground sulphur can be added to the soil to increase acidity.  Have the soil tested before planting in order to determine the pH.&lt;/p&gt;&lt;p align="left"&gt;

I (Dr. Gilman) have seen plants in wonderful red fall color make a striking statement in the landscape. Their twisted multiple trunks form a nice small tree effect when some of the secondary branches are removed from the lower part of the plant. The pollen from this plant is considered to cause few if any allergies.&lt;/p&gt;</descriptivetext>
  <growthrate>moderate</growthrate>
</tree>