<?xml version="1.0" encoding="UTF-8" standalone="no"?><tree>
  <factsheet>ST236</factsheet>
  <descriptivetext>&lt;p align="center"&gt;&lt;b&gt;&lt;em&gt;Eriobotrya japonica &lt;/em&gt; `Coppertone' `Coppertone' Loquat &lt;/b&gt;&lt;/p&gt;&lt;p align="left"&gt;

The dense, rounded, copper-colored canopy of Loquat is decorated in USDA hardiness zones 8b through 11 in late winter and spring with clusters of apricot yellow, pear-shaped, edible furry fruits.  Fruit rarely sets further north.  Loquat is a rapidly-growing evergreen tree and can reach 25 to 30 feet in height in the shade but is frequently seen 15 feet tall with a 15 to 25 foot spread in a sunny location.  The 10 to 12-inch-long leaves are rusty-colored beneath and have a coarse texture.  Fragrant clusters of pale pink flowers are produced in fall, followed by the delicious, brightly colored, winter fruit. &lt;/p&gt;&lt;p align="left"&gt;

Its neat habit and compact growth make Loquat an ideal specimen or patio shade tree, and it can be used as a residential street tree or median strip tree in areas where overhead space is limited.  But an adequate clear trunk needs to be developed early in the life of the tree to provide for vehicle clearance.  Branches will have to be pruned to grow up, as they tend to droop with time under the weight of the developing branch.  It is not suited for planting next to the street if trucks pass close to the tree since adequate clearance is not possible but is successful in wide median strips.  It also blends well into informal shrubbery borders and the fruit is attractive to wildlife.  It espaliers well against a sunny wall, and makes a good screen due to its dense canopy.  Sprouts along the trunk can be a maintenance nuisance. &lt;/p&gt;&lt;p align="left"&gt;

Providing best fruit and form when grown in full sun, Loquat can tolerate partial shade and a variety of well-drained soils.  It grows well on soils with a high pH and maintains the characteristic dark green foliage.  Clay soil is acceptable as long as there is sufficient slope to allow surface water to run away from the root system.  It often looks best in the southern portion of its range when given some shade in the afternoon in the southern portion of its range, especially if it is not irrigated.  Loquat should be well-watered until established, but can then survive periodic droughts.  Do not overfertilize since this could increase sensitivity to fire blight disease.  Loquat may live only 20 to 30-years so it should not be considered a permanent fixture in the landscape.  It performs well along the coast with some protection from salty air.  Not for New Orleans area due to wet soils. &lt;/p&gt;&lt;p align="left"&gt;

Although Loquat can easily be grown from seed, many cultivars are available for consistent fruit quality.  `Champagne' (March-May), best for USDA hardiness zone 9, has yellow-skinned, white-fleshed, juicy, tart fruit, one of the better fruits.  `Gold Nugget' (May-June), best near coast, has larger, sweeter fruit with orange skin and flesh.  `MacBeth' (April-May) has exceptionally large fruit with yellow skin and creamy flesh.  `Thales' is a late yellow-fleshed variety.  `Variegata' has white variegated leaves. &lt;/p&gt;&lt;p align="left"&gt;

Propagation is by cuttings or grafting of cultivars. &lt;/p&gt;</descriptivetext>
  <pests>&lt;p align="center"&gt;&lt;b&gt;&lt;u&gt;Pests&lt;/u&gt;&lt;/b&gt;&lt;/p&gt;&lt;p align="left"&gt;

Scales and caterpillars are occasional problems. &lt;/p&gt;</pests>
  <culturetolerances>
    <saltspraytolerance>moderate</saltspraytolerance>
    <soilphtolerance>acidic, alkaline</soilphtolerance>
    <lightrequirements>full sun, partial sun or partial shade</lightrequirements>
    <soilsalttolerance>moderate</soilsalttolerance>
    <droughttolerance>moderate</droughttolerance>
    <soildrainagetolerance>well-drained</soildrainagetolerance>
    <soiltexturetolerance>sand, loam, clay</soiltexturetolerance>
  </culturetolerances>
  <trunkandbranches>
    <currentyeartwigcolor>gray</currentyeartwigcolor>
    <numberoftrunks>typically one trunk</numberoftrunks>
    <pruningrequirement>needed for strong structure</pruningrequirement>
    <showiness>not showy</showiness>
    <currentyeartwigthickness>thick</currentyeartwigthickness>
    <trunkandbranchbreakage>resistant</trunkandbranchbreakage>
    <woodspecificgravity>unknown</woodspecificgravity>
    <branchdrooping>branches droop</branchdrooping>
    <crownshaft>not applicable</crownshaft>
    <barkthickness>thin bark</barkthickness>
    <thorns>no</thorns>
  </trunkandbranches>
  <note>Photos are of Species</note>
  <name>
    <listingname>'Coppertone' Loquat, Loquat, 'Coppertone'</listingname>
    <family>Rosaceae</family>
    <pronunciation>air-ee-oh-BOT-ree-uh  juh-PAWN-ih-kuh</pronunciation>
    <species>japonica</species>
    <genus>Eriobotrya</genus>
    <cultivar>'Coppertone'</cultivar>
    <commonname>'Coppertone' Loquat</commonname>
  </name>
  <usdahardinesszone>8A-11</usdahardinesszone>
  <diseases>&lt;p align="center"&gt;&lt;b&gt;&lt;u&gt;Diseases&lt;/u&gt;&lt;/b&gt;&lt;/p&gt;&lt;p align="left"&gt;

To reduce fireblight problems, provide good air circulation and keep away from other fireblight hosts, such as Pyracantha, pears, etc.  If leaves and stems blacken from the top downward, prune back one-foot or more into healthy wood.  Sterilize shears with a mixture of one part bleach to nine parts water between cuts. &lt;/p&gt;&lt;p align="left"&gt;

Root rot occurs on wet soils.  Locate the tree in a well-drained soil. &lt;/p&gt;</diseases>
  <nativeorigin>
    <nativetonorthamerica>no</nativetonorthamerica>
    <recommendedfordryclimates>yes</recommendedfordryclimates>
    <nativefloridacounty>Not Native to Florida</nativefloridacounty>
  </nativeorigin>
  <use>hedge, trained as a standard, urban tolerant, street without sidewalk, deck or patio, screen, fruit, specimen, espalier, container or planter, highway median</use>
  <growthrate>moderate</growthrate>
  <planttype>tree</planttype>
  <rangemap>Range Map RM8A11</rangemap>
  <foliage>
    <shape>oblong, elliptic (oval)</shape>
    <summercolor>green</summercolor>
    <spiny>no</spiny>
    <type>simple</type>
    <arrangement>alternate</arrangement>
    <bladelength>8 to 12 inches</bladelength>
    <venation>pinnate</venation>
    <fallcharacteristics>not showy</fallcharacteristics>
    <margin>pectinate, serrate</margin>
    <fallcolor>no color change</fallcolor>
    <persistence>broadleaf evergreen, evergreen</persistence>
  </foliage>
  <flower>
    <season>flowers in fall, flowers in winter</season>
    <color>pink</color>
    <fragrance>pleasant</fragrance>
    <showiness>showy</showiness>
  </flower>
  <pestresistance>sensitive to pests/diseases</pestresistance>
  <lifespan>25 to 50 years</lifespan>
  <fruit>
    <composition>fleshy</composition>
    <attractiontowildlife>attracts birds, attracts squirrels/mammals</attractiontowildlife>
    <edible>yes</edible>
    <shape>round, oval</shape>
    <showiness>showy</showiness>
    <length>1 to 3 inches</length>
    <persistant>no</persistant>
    <litter>fruit/leaves a litter problem</litter>
    <color>yellow</color>
  </fruit>
  <size>
    <height>15 to 25 feet</height>
    <maturespread>30 to 35 feet</maturespread>
    <maintainableheight>not suitable for clipping</maintainableheight>
    <matureheight>20 to 30 feet</matureheight>
    <spread>25 to 35 feet</spread>
  </size>
  <other>
    <verticilliumwilt>unknown</verticilliumwilt>
    <outstandingtree>no</outstandingtree>
    <winterinterest>yes</winterinterest>
    <invasivepotential>invasive: not recommended</invasivepotential>
    <surfacerooting>not a problem</surfacerooting>
    <availability>rarely available</availability>
    <ozonesensitivity>unknown</ozonesensitivity>
  </other>
  <crowncanopy>
    <texture>coarse</texture>
    <density>dense</density>
    <shape>round</shape>
    <uniformity>symmetrical</uniformity>
  </crowncanopy>
  <photographs>
  </photographs>
</tree>