<?xml version="1.0" encoding="UTF-8" standalone="no"?><tree>
  <diseases>&lt;p align="center"&gt;&lt;b&gt;&lt;u&gt;Diseases&lt;/u&gt;&lt;/b&gt;&lt;/p&gt;&lt;p align="left"&gt;

No diseases are of major concern.  Caterpillars can eat significant amounts of foliage. &lt;/p&gt;</diseases>
  <planttype>tree</planttype>
  <size>
    <height>50 to 75 feet</height>
    <maturespread>40 to 50 feet</maturespread>
    <maintainableheight>not suitable for clipping</maintainableheight>
    <matureheight>50 to 60 feet</matureheight>
    <spread>35 to 50 feet</spread>
  </size>
  <use>shade, specimen, recommended</use>
  <flower>
    <season>flowers in spring</season>
    <color>red</color>
    <fragrance>no</fragrance>
    <showiness>showy</showiness>
  </flower>
  <other>
    <verticilliumwilt>unknown</verticilliumwilt>
    <outstandingtree>yes</outstandingtree>
    <winterinterest>yes</winterinterest>
    <invasivepotential>not assessed or incomplete data</invasivepotential>
    <surfacerooting>can form large surface roots</surfacerooting>
    <availability>somewhat available</availability>
    <ozonesensitivity>unknown</ozonesensitivity>
  </other>
  <fruit>
    <composition>dry or hard</composition>
    <attractiontowildlife>little</attractiontowildlife>
    <edible>no</edible>
    <shape>unknown</shape>
    <showiness>not showy</showiness>
    <length>unknown</length>
    <persistant>no</persistant>
    <litter>fruit/leaves not a litter problem</litter>
    <color>brown</color>
  </fruit>
  <factsheet>ST238</factsheet>
  <growthrate>fast</growthrate>
  <crowncanopy>
    <texture>coarse</texture>
    <density>dense</density>
    <shape>round, vase</shape>
    <uniformity>symmetrical</uniformity>
  </crowncanopy>
  <photographs>
    <entireplant>1418365</entireplant>
    <foliage>14247919</foliage>
    <trunk>3842921</trunk>
  </photographs>
  <name>
    <listingname>'Tropic Coral' Tree</listingname>
    <family>Leguminosae</family>
    <pronunciation>air-rith-RYE-nuh  vair-ee-eh-GAY-tuh</pronunciation>
    <species>variegata var. orientalis</species>
    <genus>Erythrina</genus>
    <cultivar>'Tropic Coral'</cultivar>
    <commonname>'Tropic Coral' Tree</commonname>
  </name>
  <trunkandbranches>
    <currentyeartwigcolor>gray, brown</currentyeartwigcolor>
    <numberoftrunks>typically multi-trunked, can be trained to one trunk</numberoftrunks>
    <pruningrequirement>needed for strong structure</pruningrequirement>
    <showiness>showy</showiness>
    <currentyeartwigthickness>very thick, thick</currentyeartwigthickness>
    <trunkandbranchbreakage>susceptible to breakage</trunkandbranchbreakage>
    <woodspecificgravity>unknown</woodspecificgravity>
    <branchdrooping>branches don't droop</branchdrooping>
    <crownshaft>not applicable</crownshaft>
    <barkthickness>thin bark</barkthickness>
    <thorns>yes</thorns>
  </trunkandbranches>
  <rangemap>Range Map RM10A11</rangemap>
  <descriptivetext>&lt;p align="center"&gt;&lt;b&gt;&lt;em&gt;Erythrina variegata &lt;/em&gt; var.  &lt;em&gt;orientalis &lt;/em&gt;Coral Tree &lt;/b&gt;&lt;/p&gt;&lt;p align="left"&gt;

This fast-growing, 50 feet tall and wide deciduous tree with green and yellow-variegated, six-inch-long leaves creates a broad canopy but has spiny branches.  In spring, before the leaves appear, Coral Tree is decorated with showy red blossoms, each flower 2.5 inches long and arranged in dense, six-inch-long racemes.  These blooms are followed by 12-inch-long, red/brown seedpods which contain poisonous seeds. &lt;/p&gt;&lt;p align="left"&gt;

The large size of Coral Tree makes it suited for planting in parks, golf courses and in other large-scale landscapes.  Multiple trunks ascend from the lower portion of the main trunk giving rise to a wide-spreading canopy casting dense shade.  Lower branches droop to the ground if they are allowed to remain on the tree.  Give this tree plenty of room to develop since the canopy is large and the tree looks wonderful with a symmetrical crown.  Since the trunk often flares or buttresses at the base, plant it at least 10 feet from a sidewalk or driveway. &lt;/p&gt;&lt;p align="left"&gt;

Coral Tree should be grown in full sun on well-drained soil.  Trees are highly drought-tolerant and moderately salt-tolerant. &lt;/p&gt;&lt;p align="left"&gt;

Propagation is easily done by seeds, cuttings, or division. &lt;/p&gt;</descriptivetext>
  <pestresistance>sensitive to pests/diseases</pestresistance>
  <foliage>
    <shape>deltoid, ovate</shape>
    <summercolor>green</summercolor>
    <spiny>no</spiny>
    <type>trifoliate, odd-pinnately compound</type>
    <arrangement>alternate</arrangement>
    <bladelength>2 to 4 inches</bladelength>
    <venation>pinnate, reticulate</venation>
    <fallcharacteristics>showy</fallcharacteristics>
    <margin>entire</margin>
    <fallcolor>no color change</fallcolor>
    <persistence>deciduous</persistence>
  </foliage>
  <pests>&lt;p align="center"&gt;&lt;b&gt;&lt;u&gt;Pests&lt;/u&gt;&lt;/b&gt;&lt;/p&gt;&lt;p align="left"&gt;

Borers may infest weakened trees. &lt;/p&gt;</pests>
  <usdahardinesszone>10A-11</usdahardinesszone>
  <culturetolerances>
    <saltspraytolerance>moderate</saltspraytolerance>
    <soilphtolerance>alkaline, acidic</soilphtolerance>
    <lightrequirements>full sun</lightrequirements>
    <soilsalttolerance>moderate</soilsalttolerance>
    <droughttolerance>high</droughttolerance>
    <soildrainagetolerance>well-drained</soildrainagetolerance>
    <soiltexturetolerance>clay, sand, loam</soiltexturetolerance>
  </culturetolerances>
  <nativeorigin>
    <nativetonorthamerica>no</nativetonorthamerica>
    <recommendedfordryclimates>no</recommendedfordryclimates>
    <nativefloridacounty>Not Native to Florida</nativefloridacounty>
  </nativeorigin>
  <lifespan>more than 50 years</lifespan>
</tree>