<?xml version="1.0" encoding="UTF-8" standalone="no"?><tree>
  <foliage>
    <shape>deltoid, ovate</shape>
    <summercolor>green</summercolor>
    <spiny>no</spiny>
    <type>odd-pinnately compound, trifoliate</type>
    <arrangement>alternate</arrangement>
    <bladelength>less than 2 inches</bladelength>
    <venation>pinnate, reticulate</venation>
    <fallcharacteristics>not showy</fallcharacteristics>
    <margin>entire</margin>
    <fallcolor>no color change</fallcolor>
    <persistence>deciduous</persistence>
  </foliage>
  <pestresistance>resistant to pests/diseases</pestresistance>
  <lifespan>more than 50 years</lifespan>
  <culturetolerances>
    <saltspraytolerance>unknown</saltspraytolerance>
    <soilphtolerance>acidic, slightly alkaline, alkaline</soilphtolerance>
    <lightrequirements>full sun</lightrequirements>
    <soilsalttolerance>moderate</soilsalttolerance>
    <droughttolerance>high</droughttolerance>
    <soildrainagetolerance>well-drained</soildrainagetolerance>
    <soiltexturetolerance>sand, loam, clay</soiltexturetolerance>
  </culturetolerances>
  <flower>
    <season>flowers in spring, flowers in fall</season>
    <color>red, orange</color>
    <fragrance>no</fragrance>
    <showiness>very showy</showiness>
  </flower>
  <diseases/>
  <planttype>tree</planttype>
  <use>specimen, street without sidewalk</use>
  <usdahardinesszone>10A-11</usdahardinesszone>
  <nativeorigin>
    <nativestate>Oregon</nativestate>
    <nativetonorthamerica>no</nativetonorthamerica>
    <recommendedfordryclimates>no</recommendedfordryclimates>
    <nativefloridacounty>Not Native to Florida</nativefloridacounty>
  </nativeorigin>
  <size>
    <height>15 to 25 feet</height>
    <maturespread>15 to 25 feet</maturespread>
    <maintainableheight>not suitable for clipping</maintainableheight>
    <matureheight>15 to 25 feet</matureheight>
    <spread>15 to 25 feet</spread>
  </size>
  <factsheet/>
  <trunkandbranches>
    <currentyeartwigcolor>unknown</currentyeartwigcolor>
    <numberoftrunks>typically multi-trunked, can be trained to one trunk</numberoftrunks>
    <pruningrequirement>little required</pruningrequirement>
    <showiness>showy</showiness>
    <currentyeartwigthickness>very thick</currentyeartwigthickness>
    <trunkandbranchbreakage>resistant</trunkandbranchbreakage>
    <woodspecificgravity>unknown</woodspecificgravity>
    <branchdrooping>branches droop</branchdrooping>
    <crownshaft>not applicable</crownshaft>
    <barkthickness>thick</barkthickness>
    <thorns>yes</thorns>
  </trunkandbranches>
  <pests/>
  <fruit>
    <composition>dry or hard</composition>
    <attractiontowildlife>unknown</attractiontowildlife>
    <edible>unknown</edible>
    <shape>unknown</shape>
    <showiness>not showy</showiness>
    <length>unknown</length>
    <persistant>unknown</persistant>
    <litter>unknown</litter>
    <color>brown</color>
  </fruit>
  <name>
    <listingname>Coral Tree</listingname>
    <family>Fabaceae</family>
    <pronunciation/>
    <species>x</species>
    <genus>Erythrina</genus>
    <cultivar>sykesii</cultivar>
    <commonname>Coral Tree</commonname>
  </name>
  <photographs>
    <entireplant>5104553</entireplant>
    <flower>16721798</flower>
    <foliage>2212240</foliage>
    <trunk>587404</trunk>
  </photographs>
  <crowncanopy>
    <texture>medium</texture>
    <density>dense</density>
    <shape>round, spreading</shape>
    <uniformity>irregular</uniformity>
  </crowncanopy>
  <other>
    <verticilliumwilt>unknown</verticilliumwilt>
    <outstandingtree>yes</outstandingtree>
    <winterinterest>no</winterinterest>
    <invasivepotential>not assessed or incomplete data</invasivepotential>
    <surfacerooting>can form large surface roots</surfacerooting>
    <availability>somewhat available</availability>
    <ozonesensitivity>unknown</ozonesensitivity>
  </other>
  <descriptivetext>&lt;p align="left"&gt;

Suited for planting in small residential lots as well as in parks, golf courses and in other large-scale landscapes. Multiple trunks ascend from the lower portion of the main trunk giving rise to a wide-spreading canopy casting dense shade. Lower branches often have to be removed because they eventually droop to the ground if they are allowed to remain on the tree, and included bark is common in the branch crotch. Trees do not compartmentalize decay well resulting in potentially extensive decay from trunk injuries.   Included bark can form in the crotch of main branches, weakening the tree.  Trees are tolerant of urban conditions and have performed well as street trees. Pollen can cause mild allergy reactions.&lt;/p&gt;</descriptivetext>
  <growthrate>moderate</growthrate>
</tree>