<?xml version="1.0" encoding="UTF-8" standalone="no"?><tree>
  <foliage>
    <shape>lanceolate</shape>
    <summercolor>blue or blue-green</summercolor>
    <spiny>no</spiny>
    <type>simple</type>
    <arrangement>alternate</arrangement>
    <bladelength>2 to 4 inches, 4 to 8 inches</bladelength>
    <venation>brachidodrome, pinnate</venation>
    <fallcharacteristics>not showy</fallcharacteristics>
    <margin>entire</margin>
    <fallcolor>no color change</fallcolor>
    <persistence>evergreen</persistence>
  </foliage>
  <pestresistance>sensitive to pests/diseases</pestresistance>
  <lifespan>unknown</lifespan>
  <culturetolerances>
    <saltspraytolerance>unknown</saltspraytolerance>
    <soilphtolerance>acidic, slightly alkaline</soilphtolerance>
    <lightrequirements>partial sun or partial shade, full sun</lightrequirements>
    <soilsalttolerance>unknown</soilsalttolerance>
    <droughttolerance>high</droughttolerance>
    <soildrainagetolerance>well-drained, occasionally wet</soildrainagetolerance>
    <soiltexturetolerance>sand, loam, clay</soiltexturetolerance>
  </culturetolerances>
  <flower>
    <season>flowers in winter</season>
    <color>white/cream/gray</color>
    <fragrance>no</fragrance>
    <showiness>not showy</showiness>
  </flower>
  <diseases/>
  <planttype>tree</planttype>
  <use>specimen, street without sidewalk</use>
  <usdahardinesszone>9B-11</usdahardinesszone>
  <nativeorigin>
    <nativestate>Oregon</nativestate>
    <nativetonorthamerica>no</nativetonorthamerica>
    <recommendedfordryclimates>no</recommendedfordryclimates>
    <nativefloridacounty>Not Native to Florida</nativefloridacounty>
  </nativeorigin>
  <size>
    <height>over 75 feet</height>
    <maturespread>35 to 50 feet</maturespread>
    <maintainableheight>not suitable for clipping</maintainableheight>
    <matureheight>75 to 100 feet</matureheight>
    <spread>35 to 50 feet</spread>
  </size>
  <factsheet/>
  <trunkandbranches>
    <currentyeartwigcolor>unknown</currentyeartwigcolor>
    <numberoftrunks>typically one trunk</numberoftrunks>
    <pruningrequirement>little required</pruningrequirement>
    <showiness>very showy</showiness>
    <currentyeartwigthickness>thin</currentyeartwigthickness>
    <trunkandbranchbreakage>susceptible to breakage</trunkandbranchbreakage>
    <woodspecificgravity>unknown</woodspecificgravity>
    <branchdrooping>branches don't droop</branchdrooping>
    <crownshaft>not applicable</crownshaft>
    <barkthickness>thin bark</barkthickness>
    <thorns>no</thorns>
  </trunkandbranches>
  <pests/>
  <fruit>
    <composition>dry or hard</composition>
    <attractiontowildlife>unknown</attractiontowildlife>
    <edible>unknown</edible>
    <shape>oval, round</shape>
    <showiness>showy</showiness>
    <length>unknown</length>
    <persistant>yes</persistant>
    <litter>unknown</litter>
    <color>brown</color>
  </fruit>
  <name>
    <listingname>Lemon Scented Eucalyptus, Lemon Scented Gum</listingname>
    <family>Myrtaceae</family>
    <pronunciation/>
    <species>citriodora</species>
    <genus>Eucalyptus</genus>
    <cultivar/>
    <commonname>Lemon Scented Eucalyptus, Lemon Scented Gum</commonname>
  </name>
  <photographs>
    <entireplant>673879</entireplant>
  </photographs>
  <crowncanopy>
    <texture>medium</texture>
    <density>open</density>
    <shape>oval, upright/erect</shape>
    <uniformity>irregular</uniformity>
  </crowncanopy>
  <other>
    <verticilliumwilt>unknown</verticilliumwilt>
    <outstandingtree>yes</outstandingtree>
    <winterinterest>no</winterinterest>
    <invasivepotential>not assessed or incomplete data</invasivepotential>
    <surfacerooting>can form large surface roots</surfacerooting>
    <availability>somewhat available</availability>
    <ozonesensitivity>unknown</ozonesensitivity>
  </other>
  <descriptivetext>&lt;p align="left"&gt;

A native of Australia, Eucalyptus grows best on the western coast of the U.S. Foliage of Eucalyptus is aromatic, with frequent distinguishing differences between juvenile and mature leaves. Juvenile foliage is round, mature foliage is lance shaped. Few plants grow well under Eucalyptus trees due to the high content of phenolic acid in the leaves. The leaves are extremely toxic to other plants. The acid literally drips from some leaves while they are still on the tree.  Pollen can cause allergies.&lt;/p&gt;&lt;p align="left"&gt;

These plants are used in western landscapes, rarely in other places. Leaves are lemon scented. Prune branches when the tree is young with drop crotch cuts to slow their growth. Leave all the lower branches on the tree to encourage development of a thick, strong trunk. Shorten them before they grow larger than about half the trunk diameter.&lt;/p&gt;&lt;p align="left"&gt;

This is a large tree only suited for a large space. Plant 10 feet or more away from curbs, sidewalks and other structures that you want to protect. Prune to develop a dominant trunk by thinning large diameter branches to slow their growth. Reduce the length on large limbs with included bark. Prune only in winter or early spring to minimize longhorn beetle infestation.&lt;/p&gt;&lt;p align="left"&gt;

Trees that are over irrigated can develop chlorosis. Treating the soil under the canopy with an iron chelate can help green the new foliage, but will not turn existing yellow foliage green.&lt;/p&gt;</descriptivetext>
  <growthrate>fast</growthrate>
</tree>