<?xml version="1.0" encoding="UTF-8" standalone="no"?><tree>
  <diseases>&lt;p align="center"&gt;&lt;b&gt;&lt;u&gt;Diseases&lt;/u&gt;&lt;/b&gt;&lt;/p&gt;&lt;p align="left"&gt;

Eucalyptus are resistant to armillaria root rot and to verticillium wilt.  They are susceptible to powdery mildew and to  &lt;em&gt;Phytophthora cinnamoni &lt;/em&gt; and  &lt;em&gt;Phytophthora lateralis &lt;/em&gt;. &lt;/p&gt;&lt;p align="left"&gt;

Leaf spot and crown gall are Eucalyptus' major disease problems.  Prune infected twigs and branches, and be sure to keep dead leaves and fruit cleaned up as plant refuse is usually the source of leaf spot disease. &lt;/p&gt;</diseases>
  <planttype>tree</planttype>
  <size>
    <height>25 to 50 feet</height>
    <maturespread>15 to 25 feet</maturespread>
    <maintainableheight>not suitable for clipping</maintainableheight>
    <matureheight>30 to 40 feet</matureheight>
    <spread>15 to 25 feet</spread>
  </size>
  <use>urban tolerant, specimen, highway median, street without sidewalk, tree lawn 3-4 feet wide, tree lawn 4-6 feet wide, tree lawn &gt; 6 ft wide, recommended</use>
  <flower>
    <season>flowers in spring, flowers in summer</season>
    <color>red</color>
    <fragrance>no</fragrance>
    <showiness>very showy</showiness>
  </flower>
  <other>
    <verticilliumwilt>resistant</verticilliumwilt>
    <outstandingtree>no</outstandingtree>
    <winterinterest>no</winterinterest>
    <invasivepotential>not assessed or incomplete data</invasivepotential>
    <surfacerooting>not a problem</surfacerooting>
    <availability>rarely available</availability>
    <ozonesensitivity>unknown</ozonesensitivity>
  </other>
  <fruit>
    <composition>dry or hard</composition>
    <attractiontowildlife>little</attractiontowildlife>
    <edible>no</edible>
    <shape>round, oval</shape>
    <showiness>showy</showiness>
    <length>1 to 3 inches</length>
    <persistant>yes</persistant>
    <litter>fruit/leaves not a litter problem</litter>
    <color>brown, green</color>
  </fruit>
  <factsheet>ST239</factsheet>
  <growthrate>fast</growthrate>
  <crowncanopy>
    <texture>medium</texture>
    <density>moderate</density>
    <shape>round</shape>
    <uniformity>irregular</uniformity>
  </crowncanopy>
  <photographs>
    <entireplant>5815596</entireplant>
    <flower>9631659</flower>
    <other>11356194</other>
    <foliage>485515</foliage>
    <trunk>6761043</trunk>
  </photographs>
  <name>
    <listingname>Red-Flowering Gum, Gum, Red-Flowering</listingname>
    <family>Myrtaceae</family>
    <pronunciation>yoo-kuh-LIP-tus  fiss-ih-FOLE-ee-uh</pronunciation>
    <species>ficifolia</species>
    <genus>Eucalyptus</genus>
    <commonname>Red-Flowering Gum</commonname>
  </name>
  <trunkandbranches>
    <currentyeartwigcolor>reddish, brown</currentyeartwigcolor>
    <numberoftrunks>typically one trunk</numberoftrunks>
    <pruningrequirement>needed for strong structure</pruningrequirement>
    <showiness>showy</showiness>
    <currentyeartwigthickness>thin</currentyeartwigthickness>
    <trunkandbranchbreakage>susceptible to breakage</trunkandbranchbreakage>
    <woodspecificgravity>unknown</woodspecificgravity>
    <branchdrooping>branches don't droop</branchdrooping>
    <crownshaft>not applicable</crownshaft>
    <barkthickness>thick</barkthickness>
    <thorns>no</thorns>
  </trunkandbranches>
  <rangemap>Range Map RM10A11</rangemap>
  <descriptivetext>&lt;p align="center"&gt;&lt;b&gt;&lt;em&gt;Eucalyptus ficifolia &lt;/em&gt;Red-Flowering Gum &lt;/b&gt;&lt;/p&gt;&lt;p align="left"&gt;

A native of Australia,  &lt;em&gt;Eucalyptus ficifolia &lt;/em&gt; grows best on the western coast of the United States and is seldom successful in the interior.  Its flowers are spectacular, and it can be tried as a container plant in the north, wintered indoors.  Foliage of Eucalyptus is aromatic, with frequent distinguishing differences between juvenile and mature leaves.  These plants are used in western landscapes. &lt;/p&gt;&lt;p align="left"&gt;

Propagation of Eucalyptus is by seed, using ripe seed capsules taken off trees. &lt;/p&gt;</descriptivetext>
  <pestresistance>sensitive to pests/diseases</pestresistance>
  <foliage>
    <shape>lanceolate</shape>
    <summercolor>green</summercolor>
    <spiny>no</spiny>
    <type>simple</type>
    <arrangement>alternate</arrangement>
    <bladelength>2 to 4 inches</bladelength>
    <venation>pinnate</venation>
    <fallcharacteristics>not showy</fallcharacteristics>
    <margin>entire</margin>
    <fallcolor>no color change</fallcolor>
    <persistence>fragrant, evergreen, broadleaf evergreen</persistence>
  </foliage>
  <pests>&lt;p align="center"&gt;&lt;b&gt;&lt;u&gt;Pests&lt;/u&gt;&lt;/b&gt;&lt;/p&gt;&lt;p align="left"&gt;

Pests of Eucalyptus include psyllids, aphids, mealybugs, scales, mites, caterpillars and borers.  Spraying with soap solution or appropriate chemical sprays will often suffice to control all but the borers.  Borer damage may require the cutting out and destroying of infested stems and the removal of dying plants.  Psyllids disfigure the tree and can be quite a problem. &lt;/p&gt;</pests>
  <usdahardinesszone>10A-11</usdahardinesszone>
  <culturetolerances>
    <saltspraytolerance>unknown</saltspraytolerance>
    <soilphtolerance>acidic, slightly alkaline</soilphtolerance>
    <lightrequirements>full sun</lightrequirements>
    <soilsalttolerance>unknown</soilsalttolerance>
    <droughttolerance>high</droughttolerance>
    <soildrainagetolerance>well-drained</soildrainagetolerance>
    <soiltexturetolerance>clay, sand, loam</soiltexturetolerance>
  </culturetolerances>
  <nativeorigin>
    <nativetonorthamerica>no</nativetonorthamerica>
    <recommendedfordryclimates>no</recommendedfordryclimates>
    <nativefloridacounty>Not Native to Florida</nativefloridacounty>
  </nativeorigin>
  <lifespan>more than 50 years</lifespan>
</tree>