<?xml version="1.0" encoding="UTF-8" standalone="no"?><tree>
  <foliage>
    <shape>elliptic (oval)</shape>
    <summercolor>green</summercolor>
    <spiny>no</spiny>
    <type>simple</type>
    <arrangement>opposite/subopposite</arrangement>
    <bladelength>2 to 4 inches</bladelength>
    <venation>brachidodrome, pinnate</venation>
    <fallcharacteristics>not showy</fallcharacteristics>
    <margin>entire</margin>
    <fallcolor>no color change</fallcolor>
    <persistence>evergreen</persistence>
  </foliage>
  <rangemap>Range Map RM10A11</rangemap>
  <pestresistance>free of serious pests and diseases</pestresistance>
  <lifespan>25 to 50 years</lifespan>
  <culturetolerances>
    <saltspraytolerance>moderate</saltspraytolerance>
    <soilphtolerance>acidic, alkaline</soilphtolerance>
    <lightrequirements>full sun, partial sun or partial shade</lightrequirements>
    <soilsalttolerance>unknown</soilsalttolerance>
    <droughttolerance>high</droughttolerance>
    <soildrainagetolerance>well-drained</soildrainagetolerance>
    <soiltexturetolerance>sand, loam, clay</soiltexturetolerance>
  </culturetolerances>
  <flower>
    <season>flowers in summer</season>
    <color>white/cream/gray</color>
    <fragrance>no</fragrance>
    <showiness>not showy</showiness>
  </flower>
  <planttype>shrub, tree</planttype>
  <use>container or planter, street without sidewalk, deck or patio, superior hedge, parking lot island &lt; 100 sq ft, parking lot island 100-200 sq ft, parking lot island &gt; 200 sq ft, tree lawn 3-4 feet wide, tree lawn 4-6 feet wide, tree lawn &gt; 6 ft wide, highway median, screen, recommended</use>
  <usdahardinesszone>10A-11</usdahardinesszone>
  <nativeorigin>
    <nativetonorthamerica>no</nativetonorthamerica>
    <recommendedfordryclimates>no</recommendedfordryclimates>
    <nativefloridacounty>Not Native to Florida</nativefloridacounty>
  </nativeorigin>
  <size>
    <height>15 to 25 feet</height>
    <maturespread>8 to 15 feet</maturespread>
    <maintainableheight>4 to 6 feet, 6 to 12 feet, 12 or more feet</maintainableheight>
    <matureheight>15 to 20 feet</matureheight>
    <spread>10 to 15 feet</spread>
  </size>
  <pestsanddiseases>&lt;p align="center"&gt;&lt;b&gt;&lt;u&gt;Pests and Diseases&lt;/u&gt;&lt;/b&gt;&lt;/p&gt;&lt;p align="left"&gt;

Other Stoppers are bothered by chewing insects, caterpillars, and scale. &lt;/p&gt;</pestsanddiseases>
  <trunkandbranches>
    <currentyeartwigcolor>green</currentyeartwigcolor>
    <numberoftrunks>typically multi-trunked</numberoftrunks>
    <pruningrequirement>little required</pruningrequirement>
    <showiness>showy</showiness>
    <currentyeartwigthickness>thin</currentyeartwigthickness>
    <trunkandbranchbreakage>resistant</trunkandbranchbreakage>
    <woodspecificgravity>unknown</woodspecificgravity>
    <branchdrooping>branches don't droop</branchdrooping>
    <crownshaft>not applicable</crownshaft>
    <barkthickness>thick</barkthickness>
    <thorns>no</thorns>
  </trunkandbranches>
  <fruit>
    <composition>fleshy</composition>
    <attractiontowildlife>attracts birds</attractiontowildlife>
    <edible>yes</edible>
    <shape>round</shape>
    <showiness>not showy</showiness>
    <length>less than .5 inch</length>
    <persistant>no</persistant>
    <litter>fruit/leaves a litter problem</litter>
    <color>green, red, black</color>
  </fruit>
  <name>
    <listingname>Gruminchama</listingname>
    <family>Myrtaceae</family>
    <pronunciation>yoo-JEE-nee-uh  bruh-sill-ee-EN-sis</pronunciation>
    <species>brasiliensis</species>
    <genus>Eugenia</genus>
    <commonname>Gruminchama</commonname>
  </name>
  <photographs>
    <entireplant>9256264</entireplant>
    <foliage>980302</foliage>
    <trunk>6273307</trunk>
  </photographs>
  <crowncanopy>
    <texture>medium</texture>
    <density>moderate</density>
    <shape>vase, oval</shape>
    <uniformity>irregular</uniformity>
  </crowncanopy>
  <other>
    <verticilliumwilt>unknown</verticilliumwilt>
    <outstandingtree>yes</outstandingtree>
    <winterinterest>no</winterinterest>
    <invasivepotential>not assessed or incomplete data</invasivepotential>
    <surfacerooting>not a problem</surfacerooting>
    <availability>somewhat available</availability>
    <ozonesensitivity>unknown</ozonesensitivity>
  </other>
  <descriptivetext>&lt;p align="center"&gt;&lt;b&gt;&lt;em&gt;Eugenia brasiliensis &lt;/em&gt;Gruminchama &lt;/b&gt;&lt;/p&gt;&lt;p align="left"&gt;

Gruminchama is an evergreen, small tree or large shrub that grows to about 20 feet and can serve many purposes in the landscape.  They are native to sandy coastal areas.  The shiny, opposite leaves emerge reddish-green turning a medium green several weeks later.   The canopy remains dense, even in the partial shade.  White or cream-yellow flowers have numerous, showy stamens that are yellow in color.  These flowers occur in axillary clusters during the warm months, but they abscise quickly.  The edible fruits are drupe-like, juicy cherry-like berries that are globose or pear-shaped and very showy.  They can make a mess on a sidewalk. &lt;/p&gt;&lt;p align="left"&gt;

Gruminchama may be used in the landscape as hedges, screens, or in shrub borders.  They are excellent for confined soil spaces due to their small size.  They can be used as foundation plantings for large commercial buildings if regularly clipped.  Eugenia species are also exceptional understory shrubs or small trees and make interesting specimen plants due to the showy trunk structure.  They maintain a nice canopy in a shaded landscape. &lt;/p&gt;&lt;p align="left"&gt;

Stoppers grow well in a variety of light levels and they tolerate different types of well-drained soils.  These plants have moderate salt tolerance.  Unlike other Eugenia species Gruminchama is not tolerant of dry soil.  Irrigation in dry weather is most helpful to maintain a dense canopy. &lt;/p&gt;&lt;p align="left"&gt;

Stoppers are easily propagated by seed. &lt;/p&gt;</descriptivetext>
  <growthrate>moderate</growthrate>
</tree>