<?xml version="1.0" encoding="UTF-8" standalone="no"?><tree>
  <diseases>&lt;p align="center"&gt;&lt;b&gt;&lt;u&gt;Diseases&lt;/u&gt;&lt;/b&gt;&lt;/p&gt;&lt;p align="left"&gt;

No diseases are of major concern. &lt;/p&gt;</diseases>
  <planttype>shrub, tree</planttype>
  <size>
    <height>15 to 25 feet</height>
    <maturespread>15 to 25 feet</maturespread>
    <maintainableheight>6 to 12 feet, 12 or more feet</maintainableheight>
    <matureheight>15 to 30 feet</matureheight>
    <spread>15 to 25 feet</spread>
  </size>
  <use>tree lawn 3-4 feet wide, tree lawn 4-6 feet wide, tree lawn &gt; 6 ft wide, street without sidewalk, sidewalk cutout (tree pit), parking lot island &lt; 100 sq ft, parking lot island 100-200 sq ft, parking lot island &gt; 200 sq ft, reclamation, trained as a standard, container or planter, deck or patio, hedge, screen, specimen, highway median, shade, recommended</use>
  <flower>
    <season>flowers in spring, flowers in summer</season>
    <color>white/cream/gray</color>
    <fragrance>no</fragrance>
    <showiness>not showy</showiness>
  </flower>
  <other>
    <verticilliumwilt>unknown</verticilliumwilt>
    <outstandingtree>no</outstandingtree>
    <winterinterest>no</winterinterest>
    <invasivepotential>native to North America</invasivepotential>
    <surfacerooting>not a problem</surfacerooting>
    <availability>generally available</availability>
    <ozonesensitivity>unknown</ozonesensitivity>
  </other>
  <fruit>
    <composition>fleshy</composition>
    <attractiontowildlife>attracts birds, attracts squirrels/mammals</attractiontowildlife>
    <edible>yes</edible>
    <shape>round</shape>
    <showiness>showy</showiness>
    <length>.5 to 1 inch</length>
    <persistant>no</persistant>
    <litter>fruit/leaves a litter problem</litter>
    <color>red, black</color>
  </fruit>
  <factsheet>ST241</factsheet>
  <growthrate>moderate</growthrate>
  <crowncanopy>
    <texture>medium</texture>
    <density>dense</density>
    <shape>upright/erect, vase, oval</shape>
    <uniformity>symmetrical</uniformity>
  </crowncanopy>
  <photographs>
    <foliage>10845766</foliage>
    <trunk>1497612</trunk>
    <flower>4958070</flower>
    <fruit>16568960</fruit>
    <other>13711864</other>
    <entireplant>2990865</entireplant>
  </photographs>
  <name>
    <listingname>Stopper, Eugenia</listingname>
    <family>Myrtaceae</family>
    <pronunciation>yoo-JEE-nee-uh  species</pronunciation>
    <species>spp.</species>
    <genus>Eugenia</genus>
    <commonname>Stopper, Eugenia</commonname>
  </name>
  <trunkandbranches>
    <currentyeartwigcolor>brown</currentyeartwigcolor>
    <numberoftrunks>typically multi-trunked, can be trained to one trunk</numberoftrunks>
    <pruningrequirement>little required</pruningrequirement>
    <showiness>showy</showiness>
    <currentyeartwigthickness>thin</currentyeartwigthickness>
    <trunkandbranchbreakage>resistant</trunkandbranchbreakage>
    <woodspecificgravity>unknown</woodspecificgravity>
    <branchdrooping>branches don't droop</branchdrooping>
    <crownshaft>not applicable</crownshaft>
    <barkthickness>thick</barkthickness>
    <thorns>no</thorns>
  </trunkandbranches>
  <rangemap>Range Map RM10B11</rangemap>
  <descriptivetext>&lt;p align="center"&gt;&lt;b&gt;&lt;em&gt;Eugenia &lt;/em&gt; spp.Stopper, Eugenia &lt;/b&gt;&lt;/p&gt;&lt;p align="left"&gt;

Eugenia is a large group of plants, some native and some non-native, including evergreen trees and shrubs, some of which have been reclassified to the genus  &lt;em&gt;Syzygium &lt;/em&gt;.  The evergreen leaves are firm and glossy, and the flowers white.  It is the dried buds of  &lt;em&gt;Eugenia aromatica &lt;/em&gt; ( &lt;em&gt;Syzygium aromaticum &lt;/em&gt;) which become the fragrant "herb" cloves.  The flowers are followed by the production of berries, some types of which are edible.  All these traits - the attractive foliage, flowers, and berries - help make Eugenia a popular landscape choice in warm climate areas, such as California, Florida, and Hawaii.   &lt;em&gt;Eugenia confusa &lt;/em&gt; (Ironwood, Red Stopper) is native to Florida and grows to about 35 feet and is well suited for street tree and parking lot planting.   &lt;em&gt;Eugenia foetida &lt;/em&gt; (Spanish Stopper) is also native and grows to about 15 feet tall. &lt;/p&gt;&lt;p align="left"&gt;

The smooth, brown to grey, mottled bark and tight canopy of fine-textured leaves makes Eugenia well suited for planting as a specimen in any yard.  Trees can be trained in the nursery to one central trunk or allowed and encouraged to develop multiple trunks.  They create shade for a patio or deck, but will not grow to the large, often overpowering size of a Ficus tree.  They are often used along streets, in highway medians and in parking lots because they adapt to small soil spaces and do not become very large.  Street and parking lot trees are often specified to have one trunk to allow for vehicle clearance beneath the crown.  Multiple trunked trees are often specified for specimen planting so the beautiful bark can be displayed. &lt;/p&gt;&lt;p align="left"&gt;

Eugenia should be grown in full sun or part shade on well-drained soil.  Once established in the landscape, they are drought tolerant requiring little, if any, irrigation. &lt;/p&gt;&lt;p align="left"&gt;

Propagation is by seeds or cuttings. &lt;/p&gt;</descriptivetext>
  <pestresistance>free of serious pests and diseases</pestresistance>
  <foliage>
    <shape>ovate</shape>
    <summercolor>green</summercolor>
    <spiny>no</spiny>
    <type>simple</type>
    <arrangement>opposite/subopposite</arrangement>
    <bladelength>2 to 4 inches</bladelength>
    <venation>pinnate</venation>
    <fallcharacteristics>not showy</fallcharacteristics>
    <margin>entire</margin>
    <fallcolor>no color change</fallcolor>
    <persistence>evergreen</persistence>
  </foliage>
  <pests>&lt;p align="center"&gt;&lt;b&gt;&lt;u&gt;Pests&lt;/u&gt;&lt;/b&gt;&lt;/p&gt;&lt;p align="left"&gt;

Psyllids limit the tree's usefulness in parts of California. &lt;/p&gt;</pests>
  <usdahardinesszone>10B-11</usdahardinesszone>
  <culturetolerances>
    <saltspraytolerance>moderate</saltspraytolerance>
    <soilphtolerance>alkaline, acidic</soilphtolerance>
    <lightrequirements>full sun, partial sun or partial shade</lightrequirements>
    <soilsalttolerance>moderate</soilsalttolerance>
    <droughttolerance>high</droughttolerance>
    <soildrainagetolerance>well-drained</soildrainagetolerance>
    <soiltexturetolerance>clay, sand, loam</soiltexturetolerance>
  </culturetolerances>
  <nativeorigin>
    <nativestate>Florida</nativestate>
    <nativetonorthamerica>yes</nativetonorthamerica>
    <recommendedfordryclimates>no</recommendedfordryclimates>
    <nativefloridacounty>Not Native to Florida</nativefloridacounty>
  </nativeorigin>
  <lifespan>25 to 50 years</lifespan>
</tree>