<?xml version="1.0" encoding="UTF-8" standalone="no"?><tree>
  <foliage>
    <shape>elliptic (oval)</shape>
    <summercolor>green</summercolor>
    <spiny>no</spiny>
    <type>simple</type>
    <arrangement>opposite/subopposite</arrangement>
    <bladelength>less than 2 inches</bladelength>
    <venation>bowed, none, or difficult to see</venation>
    <fallcharacteristics>not showy</fallcharacteristics>
    <margin>entire</margin>
    <fallcolor>no color change</fallcolor>
    <persistence>evergreen</persistence>
  </foliage>
  <rangemap>Range Map RM10A11</rangemap>
  <pestresistance>free of serious pests and diseases</pestresistance>
  <lifespan>25 to 50 years</lifespan>
  <culturetolerances>
    <saltspraytolerance>high</saltspraytolerance>
    <soilphtolerance>acidic, alkaline</soilphtolerance>
    <lightrequirements>full sun, partial sun or partial shade</lightrequirements>
    <soilsalttolerance>unknown</soilsalttolerance>
    <droughttolerance>high</droughttolerance>
    <soildrainagetolerance>well-drained</soildrainagetolerance>
    <soiltexturetolerance>sand, loam, clay</soiltexturetolerance>
  </culturetolerances>
  <flower>
    <season>flowers in summer</season>
    <color>white/cream/gray</color>
    <fragrance>no</fragrance>
    <showiness>not showy</showiness>
  </flower>
  <planttype>shrub, tree</planttype>
  <factsheet>ST241</factsheet>
  <use>container or planter, street without sidewalk, deck or patio, superior hedge, parking lot island &lt; 100 sq ft, parking lot island 100-200 sq ft, parking lot island &gt; 200 sq ft, tree lawn 3-4 feet wide, tree lawn 4-6 feet wide, tree lawn &gt; 6 ft wide, highway median, screen, recommended</use>
  <usdahardinesszone>10A-11</usdahardinesszone>
  <nativeorigin>
    <nativestate>Florida</nativestate>
    <nativetonorthamerica>yes</nativetonorthamerica>
    <recommendedfordryclimates>no</recommendedfordryclimates>
    <nativefloridacounty>Brevard, Broward, Collier, Hendry, Indian River, Lee, Manatee, Martin, Miami-Dade, Monroe Keys, Monroe Mainland, Sarasota, St. Lucie</nativefloridacounty>
  </nativeorigin>
  <size>
    <height>10 to 15 feet</height>
    <maturespread>8 to 15 feet</maturespread>
    <maintainableheight>4 to 6 feet, 6 to 12 feet, 12 or more feet</maintainableheight>
    <matureheight>12 to 20 feet</matureheight>
    <spread>10 to 15 feet</spread>
  </size>
  <pestsanddiseases>&lt;p align="center"&gt;&lt;b&gt;&lt;u&gt;Pests and Diseases&lt;/u&gt;&lt;/b&gt;&lt;/p&gt;&lt;p align="left"&gt;

There are no major problems growing this tree. &lt;/p&gt;</pestsanddiseases>
  <trunkandbranches>
    <currentyeartwigcolor>reddish</currentyeartwigcolor>
    <numberoftrunks>typically multi-trunked</numberoftrunks>
    <pruningrequirement>little required</pruningrequirement>
    <showiness>showy</showiness>
    <currentyeartwigthickness>thin</currentyeartwigthickness>
    <trunkandbranchbreakage>resistant</trunkandbranchbreakage>
    <woodspecificgravity>unknown</woodspecificgravity>
    <branchdrooping>branches droop</branchdrooping>
    <crownshaft>not applicable</crownshaft>
    <barkthickness>thick</barkthickness>
    <thorns>no</thorns>
  </trunkandbranches>
  <fruit>
    <composition>fleshy</composition>
    <attractiontowildlife>attracts birds</attractiontowildlife>
    <edible>yes</edible>
    <shape>round</shape>
    <showiness>not showy</showiness>
    <length>less than .5 inch</length>
    <persistant>no</persistant>
    <litter>fruit/leaves a litter problem</litter>
    <color>green, red, black</color>
  </fruit>
  <name>
    <listingname>Spanish Stopper, Box-Leaf Eugenia, Stopper, Spanish, Eugenia, Box-Leaf</listingname>
    <family>Myrtaceae</family>
    <pronunciation>yoo-JEE-nee-uh  FET-ih-duh</pronunciation>
    <species>foetida</species>
    <genus>Eugenia</genus>
    <commonname>Spanish Stopper, Box-Leaf Eugenia</commonname>
  </name>
  <photographs>
    <entireplant>2305528</entireplant>
    <fruit>1107458</fruit>
    <foliage>16569396</foliage>
    <trunk>2726938</trunk>
  </photographs>
  <crowncanopy>
    <texture>medium</texture>
    <density>moderate</density>
    <shape>vase, oval</shape>
    <uniformity>irregular</uniformity>
  </crowncanopy>
  <other>
    <verticilliumwilt>unknown</verticilliumwilt>
    <outstandingtree>yes</outstandingtree>
    <winterinterest>no</winterinterest>
    <invasivepotential>not a problem species</invasivepotential>
    <surfacerooting>not a problem</surfacerooting>
    <availability>somewhat available</availability>
    <ozonesensitivity>unknown</ozonesensitivity>
  </other>
  <descriptivetext>&lt;p align="center"&gt;&lt;b&gt;&lt;em&gt;Eugenia foetida &lt;/em&gt;Spanish Stopper, Box-Leaf Stopper &lt;/b&gt;&lt;/p&gt;&lt;p align="left"&gt;

Spanish Stopper grows in south Florida on limestone soils in hardwood hammocks as an understory tree.  However, it is perfectly adapted to more open, sunny locations where it will flourish with little care once it becomes established.  Reddish twigs bear tiny green leaves and berries less than 1/4 inch diameter.  Several stems arise from the lower part of the tree forming a multiple trunked tree well adapted for many landscapes. &lt;/p&gt;&lt;p align="left"&gt;

The smooth, brown to grey, mottled bark and tight canopy of fine-textured leaves makes Spanish Stopper well suited for planting as a specimen in any yard.  Old bark exfoliates showing fresh, smooth orange bark below.  It is commonly used as a hedge due to the small leaves and branchiness.  Trees can be trained in the nursery to one central trunk or allowed and encouraged to develop multiple trunks.  They create shade for a patio or deck, but will not grow to the large, often overpowering size of a large tree such as a Fig.  They are often used along streets, in highway medians and in parking lots because they adapt to small soil spaces and do not become very large.  Street and parking lot trees are often specified to have one trunk to allow for vehicle clearance beneath the crown.  Multiple trunked trees are often specified for specimen planting so the beautiful bark can be displayed. &lt;/p&gt;&lt;p align="left"&gt;

Plants are adapted to most soils from acidic to alkaline.  Once they are established in the landscape, they require little care. &lt;/p&gt;</descriptivetext>
  <growthrate>moderate</growthrate>
</tree>