<?xml version="1.0" encoding="UTF-8" standalone="no"?><tree>
  <foliage>
    <shape>elliptic (oval)</shape>
    <summercolor>green</summercolor>
    <spiny>no</spiny>
    <type>simple</type>
    <arrangement>opposite/subopposite</arrangement>
    <bladelength>less than 2 inches</bladelength>
    <venation>brachidodrome, pinnate</venation>
    <fallcharacteristics>not showy</fallcharacteristics>
    <margin>entire</margin>
    <fallcolor>no color change</fallcolor>
    <persistence>evergreen</persistence>
  </foliage>
  <rangemap>Range Map RM10A11</rangemap>
  <pestresistance>free of serious pests and diseases</pestresistance>
  <lifespan>25 to 50 years</lifespan>
  <culturetolerances>
    <saltspraytolerance>high</saltspraytolerance>
    <soilphtolerance>acidic, alkaline</soilphtolerance>
    <lightrequirements>full sun, partial sun or partial shade</lightrequirements>
    <soilsalttolerance>unknown</soilsalttolerance>
    <droughttolerance>high</droughttolerance>
    <soildrainagetolerance>well-drained</soildrainagetolerance>
    <soiltexturetolerance>sand, loam, clay</soiltexturetolerance>
  </culturetolerances>
  <flower>
    <season>flowers in summer</season>
    <color>white/cream/gray</color>
    <fragrance>no</fragrance>
    <showiness>not showy</showiness>
  </flower>
  <planttype>shrub, tree</planttype>
  <factsheet>ST241</factsheet>
  <use>container or planter, street without sidewalk, deck or patio, superior hedge, parking lot island &lt; 100 sq ft, parking lot island 100-200 sq ft, parking lot island &gt; 200 sq ft, tree lawn 3-4 feet wide, tree lawn 4-6 feet wide, tree lawn &gt; 6 ft wide, highway median, screen, recommended</use>
  <usdahardinesszone>10A-11</usdahardinesszone>
  <nativeorigin>
    <nativestate>Florida</nativestate>
    <nativetonorthamerica>yes</nativetonorthamerica>
    <recommendedfordryclimates>no</recommendedfordryclimates>
    <nativefloridacounty>Brevard, Broward, Charlotte, Citrus, Collier, Hendry, Hillsborough, Indian River, Lee, Levy, Manatee, Martin, Miami-Dade, Monroe Keys, Monroe Mainland, Osceola, Palm Beach, Pinellas, Sarasota, St. Lucie, Volusia</nativefloridacounty>
  </nativeorigin>
  <size>
    <height>15 to 25 feet</height>
    <maturespread>8 to 15 feet</maturespread>
    <maintainableheight>4 to 6 feet, 6 to 12 feet, 12 or more feet</maintainableheight>
    <matureheight>15 to 25 feet</matureheight>
    <spread>10 to 15 feet</spread>
  </size>
  <pestsanddiseases>&lt;p align="center"&gt;&lt;b&gt;&lt;u&gt;Pests and Diseases&lt;/u&gt;&lt;/b&gt;&lt;/p&gt;&lt;p align="left"&gt;

The Stoppers are bothered by chewing insects, caterpillars, and scale. &lt;/p&gt;</pestsanddiseases>
  <trunkandbranches>
    <currentyeartwigcolor>reddish, brown</currentyeartwigcolor>
    <numberoftrunks>typically multi-trunked</numberoftrunks>
    <pruningrequirement>little required</pruningrequirement>
    <showiness>showy</showiness>
    <currentyeartwigthickness>thin</currentyeartwigthickness>
    <trunkandbranchbreakage>resistant</trunkandbranchbreakage>
    <woodspecificgravity>unknown</woodspecificgravity>
    <branchdrooping>branches droop</branchdrooping>
    <crownshaft>not applicable</crownshaft>
    <barkthickness>thick</barkthickness>
    <thorns>no</thorns>
  </trunkandbranches>
  <fruit>
    <composition>fleshy</composition>
    <attractiontowildlife>attracts birds</attractiontowildlife>
    <edible>yes</edible>
    <shape>round</shape>
    <showiness>not showy</showiness>
    <length>less than .5 inch</length>
    <persistant>no</persistant>
    <litter>fruit/leaves a litter problem</litter>
    <color>green, red, black</color>
  </fruit>
  <name>
    <listingname>White Stopper, Stopper, White</listingname>
    <family>Myrtaceae</family>
    <pronunciation>yoo-JEE-nee-uh  ack-sill-AIR-iss</pronunciation>
    <species>axillaris</species>
    <genus>Eugenia</genus>
    <commonname>White Stopper</commonname>
  </name>
  <photographs>
    <foliage>8584979</foliage>
  </photographs>
  <crowncanopy>
    <texture>medium</texture>
    <density>moderate</density>
    <shape>vase, oval</shape>
    <uniformity>irregular</uniformity>
  </crowncanopy>
  <other>
    <verticilliumwilt>unknown</verticilliumwilt>
    <outstandingtree>yes</outstandingtree>
    <winterinterest>no</winterinterest>
    <invasivepotential>not a problem species</invasivepotential>
    <surfacerooting>not a problem</surfacerooting>
    <availability>somewhat available</availability>
    <ozonesensitivity>unknown</ozonesensitivity>
  </other>
  <descriptivetext>&lt;p align="center"&gt;&lt;b&gt;&lt;em&gt;Eugenia axillaris &lt;/em&gt;White Stopper &lt;/b&gt;&lt;/p&gt;&lt;p align="left"&gt;

White Stopper is well known for its interesting, earthy fragrance.  These evergreen small trees or large shrubs grow to about 25 feet and serve many purposes in the landscape.  They are native to sandy coastal areas.  The small, opposite leaves emerge bright red turning a medium green several weeks later.  White or cream-yellow flowers have numerous, showy stamens that are yellow in color.  These flowers occur in axillary clusters during the warm months, but they abscise quickly.  The edible fruits are drupe-like, juicy berries that are globose or pear-shaped and very showy. &lt;/p&gt;&lt;p align="left"&gt;

Stoppers may be used in the landscape as hedges, borders, accents, or screens.  They are excellent for confined soil spaces due to their small size.  They can be used as foundation plantings if regularly clipped.  Eugenia species are also exceptional understory shrubs or small trees and make interesting specimen plants due to the showy trunk structure.  They maintain a nice canopy in a shaded landscape.  Remove lower branches to develop a nice small, multi-trunked tree. &lt;/p&gt;&lt;p align="left"&gt;

Stoppers grow well in a variety of light levels and they tolerate different types of well-drained soils.  These plants are salt and drought tolerant. &lt;/p&gt;&lt;p align="left"&gt;

Stoppers are easily propagated by seed. &lt;/p&gt;</descriptivetext>
  <growthrate>moderate</growthrate>
</tree>