<?xml version="1.0" encoding="UTF-8" standalone="no"?><tree>
  <foliage>
    <shape>ovate</shape>
    <summercolor>green</summercolor>
    <spiny>no</spiny>
    <type>simple</type>
    <arrangement>opposite/subopposite</arrangement>
    <bladelength>less than 2 inches</bladelength>
    <venation>pinnate, none, or difficult to see</venation>
    <fallcharacteristics>not showy</fallcharacteristics>
    <margin>entire</margin>
    <fallcolor>no color change</fallcolor>
    <persistence>evergreen</persistence>
  </foliage>
  <rangemap>Range Map RM10B11</rangemap>
  <pestresistance>free of serious pests and diseases</pestresistance>
  <lifespan>25 to 50 years</lifespan>
  <culturetolerances>
    <saltspraytolerance>high</saltspraytolerance>
    <soilphtolerance>acidic, alkaline</soilphtolerance>
    <lightrequirements>full sun, partial sun or partial shade</lightrequirements>
    <soilsalttolerance>unknown</soilsalttolerance>
    <droughttolerance>high</droughttolerance>
    <soildrainagetolerance>well-drained</soildrainagetolerance>
    <soiltexturetolerance>sand, loam, clay</soiltexturetolerance>
  </culturetolerances>
  <flower>
    <season>flowers year-round</season>
    <color>white/cream/gray</color>
    <fragrance>no</fragrance>
    <showiness>not showy</showiness>
  </flower>
  <planttype>shrub, tree</planttype>
  <factsheet>ST241</factsheet>
  <use>container or planter, trained as a standard, hedge, deck or patio, parking lot island &lt; 100 sq ft, parking lot island 100-200 sq ft, parking lot island &gt; 200 sq ft, tree lawn 3-4 feet wide, tree lawn 4-6 feet wide, tree lawn &gt; 6 ft wide, highway median, screen, recommended</use>
  <usdahardinesszone>10B-11</usdahardinesszone>
  <nativeorigin>
    <nativestate>Florida</nativestate>
    <nativetonorthamerica>yes</nativetonorthamerica>
    <recommendedfordryclimates>no</recommendedfordryclimates>
    <nativefloridacounty>Miami-Dade, Monroe Keys</nativefloridacounty>
  </nativeorigin>
  <size>
    <height>10 to 15 feet</height>
    <maturespread>10 to 15 feet</maturespread>
    <maintainableheight>4 to 6 feet, 6 to 12 feet, 12 or more feet</maintainableheight>
    <matureheight>15 to 20 feet</matureheight>
    <spread>10 to 15 feet</spread>
  </size>
  <pestsanddiseases>&lt;p align="center"&gt;&lt;b&gt;&lt;u&gt;Pests and Diseases&lt;/u&gt;&lt;/b&gt;&lt;/p&gt;&lt;p align="left"&gt;

There are no major problems growing this tree. &lt;/p&gt;</pestsanddiseases>
  <trunkandbranches>
    <currentyeartwigcolor>green, brown</currentyeartwigcolor>
    <numberoftrunks>typically multi-trunked</numberoftrunks>
    <pruningrequirement>little required</pruningrequirement>
    <showiness>showy</showiness>
    <currentyeartwigthickness>thin</currentyeartwigthickness>
    <trunkandbranchbreakage>resistant</trunkandbranchbreakage>
    <woodspecificgravity>unknown</woodspecificgravity>
    <branchdrooping>branches droop</branchdrooping>
    <crownshaft>not applicable</crownshaft>
    <barkthickness>thick</barkthickness>
    <thorns>no</thorns>
  </trunkandbranches>
  <fruit>
    <composition>fleshy</composition>
    <attractiontowildlife>attracts birds, attracts squirrels/mammals</attractiontowildlife>
    <edible>yes</edible>
    <shape>round</shape>
    <showiness>not showy</showiness>
    <length>less than .5 inch</length>
    <persistant>no</persistant>
    <litter>fruit/leaves a litter problem</litter>
    <color>green, red, black</color>
  </fruit>
  <name>
    <listingname>Red Stopper, Spiceberry, Stopper, Red</listingname>
    <family>Myrtaceae</family>
    <pronunciation>yoo-JEE-nee-uh  ROM-bee-uh</pronunciation>
    <species>rhombea</species>
    <genus>Eugenia</genus>
    <commonname>Red Stopper, Spiceberry</commonname>
  </name>
  <photographs>
    <entireplant>9206091</entireplant>
    <flower>15248737</flower>
    <foliage>9209639</foliage>
  </photographs>
  <crowncanopy>
    <texture>medium</texture>
    <density>moderate</density>
    <shape>round, oval</shape>
    <uniformity>symmetrical</uniformity>
  </crowncanopy>
  <other>
    <verticilliumwilt>unknown</verticilliumwilt>
    <outstandingtree>yes</outstandingtree>
    <winterinterest>no</winterinterest>
    <invasivepotential>not a problem species</invasivepotential>
    <surfacerooting>not a problem</surfacerooting>
    <availability>rarely available</availability>
    <ozonesensitivity>unknown</ozonesensitivity>
  </other>
  <descriptivetext>&lt;p align="center"&gt;&lt;b&gt;&lt;em&gt;Eugenia rhombea &lt;/em&gt;Spiceberry, Red Stopper &lt;/b&gt;&lt;/p&gt;&lt;p align="left"&gt;

Red Stopper grows in south Florida on limestone soils in coastal uplands as an understory tree.  However, it is perfectly adapted to more open, sunny locations where it will flourish with little care once it becomes established.  Several stems arise from the lower part of the tree forming a multiple trunked tree well adapted for many landscapes.  Older trees grow to about 20 feet tall and wide. &lt;/p&gt;&lt;p align="left"&gt;

The smooth, brown to grey, mottled bark and tight canopy of fine-textured leaves makes Red Stopper well suited for planting as a specimen in any yard.  Trees can be trained in the nursery to one central trunk or allowed and encouraged to develop multiple trunks.  They create shade for a patio or deck, but will not grow to the large, often overpowering size of a large tree such as a Fig.  They are often used along streets, in highway medians and in parking lots because they adapt to small soil spaces and do not become very large.  Street and parking lot trees are often specified to have one trunk to allow for vehicle clearance beneath the crown.  Multiple trunked trees are often specified for specimen planting. &lt;/p&gt;&lt;p align="left"&gt;

Plants are adapted to most well-drained soils from slightly acidic to alkaline.  Soils in their native habitat are sandy with shell fragments and a surface layer of accumulated organic matter.  Once they are established in the landscape, they require little care.  Red Stopper is an endangered plant in Florida. &lt;/p&gt;</descriptivetext>
  <growthrate>moderate</growthrate>
</tree>