<?xml version="1.0" encoding="UTF-8" standalone="no"?><tree>
  <foliage>
    <shape>ovate</shape>
    <summercolor>green, purple/red</summercolor>
    <spiny>no</spiny>
    <type>simple</type>
    <arrangement>opposite/subopposite</arrangement>
    <bladelength>less than 2 inches</bladelength>
    <venation>brachidodrome, pinnate</venation>
    <fallcharacteristics>not showy</fallcharacteristics>
    <margin>entire</margin>
    <fallcolor>no color change</fallcolor>
    <persistence>evergreen, fragrant</persistence>
  </foliage>
  <rangemap>Range Map RM9B11</rangemap>
  <pestresistance>free of serious pests and diseases</pestresistance>
  <lifespan>25 to 50 years</lifespan>
  <culturetolerances>
    <saltspraytolerance>moderate</saltspraytolerance>
    <soilphtolerance>alkaline, acidic</soilphtolerance>
    <lightrequirements>full sun, partial sun or partial shade</lightrequirements>
    <soilsalttolerance>poor</soilsalttolerance>
    <droughttolerance>moderate</droughttolerance>
    <soildrainagetolerance>well-drained</soildrainagetolerance>
    <soiltexturetolerance>clay, sand, loam</soiltexturetolerance>
  </culturetolerances>
  <flower>
    <season>flowers in spring</season>
    <color>white/cream/gray</color>
    <fragrance>pleasant</fragrance>
    <showiness>showy</showiness>
  </flower>
  <diseases>&lt;p align="center"&gt;&lt;b&gt;&lt;u&gt;Diseases&lt;/u&gt;&lt;/b&gt;&lt;/p&gt;&lt;p align="left"&gt;

No diseases are of major concern. &lt;/p&gt;</diseases>
  <planttype>shrub, tree</planttype>
  <use>screen, fruit, superior hedge, container or planter, trained as a standard, highway median</use>
  <usdahardinesszone>9B-11</usdahardinesszone>
  <nativeorigin>
    <nativetonorthamerica>no</nativetonorthamerica>
    <recommendedfordryclimates>no</recommendedfordryclimates>
    <nativefloridacounty>Not Native to Florida</nativefloridacounty>
  </nativeorigin>
  <size>
    <height>6 to 10 feet</height>
    <maturespread>6 to 15 feet</maturespread>
    <maintainableheight>2 to 4 feet, 4 to 6 feet, 6 to 12 feet, 12 or more feet</maintainableheight>
    <matureheight>8 to 20 feet</matureheight>
    <spread>6 to 10 feet</spread>
  </size>
  <trunkandbranches>
    <currentyeartwigcolor>reddish</currentyeartwigcolor>
    <numberoftrunks>typically multi-trunked</numberoftrunks>
    <pruningrequirement>little required</pruningrequirement>
    <showiness>showy</showiness>
    <currentyeartwigthickness>thin</currentyeartwigthickness>
    <trunkandbranchbreakage>resistant</trunkandbranchbreakage>
    <woodspecificgravity>unknown</woodspecificgravity>
    <branchdrooping>branches droop</branchdrooping>
    <crownshaft>not applicable</crownshaft>
    <barkthickness>thin bark</barkthickness>
    <thorns>no</thorns>
  </trunkandbranches>
  <pests>&lt;p align="center"&gt;&lt;b&gt;&lt;u&gt;Pests&lt;/u&gt;&lt;/b&gt;&lt;/p&gt;&lt;p align="left"&gt;

Surinam Cherry is bothered by scale and caterpillars. &lt;/p&gt;</pests>
  <fruit>
    <composition>fleshy</composition>
    <attractiontowildlife>attracts birds, attracts squirrels/mammals</attractiontowildlife>
    <edible>yes</edible>
    <shape>round</shape>
    <showiness>showy</showiness>
    <length>less than .5 inch</length>
    <persistant>no</persistant>
    <litter>fruit/leaves a litter problem</litter>
    <color>red, orange</color>
  </fruit>
  <name>
    <listingname>Surinam Cherry, Cherry, Surinam</listingname>
    <family>Myrtaceae</family>
    <pronunciation>yoo-JEE-nee-uh  yoo-nih-FLOR-uh</pronunciation>
    <species>uniflora</species>
    <genus>Eugenia</genus>
    <commonname>Surinam Cherry</commonname>
  </name>
  <photographs>
    <entireplant>12989599</entireplant>
    <flower>14680302</flower>
    <fruit>3055427</fruit>
    <other>16187325</other>
    <trunk>3420963</trunk>
  </photographs>
  <crowncanopy>
    <texture>fine</texture>
    <density>dense</density>
    <shape>vase, oval</shape>
    <uniformity>symmetrical</uniformity>
  </crowncanopy>
  <other>
    <verticilliumwilt>unknown</verticilliumwilt>
    <outstandingtree>no</outstandingtree>
    <winterinterest>no</winterinterest>
    <invasivepotential>invasive: not recommended</invasivepotential>
    <surfacerooting>not a problem</surfacerooting>
    <availability>generally available</availability>
    <ozonesensitivity>unknown</ozonesensitivity>
  </other>
  <descriptivetext>&lt;p align="center"&gt;&lt;b&gt;&lt;em&gt;Eugenia uniflora &lt;/em&gt;Surinam Cherry &lt;/b&gt;&lt;/p&gt;&lt;p align="left"&gt;

Surinam Cherry is an excellent shrub for screens or hedges, with smooth, shiny, aromatic leaves which are bright red when young.  This lends a reddish cast to a clipped hedge during the growing season.  The small thin leaves allow the plant to be sheared easily, and it is often used as a hedge.  The plant remains dense all the way to the ground if the top of the hedge is clipped so it stays slightly narrower than the bottom.  The small, fragrant, white flowers are followed by one-inch diameter, tasty, ribbed, red berries which are unusually high in vitamin C. &lt;/p&gt;&lt;p align="left"&gt;

Growing best in full sun and rapidly-draining soil, Surinam Cherry has interesting tan-colored, thin, peeling bark and multiple stems, making it a good candidate for training into a small tree for use as a specimen tree.  Unfortunately, it is seldom grown in this manner.  The natural habit of the plant is an upright spreading form, similar to Crape Myrtle.  Space from two to five feet apart to form a hedge or screen planting. &lt;/p&gt;&lt;p align="left"&gt;

There are many  &lt;em&gt;Eugenia &lt;/em&gt; species with a range of mature heights and sizes. &lt;/p&gt;&lt;p align="left"&gt;

Propagation is by seed or cuttings. &lt;/p&gt;</descriptivetext>
  <growthrate>moderate</growthrate>
</tree>