<?xml version="1.0" encoding="UTF-8" standalone="no"?><tree>
  <foliage>
    <shape>oblong, ovate</shape>
    <summercolor>green</summercolor>
    <spiny>no</spiny>
    <type>odd-pinnately compound</type>
    <arrangement>opposite/subopposite</arrangement>
    <bladelength>2 to 4 inches</bladelength>
    <venation>pinnate</venation>
    <fallcharacteristics>showy</fallcharacteristics>
    <margin>crenate</margin>
    <fallcolor>yellow</fallcolor>
    <persistence>deciduous</persistence>
  </foliage>
  <rangemap>Range Map RM4A8A</rangemap>
  <pestresistance>free of serious pests and diseases</pestresistance>
  <lifespan>25 to 50 years</lifespan>
  <culturetolerances>
    <saltspraytolerance>moderate</saltspraytolerance>
    <soilphtolerance>acidic, alkaline</soilphtolerance>
    <lightrequirements>full sun</lightrequirements>
    <soilsalttolerance>poor</soilsalttolerance>
    <droughttolerance>high</droughttolerance>
    <soildrainagetolerance>well-drained</soildrainagetolerance>
    <soiltexturetolerance>clay, sand, loam</soiltexturetolerance>
  </culturetolerances>
  <flower>
    <season>flowers in summer</season>
    <color>white/cream/gray</color>
    <fragrance>pleasant</fragrance>
    <showiness>very showy</showiness>
  </flower>
  <planttype>tree</planttype>
  <factsheet>ST242</factsheet>
  <use>highway median, specimen, shade, deck or patio, parking lot island &lt; 100 sq ft, parking lot island 100-200 sq ft, parking lot island &gt; 200 sq ft, tree lawn 3-4 feet wide, tree lawn 4-6 feet wide, tree lawn &gt; 6 ft wide, street without sidewalk, recommended</use>
  <usdahardinesszone>4A-8A</usdahardinesszone>
  <nativeorigin>
    <nativetonorthamerica>no</nativetonorthamerica>
    <recommendedfordryclimates>no</recommendedfordryclimates>
    <nativefloridacounty>Not Native to Florida</nativefloridacounty>
  </nativeorigin>
  <size>
    <height>15 to 25 feet</height>
    <maturespread>25 to 30 feet</maturespread>
    <maintainableheight>not suitable for clipping</maintainableheight>
    <matureheight>15 to 25 feet</matureheight>
    <spread>25 to 35 feet</spread>
  </size>
  <pestsanddiseases>&lt;p align="center"&gt;&lt;b&gt;&lt;u&gt;Pests and Diseases&lt;/u&gt;&lt;/b&gt;&lt;/p&gt;&lt;p align="left"&gt;

No pests or diseases are of major concern.  Watch where the tree is located since bees are attracted to the flowers in great numbers. &lt;/p&gt;</pestsanddiseases>
  <trunkandbranches>
    <currentyeartwigcolor>brown, gray</currentyeartwigcolor>
    <numberoftrunks>typically multi-trunked, can be trained to one trunk</numberoftrunks>
    <pruningrequirement>needed for strong structure</pruningrequirement>
    <showiness>showy</showiness>
    <currentyeartwigthickness>medium, thick</currentyeartwigthickness>
    <trunkandbranchbreakage>susceptible to breakage</trunkandbranchbreakage>
    <woodspecificgravity>unknown</woodspecificgravity>
    <branchdrooping>branches droop</branchdrooping>
    <crownshaft>not applicable</crownshaft>
    <barkthickness>thick</barkthickness>
    <thorns>no</thorns>
  </trunkandbranches>
  <fruit>
    <composition>dry or hard</composition>
    <attractiontowildlife>little</attractiontowildlife>
    <edible>no</edible>
    <shape>round</shape>
    <showiness>showy</showiness>
    <length>less than .5 inch</length>
    <persistant>yes</persistant>
    <litter>fruit/leaves not a litter problem</litter>
    <color>red, black</color>
  </fruit>
  <name>
    <listingname>Korean Evodia, Bebe Tree, Evodia, Korean</listingname>
    <family>Rutaceae</family>
    <pronunciation>ee-VOE-dee-uh  dan-ee-ELL-ee-eye</pronunciation>
    <species>daniellii</species>
    <genus>Evodia</genus>
    <commonname>Korean Evodia, Bebe Tree</commonname>
  </name>
  <photographs>
    <spring>14939038</spring>
    <entireplant>4569856</entireplant>
    <flower>1779956</flower>
    <foliage>11591984</foliage>
    <trunk>10791195</trunk>
  </photographs>
  <crowncanopy>
    <texture>medium</texture>
    <density>moderate</density>
    <shape>spreading, round</shape>
    <uniformity>irregular</uniformity>
  </crowncanopy>
  <other>
    <verticilliumwilt>unknown</verticilliumwilt>
    <outstandingtree>yes</outstandingtree>
    <winterinterest>yes</winterinterest>
    <invasivepotential>not assessed or incomplete data</invasivepotential>
    <surfacerooting>not a problem</surfacerooting>
    <availability>somewhat available</availability>
    <ozonesensitivity>unknown</ozonesensitivity>
  </other>
  <descriptivetext>&lt;p align="center"&gt;&lt;b&gt;&lt;em&gt;Evodia danielii &lt;/em&gt;Korean Evodia, Bebe Tree &lt;/b&gt;&lt;/p&gt;&lt;p align="left"&gt;

Korean Evodia is a little-known but highly desirable small, deciduous tree, often seen at 15 to 25 feet high with an equal or greater spread but is capable of reaching 50 feet in height.  Specimens reaching 50 feet tall are rare.  The pinnately compound, dark green leaves cast a light shade below the tree and remain attractive and disease-free throughout the summer.  The leaves often drop in autumn while still green, though some trees have been known to provide a display of clear yellow fall foliage.  In early summer, many showy, flat-topped flower clusters appear, the white, fragrant blossoms attracting a multitude of bees.  Following this gorgeous display of blooms is the production of ornamental, red to black fruits. &lt;/p&gt;&lt;p align="left"&gt;

Evodia should be grown and used more often as a small tree, its mound-shaped crown providing shade for small areas.  Well-suited for patios and other small areas, including residences, Evodia deserves to be tried more as an urban tree.  It could be suited for planting close to power and telephone lines since height-increase slows down with age giving way to more horizontal growth.  The tree is often seen 25 feet tall spreading 25 to 35 feet with several large-diameter branches dominating the crown.  These are covered with smooth grey bark and originate close to the ground (three to five feet from the ground) on unpruned trees and can form a beautiful multi-trunked effect, if desired.  The trees can be pruned to develop a clear trunk which would be suited for planting close to the curb along the street or parking lot. &lt;/p&gt;&lt;p align="left"&gt;

According to one report, the wood is brittle and subject to storm damage, and the trees may be relatively short-lived, 15 to 40-years.  I have found this to be related to embedded bark between major limbs or trunks.  Dr. Michael Dirr of the University of Georgia has observed many trees throughout the south which appear to be doing fine.  Prune so that main branches remain less than half the diameter of the trunk to perhaps increase longevity by reducing branch breakage. &lt;/p&gt;&lt;p align="left"&gt;

Korean Evodia should be grown in full sun on moist but well-drained, fertile soil.  It tolerates drought once established and will grow nicely in poor soil, including moderately-drained clay. Propagation is by seed or cuttings. &lt;/p&gt;</descriptivetext>
  <growthrate>slow</growthrate>
</tree>