<?xml version="1.0" encoding="UTF-8" standalone="no"?><tree>
  <diseases>&lt;p align="center"&gt;&lt;b&gt;&lt;u&gt;Diseases&lt;/u&gt;&lt;/b&gt;&lt;/p&gt;&lt;p align="left"&gt;

Usually none are serious provided soil is not compacted and is well-drained. &lt;/p&gt;&lt;p align="left"&gt;

Several fungi cause leaf spots but are generally not serious to warrant chemical control. &lt;/p&gt;&lt;p align="left"&gt;

Powdery mildew causes a white coating on the leaves.  The disease is most common late in the season. &lt;/p&gt;&lt;p align="left"&gt;

Bleeding canker forms cankers from which a brownish liquid oozes.  Crown symptoms include leaves of smaller size and lighter green color than normal.  In severe cases the leaves wilt and the branches die.  Avoid feeding with high nitrogen fertilizers as it seems to worsen the condition of infected trees. &lt;/p&gt;&lt;p align="left"&gt;

Beech bark disease occurs when the feeding site of woolly Beech scale is invaded by a fungus.  The fungus kills the bark and in the process, the insects.  There are no satisfactory controls for the fungus.  Control the disease by controlling the scale with a horticultural oil. &lt;/p&gt;&lt;p align="left"&gt;

Cankers infect, girdle, and occasionally kill branches.  Prune out the infected branches. &lt;/p&gt;&lt;p align="left"&gt;

During periods of high temperatures and low rainfall Beech may scorch.  Make sure trees are adequately watered and mulched.  &lt;/p&gt;</diseases>
  <planttype>tree</planttype>
  <size>
    <height>50 to 75 feet</height>
    <maturespread>40 to 60 feet</maturespread>
    <maintainableheight>not suitable for clipping</maintainableheight>
    <matureheight>50 to 75 feet</matureheight>
    <spread>over 50 feet</spread>
  </size>
  <use>hedge, shade, specimen, recommended</use>
  <flower>
    <season>flowers in spring</season>
    <color>unknown</color>
    <fragrance>no</fragrance>
    <showiness>not showy</showiness>
  </flower>
  <other>
    <verticilliumwilt>resistant</verticilliumwilt>
    <outstandingtree>no</outstandingtree>
    <winterinterest>yes</winterinterest>
    <invasivepotential>not a problem species</invasivepotential>
    <surfacerooting>can form large surface roots</surfacerooting>
    <availability>generally available</availability>
    <ozonesensitivity>tolerant</ozonesensitivity>
  </other>
  <fruit>
    <composition>dry or hard</composition>
    <attractiontowildlife>attracts birds, attracts squirrels/mammals</attractiontowildlife>
    <edible>yes</edible>
    <shape>oval</shape>
    <showiness>not showy</showiness>
    <length>.5 to 1 inch</length>
    <persistant>no</persistant>
    <litter>fruit/leaves not a litter problem</litter>
    <color>brown</color>
  </fruit>
  <factsheet>ST243</factsheet>
  <growthrate>moderate</growthrate>
  <crowncanopy>
    <texture>medium</texture>
    <density>dense</density>
    <shape>oval, pyramidal</shape>
    <uniformity>symmetrical</uniformity>
  </crowncanopy>
  <photographs>
    <entireplant>10577217</entireplant>
    <fall>8451711</fall>
    <other>6319404</other>
    <foliage>11107580</foliage>
    <trunk>6500946</trunk>
  </photographs>
  <name>
    <listingname>American Beech, Beech, American</listingname>
    <family>Fagaceae</family>
    <pronunciation>FAY-gus  gran-dih-FOLE-ee-uh</pronunciation>
    <species>grandifolia</species>
    <genus>Fagus</genus>
    <commonname>American Beech</commonname>
  </name>
  <trunkandbranches>
    <currentyeartwigcolor>gray, brown</currentyeartwigcolor>
    <numberoftrunks>typically one trunk</numberoftrunks>
    <pruningrequirement>little required</pruningrequirement>
    <showiness>very showy</showiness>
    <currentyeartwigthickness>thin</currentyeartwigthickness>
    <trunkandbranchbreakage>resistant</trunkandbranchbreakage>
    <woodspecificgravity>0.64</woodspecificgravity>
    <branchdrooping>branches droop</branchdrooping>
    <crownshaft>not applicable</crownshaft>
    <barkthickness>thick</barkthickness>
    <thorns>no</thorns>
  </trunkandbranches>
  <rangemap>Range Map RM3A8B</rangemap>
  <descriptivetext>&lt;p align="center"&gt;&lt;b&gt;&lt;em&gt;Fagus grandifolia &lt;/em&gt;American Beech &lt;/b&gt;&lt;/p&gt;&lt;p align="left"&gt;

This massive tree will slowly reach a height and spread of 50 or more feet.  Forest grown trees reach up to 120 feet.  The tree is naturally low-branched with attractive glossy green leaves providing deep, inviting shade.  Little grows in the dense shade of a Beech tree but if low branches are left on the tree no ground cover or grass is needed.  In the fall, the leaves turn bronze but weather to a light tan color.  Some leaves are held late into the winter if not blown off by the wind and the thin, smooth, silvery-gray bark is quite ornamental.  The bark looks like elephant skin on older specimens.  The four tiny nuts in each spiny bur of this American native are much prized by birds and various mammals, including man.  The wood is almost white and is used most often in toys, cookware, furniture and for barrels which age beer.  The tree is very resistant to decay under water so it was used to make water wheels in Colonial times.  The wood is also used for tool handles, chairs, cuttings boards, and for making charcoal. &lt;/p&gt;&lt;p align="left"&gt;

Branch structure is typically very good, with one central trunk growing straight up through the crown of the tree.  Many branches are often horizontally oriented, small in diameter, and well secured to the trunk. &lt;/p&gt;&lt;p align="left"&gt;

American Beech needs a loose, acid soil which is well-drained yet can retain enough moisture for its shallow root system.  The root zone should be free of compaction and grass competition.  Not a good street or parking lot tree due to its need for good soil and low-branching, horizontal habit.  Plant it on large estates along entry drives to large commercial properties or as a specimen in a park or campus setting.  Young trees collected from the woods are difficult to transplant and are best simply preserved where they naturally occur, or should be planted from nursery-bought stock.  Insect and disease problems are usually not very serious, but this is not an urban-tough, downtown type of tree.  Give it plenty of above-ground and below-ground rooting space.  It is not suited for dry climates. &lt;/p&gt;</descriptivetext>
  <pestresistance>resistant to pests/diseases</pestresistance>
  <foliage>
    <shape>ovate, oblong</shape>
    <summercolor>green</summercolor>
    <spiny>no</spiny>
    <type>simple</type>
    <arrangement>alternate</arrangement>
    <bladelength>2 to 4 inches</bladelength>
    <venation>pinnate</venation>
    <fallcharacteristics>showy</fallcharacteristics>
    <margin>serrate</margin>
    <fallcolor>copper, yellow</fallcolor>
    <persistence>deciduous</persistence>
  </foliage>
  <pests>&lt;p align="center"&gt;&lt;b&gt;&lt;u&gt;Pests&lt;/u&gt;&lt;/b&gt;&lt;/p&gt;&lt;p align="left"&gt;

Aphid colonies on the lower branches can be dislodged with a strong stream of water from the garden hose.  Colonies are often disposed of by predatory insects. &lt;/p&gt;&lt;p align="left"&gt;

Borers such as flat-headed appletree borer or two-lined chestnut borer bore into trees weakened by stress.  Prevent the insect infestations by keeping trees healthy with regular fertilization and irrigation in dry weather. &lt;/p&gt;&lt;p align="left"&gt;

Regular inspections of the trunk and branches are suggested for early detection of scales.  Beech scale can be devastating to trees in the northeastern United States. &lt;/p&gt;&lt;p align="left"&gt;

Certain caterpillars can be controlled with sprays of  &lt;em&gt;Bacillus thuringiensis &lt;/em&gt;.  Insect identification allows proper spray recommendations to be made. &lt;/p&gt;</pests>
  <usdahardinesszone>3A-8B</usdahardinesszone>
  <culturetolerances>
    <saltspraytolerance>low</saltspraytolerance>
    <soilphtolerance>acidic</soilphtolerance>
    <lightrequirements>full sun, partial sun or partial shade, shade tolerant</lightrequirements>
    <soilsalttolerance>poor</soilsalttolerance>
    <droughttolerance>moderate, moderate</droughttolerance>
    <soildrainagetolerance>well-drained</soildrainagetolerance>
    <soiltexturetolerance>clay, sand, loam</soiltexturetolerance>
  </culturetolerances>
  <nativeorigin>
    <nativestate>Maine, Vermont, New Hampshire, Massachusetts, Rhode Island, Connecticut, New York, New Jersey, Maryland, Delaware, District of Columbia, Pennsylvania, Ohio, Indiana, Michigan, Illinois, Missouri, Arkansas, Louisiana, Texas, Oklahoma, Mississippi, Alabama, Florida, Georgia, South Carolina, North Carolina, Tennessee, Kentucky, West Virginia, Virginia</nativestate>
    <nativetonorthamerica>yes</nativetonorthamerica>
    <recommendedfordryclimates>no</recommendedfordryclimates>
    <nativefloridacounty>Washington, Walton, Wakulla, Santa Rosa, Okaloosa, Liberty, Leon, Jefferson, Jackson, Holmes, Hamilton, Gadsden, Escambia, Collier, Bay, Alachua</nativefloridacounty>
  </nativeorigin>
  <lifespan>more than 50 years</lifespan>
</tree>