<?xml version="1.0" encoding="UTF-8" standalone="no"?><tree>
  <diseases>&lt;p align="center"&gt;&lt;b&gt;&lt;u&gt;Diseases&lt;/u&gt;&lt;/b&gt;&lt;/p&gt;&lt;p align="left"&gt;

Some bark inhabiting fungi cause problems. &lt;/p&gt;&lt;p align="left"&gt;

Several fungi cause leaf spots but are generally not serious to warrant chemical control.  &lt;/p&gt;&lt;p align="left"&gt;

Powdery mildew causes a white coating on the leaves.  The disease is most common late in the season.  &lt;/p&gt;&lt;p align="left"&gt;

Bleeding canker forms cankers from which a brownish liquid oozes.  Crown symptoms include leaves of smaller size and lighter green color than normal.  In severe cases the leaves wilt and the branches die.  Avoid feeding with high nitrogen fertilizers as it seems to worsen the condition of infected trees.  &lt;/p&gt;&lt;p align="left"&gt;

Beech bark disease occurs when the feeding site of woolly Beech scale is invaded by a fungus.  The fungus kills the bark and, in the process, the insects.  There are no satisfactory controls for the fungus.  Control the disease by controlling the scale with a horticultural spray of oil. &lt;/p&gt;&lt;p align="left"&gt;

Cankers infect, girdle, and kill branches.  Prune out the infected branches.  &lt;/p&gt;&lt;p align="left"&gt;

During periods of high temperatures and low rainfall weeping Beech may scorch.  Make sure trees are adequately watered.  &lt;/p&gt;</diseases>
  <planttype>tree</planttype>
  <size>
    <height>25 to 50 feet</height>
    <maturespread>30 to 60 feet</maturespread>
    <maintainableheight>not suitable for clipping</maintainableheight>
    <matureheight>30 to 50 feet</matureheight>
    <spread>over 50 feet</spread>
  </size>
  <use>specimen, recommended</use>
  <flower>
    <season>flowers in spring</season>
    <color>unknown</color>
    <fragrance>no</fragrance>
    <showiness>not showy</showiness>
  </flower>
  <other>
    <verticilliumwilt>resistant</verticilliumwilt>
    <outstandingtree>yes</outstandingtree>
    <winterinterest>yes</winterinterest>
    <invasivepotential>not a problem species</invasivepotential>
    <surfacerooting>can form large surface roots</surfacerooting>
    <availability>generally available</availability>
    <ozonesensitivity>unknown</ozonesensitivity>
  </other>
  <fruit>
    <composition>dry or hard</composition>
    <attractiontowildlife>attracts birds</attractiontowildlife>
    <edible>yes</edible>
    <shape>oval</shape>
    <showiness>not showy</showiness>
    <length>.5 to 1 inch</length>
    <persistant>no</persistant>
    <litter>fruit/leaves not a litter problem</litter>
    <color>brown</color>
  </fruit>
  <factsheet>ST247</factsheet>
  <growthrate>moderate</growthrate>
  <crowncanopy>
    <texture>medium</texture>
    <density>dense</density>
    <shape>weeping</shape>
    <uniformity>irregular</uniformity>
  </crowncanopy>
  <photographs>
    <entireplant>8403127</entireplant>
    <fall>6718080</fall>
    <other>7243272</other>
    <foliage>11779542</foliage>
  </photographs>
  <name>
    <listingname>Weeping European Beech, Beech, Weeping European</listingname>
    <family>Fagaceae</family>
    <pronunciation>FAY-gus  sill-VAT-ih-kuh</pronunciation>
    <species>sylvatica</species>
    <genus>Fagus</genus>
    <cultivar>'Pendula'</cultivar>
    <commonname>Weeping European Beech</commonname>
  </name>
  <trunkandbranches>
    <currentyeartwigcolor>brown, gray</currentyeartwigcolor>
    <numberoftrunks>typically one trunk</numberoftrunks>
    <pruningrequirement>needed for strong structure</pruningrequirement>
    <showiness>showy</showiness>
    <currentyeartwigthickness>thin</currentyeartwigthickness>
    <trunkandbranchbreakage>resistant</trunkandbranchbreakage>
    <woodspecificgravity>unknown</woodspecificgravity>
    <branchdrooping>branches droop</branchdrooping>
    <crownshaft>not applicable</crownshaft>
    <barkthickness>thin bark</barkthickness>
    <thorns>no</thorns>
  </trunkandbranches>
  <rangemap>Range Map RM4A7B</rangemap>
  <descriptivetext>&lt;p align="center"&gt;&lt;b&gt;&lt;em&gt;Fagus sylvatica &lt;/em&gt; `Pendula'Weeping European Beech &lt;/b&gt;&lt;/p&gt;&lt;p align="left"&gt;

Weeping European Beech grows into a wide, weeping mass of green foliage, 30 to 50 feet tall and spreads 30 to 50 feet.  Branches normally grow up, sag to the horizontal, then sweep toward the ground in a graceful fashion.  Young trees are often trained with a central leader for 10 feet or more into the crown, then the tree is allowed to weep to the ground.  This can produce a tree wider than tall, or if side branches are removed, one that is tall and narrow.  It grows slowly but is worth the wait.  Leaves show a lustrous dark green color throughout the summer and form a very dense canopy.  Some specimens have a narrow crown, others grow as wide as they are tall so allow plenty of room for growth.  Not a tree for residential or other small landscapes.  The branches are thin but not as flexible as those of weeping willow. &lt;/p&gt;&lt;p align="left"&gt;

Though not a street tree, it makes one of the finest specimens of all those available in North America for large-scale landscapes.  It may be the most picturesque of all the weeping trees.  It can be pruned to create a tunnel or walkway beneath the crown for pedestrians.  It is probably best located in a large open area where people can enjoy it from a distance. &lt;/p&gt;&lt;p align="left"&gt;

The tree grows slowly, is hard to transplant, and prefers a sunny location on moist, light soil.  Weeping Beech is somewhat tolerant of heat and dry soil but it is best to locate it where it would receive adequate moisture.  Over-watering can kill the roots due to the tree's intolerance of low soil oxygen.  Not for clay soil unless drainage is very good and not for dry climates.  A rather tricky tree to grow. &lt;/p&gt;</descriptivetext>
  <pestresistance>resistant to pests/diseases</pestresistance>
  <foliage>
    <shape>ovate, elliptic (oval)</shape>
    <summercolor>green</summercolor>
    <spiny>no</spiny>
    <type>simple</type>
    <arrangement>alternate</arrangement>
    <bladelength>2 to 4 inches</bladelength>
    <venation>pinnate</venation>
    <fallcharacteristics>showy</fallcharacteristics>
    <margin>undulate, entire</margin>
    <fallcolor>copper</fallcolor>
    <persistence>deciduous</persistence>
  </foliage>
  <pests>&lt;p align="center"&gt;&lt;b&gt;&lt;u&gt;Pests&lt;/u&gt;&lt;/b&gt;&lt;/p&gt;&lt;p align="left"&gt;

Most problems are seen on the bark. &lt;/p&gt;&lt;p align="left"&gt;

Aphids colonies on the lower branches can be dislodged with a strong stream of water from the garden hose.  Colonies are often disposed of by predatory insects. Borers such as flat-headed appletree borer or two-lined chestnut borer bore into trees weakened by some stress.  Prevent the insect infestations by keeping trees healthy with regular fertilization.  &lt;/p&gt;&lt;p align="left"&gt;

Regular inspections of the trunk and branches are suggested for early detection of scales.  Horticultural oil sprays will help control scales. &lt;/p&gt;&lt;p align="left"&gt;

Certain caterpillars can be controlled with sprays of  &lt;em&gt;Bacillus thuringiensis &lt;/em&gt;.  Insect identification allows proper spray recommendations to be made.  &lt;/p&gt;</pests>
  <usdahardinesszone>4A-7B</usdahardinesszone>
  <culturetolerances>
    <saltspraytolerance>low</saltspraytolerance>
    <soilphtolerance>acidic, slightly alkaline</soilphtolerance>
    <lightrequirements>full sun, partial sun or partial shade</lightrequirements>
    <soilsalttolerance>poor</soilsalttolerance>
    <droughttolerance>moderate</droughttolerance>
    <soildrainagetolerance>well-drained</soildrainagetolerance>
    <soiltexturetolerance>clay, sand, loam</soiltexturetolerance>
  </culturetolerances>
  <nativeorigin>
    <nativetonorthamerica>no</nativetonorthamerica>
    <recommendedfordryclimates>no</recommendedfordryclimates>
    <nativefloridacounty>Not Native to Florida</nativefloridacounty>
  </nativeorigin>
  <lifespan>more than 50 years</lifespan>
</tree>