<?xml version="1.0" encoding="UTF-8" standalone="no"?><tree>
  <factsheet>ST246</factsheet>
  <descriptivetext>&lt;p align="center"&gt;&lt;b&gt;&lt;em&gt;Fagus sylvatica &lt;/em&gt; `Dawyck' `Dawyck' European Beech &lt;/b&gt;&lt;/p&gt;&lt;p align="left"&gt;

Upright European Beech grows in a columnar form without pruning perhaps to 70 or 80 feet tall.  The crown spreads to about 30 feet.  The tree grows slowly, recovers slowly from transplanting and prefers a sunny location and a moist, light soil.  European Beech is somewhat tolerant of heat and dry soil, but it is best to locate it where it would receive adequate moisture.  A row of these along an entrance road would make a dramatic entry to a commercial or residential complex.  Purple Beech and the cultivars `Pendula' and `Fastigiata' (`Dawyck') are more available than the species and very attractive. &lt;/p&gt;&lt;p align="left"&gt;

European Beech has given rise to many cultivars: `Albo-variegata' - leaves margined white; `Asplenifolia' - cut leaves; `Atropunica' - leaves purple; `Cochleata' - smaller, spoon-shaped leaves; `Cuprea' - leaves copper colored; `Dawycki' - upright growth habit; `Fastigiata' - upright growth habit; `Laciniata' - leaves cut, wider more regularly-shaped than `Asplenifolia'; `Macrophylla' - larger leaves; `Miltonensis' - leader erect, main branches horizontal, side branches pendulous; `Pendula' - weeping habit; `Purpurea Pendula' - weeping with purple leaves; `Quercifolia' - slow growing, leaves oak-like; `Riversii' - young foliage reddish then purple; `Rohanii' - similar to `Laciniata'; `Roseo-marginata' - purple leaves with light pink border, grow in shade to prevent leaf burn, not easily grown; `Rotundifolia' - leaves round; `Spaethiana' - leaves purple; `Tortuosa' - low, spreading, umbrella-like; `Tricolor' - leaves green and white with pink margins; `Zlatia' - leaves golden in spring. &lt;/p&gt;</descriptivetext>
  <pests>&lt;p align="center"&gt;&lt;b&gt;&lt;u&gt;Pests&lt;/u&gt;&lt;/b&gt;&lt;/p&gt;&lt;p align="left"&gt;

Usually none are serious.  Aphid colonies on the lower branches can be dislodged with a strong stream of water from the garden hose.  Colonies are often disposed of by predatory insects. &lt;/p&gt;&lt;p align="left"&gt;

Borers such as flat-headed appletree borer or two-lined chestnut borer bore into trees weakened by some stress.  Prevent the insect infestations by keeping trees healthy with regular fertilization and irrigation in dry weather. &lt;/p&gt;&lt;p align="left"&gt;

Regular inspections of the trunk and branches are suggested for early detection of scales.  Horticultural oil sprays will help control scales. &lt;/p&gt;&lt;p align="left"&gt;

Certain caterpillars can be controlled with sprays of  &lt;em&gt;Bacillus thuringiensis &lt;/em&gt;. &lt;/p&gt;</pests>
  <culturetolerances>
    <saltspraytolerance>unknown</saltspraytolerance>
    <soilphtolerance>acidic, slightly alkaline</soilphtolerance>
    <lightrequirements>full sun, partial sun or partial shade</lightrequirements>
    <soilsalttolerance>unknown</soilsalttolerance>
    <droughttolerance>moderate</droughttolerance>
    <soildrainagetolerance>well-drained</soildrainagetolerance>
    <soiltexturetolerance>clay, sand, loam</soiltexturetolerance>
  </culturetolerances>
  <trunkandbranches>
    <currentyeartwigcolor>brown, gray</currentyeartwigcolor>
    <numberoftrunks>typically one trunk</numberoftrunks>
    <pruningrequirement>little required</pruningrequirement>
    <showiness>showy</showiness>
    <currentyeartwigthickness>thin</currentyeartwigthickness>
    <trunkandbranchbreakage>resistant</trunkandbranchbreakage>
    <woodspecificgravity>unknown</woodspecificgravity>
    <branchdrooping>branches droop</branchdrooping>
    <crownshaft>not applicable</crownshaft>
    <barkthickness>thin bark</barkthickness>
    <thorns>no</thorns>
  </trunkandbranches>
  <note>Photos are of Species</note>
  <name>
    <listingname>'Dawyck' European Beech, Beech, 'Dawyck' European</listingname>
    <family>Fagaceae</family>
    <pronunciation>FAY-gus  sill-VAT-ih-kuh</pronunciation>
    <species>sylvatica</species>
    <genus>Fagus</genus>
    <cultivar>'Dawyck'</cultivar>
    <commonname>'Dawyck' European Beech</commonname>
  </name>
  <usdahardinesszone>4A-7B</usdahardinesszone>
  <diseases>&lt;p align="center"&gt;&lt;b&gt;&lt;u&gt;Diseases&lt;/u&gt;&lt;/b&gt;&lt;/p&gt;&lt;p align="left"&gt;

Usually none are serious provided soil is loose and is well-drained.  &lt;/p&gt;&lt;p align="left"&gt;

Several fungi cause leaf spots but are generally not serious to warrant chemical control. &lt;/p&gt;&lt;p align="left"&gt;

Powdery mildew causes a white coating on the leaves.  The disease is most common late in the season. &lt;/p&gt;&lt;p align="left"&gt;

Bleeding canker forms cankers from which a brownish liquid oozes.  Crown symptoms include leaves of smaller size and lighter green color than normal.  In severe cases the leaves wilt and the branches die.  Avoid feeding with high nitrogen fertilizers as it seems to worsen the condition of infected trees. &lt;/p&gt;&lt;p align="left"&gt;

Beech bark disease occurs when the feeding site of woolly Beech scale is invaded by a fungus.  The fungus kills the bark and in the process, the insects.  There are no satisfactory controls for the fungus.  Control the disease by controlling the scale with a horticultural oil. &lt;/p&gt;&lt;p align="left"&gt;

Cankers infect, girdle, and occasionally kill branches.  Prune out the infected branches. &lt;/p&gt;&lt;p align="left"&gt;

During periods of high temperatures and low rainfall Beech leaves may scorch.  Make sure trees are adequately watered. &lt;/p&gt;</diseases>
  <nativeorigin>
    <nativetonorthamerica>no</nativetonorthamerica>
    <recommendedfordryclimates>no</recommendedfordryclimates>
    <nativefloridacounty>Not Native to Florida</nativefloridacounty>
  </nativeorigin>
  <use>hedge, specimen, shade, recommended</use>
  <growthrate>slow</growthrate>
  <planttype>tree</planttype>
  <rangemap>Range Map RM4A7B</rangemap>
  <foliage>
    <shape>ovate, elliptic (oval)</shape>
    <summercolor>green</summercolor>
    <spiny>no</spiny>
    <type>simple</type>
    <arrangement>alternate</arrangement>
    <bladelength>2 to 4 inches</bladelength>
    <venation>pinnate</venation>
    <fallcharacteristics>showy</fallcharacteristics>
    <margin>undulate, entire</margin>
    <fallcolor>copper</fallcolor>
    <persistence>deciduous</persistence>
  </foliage>
  <flower>
    <season>flowers in spring</season>
    <color>unknown</color>
    <fragrance>no</fragrance>
    <showiness>not showy</showiness>
  </flower>
  <pestresistance>resistant to pests/diseases</pestresistance>
  <lifespan>more than 50 years</lifespan>
  <fruit>
    <composition>dry or hard</composition>
    <attractiontowildlife>attracts birds</attractiontowildlife>
    <edible>yes</edible>
    <shape>oval</shape>
    <showiness>not showy</showiness>
    <length>.5 to 1 inch</length>
    <persistant>no</persistant>
    <litter>fruit/leaves not a litter problem</litter>
    <color>brown</color>
  </fruit>
  <size>
    <height>50 to 75 feet</height>
    <maturespread>25 to 35 feet</maturespread>
    <maintainableheight>not suitable for clipping</maintainableheight>
    <matureheight>50 to 75 feet</matureheight>
    <spread>25 to 35 feet</spread>
  </size>
  <other>
    <verticilliumwilt>resistant</verticilliumwilt>
    <outstandingtree>no</outstandingtree>
    <winterinterest>yes</winterinterest>
    <invasivepotential>not a problem species</invasivepotential>
    <surfacerooting>can form large surface roots</surfacerooting>
    <availability>generally available</availability>
    <ozonesensitivity>unknown</ozonesensitivity>
  </other>
  <crowncanopy>
    <texture>medium</texture>
    <density>dense</density>
    <shape>upright/erect, columnar</shape>
    <uniformity>symmetrical</uniformity>
  </crowncanopy>
  <photographs>
    <foliage>13305048</foliage>
    <entireplant>12322867</entireplant>
  </photographs>
</tree>