<?xml version="1.0" encoding="UTF-8" standalone="no"?><tree>
  <factsheet>ST256</factsheet>
  <descriptivetext>&lt;p align="center"&gt;&lt;b&gt;&lt;em&gt;Ficus retusa &lt;/em&gt; `Green Gem'Green Gem Cuban-Laurel &lt;/b&gt;&lt;/p&gt;&lt;p align="left"&gt;

This rapidly-growing, rounded, broad-headed, evergreen tree can reach 50 feet or more in height with an equal spread.  The glossy, dark green, leathery leaves are densely clothed on large, somewhat weeping branches and unlike the species, are not usually infested with thrips.  New growth, produced all year long, is a light rose to chartreuse color, giving the tree a lovely two-toned effect.  The smooth, light grey trunk is quite striking, can grow to three or four feet in diameter, and it firmly supports the massively spreading canopy.  Branches trained to remain less than half the diameter of the trunk are well-secured to the trunk. &lt;/p&gt;&lt;p align="left"&gt;

Few aerial roots are produced making this a suitable street tree.  Also used as a park tree, Cuban-Laurel tolerates trimming well and can be shaped and sheared into a hedge, screen or barrier.  It also makes a wonderful shade tree on large properties.  Plant at least 10 feet from the curb or sidewalk so surface roots won't cause damage.  The fruit stains cars and sidewalks and can be generally messy on paved and other hard surfaces.  Importation of the wasp which pollinates the flowers may stimulate production of fertile fruit and this could allow the tree to become a pesty weed. &lt;/p&gt;&lt;p align="left"&gt;

Growing easily in full sun or partial shade, Cuban-Laurel thrives on various well-drained soils and is moderately salt-tolerant. &lt;/p&gt;&lt;p align="left"&gt;

Propagation is by cuttings or air layering. &lt;/p&gt;</descriptivetext>
  <pests>&lt;p align="center"&gt;&lt;b&gt;&lt;u&gt;Pests&lt;/u&gt;&lt;/b&gt;&lt;/p&gt;&lt;p align="left"&gt;

Scales are a problem, but it is resistant to thrips. &lt;/p&gt;</pests>
  <culturetolerances>
    <saltspraytolerance>moderate</saltspraytolerance>
    <soilphtolerance>acidic, alkaline</soilphtolerance>
    <lightrequirements>full sun, partial sun or partial shade</lightrequirements>
    <soilsalttolerance>unknown</soilsalttolerance>
    <droughttolerance>high</droughttolerance>
    <soildrainagetolerance>well-drained, occasionally wet</soildrainagetolerance>
    <soiltexturetolerance>sand, loam, clay</soiltexturetolerance>
  </culturetolerances>
  <trunkandbranches>
    <currentyeartwigcolor>gray</currentyeartwigcolor>
    <numberoftrunks>typically one trunk</numberoftrunks>
    <pruningrequirement>needed for strong structure</pruningrequirement>
    <showiness>showy</showiness>
    <currentyeartwigthickness>thin</currentyeartwigthickness>
    <trunkandbranchbreakage>resistant</trunkandbranchbreakage>
    <woodspecificgravity>unknown</woodspecificgravity>
    <branchdrooping>branches don't droop</branchdrooping>
    <crownshaft>not applicable</crownshaft>
    <barkthickness>thick</barkthickness>
    <thorns>no</thorns>
  </trunkandbranches>
  <note>Photos are of Species</note>
  <name>
    <listingname>`Green Gem' Cuban-Laurel, Cuban-Laurel, `Green Gem'</listingname>
    <family>Moraceae</family>
    <pronunciation>FYE-kuss  ree-TOO-suh</pronunciation>
    <species>retusa</species>
    <genus>Ficus</genus>
    <cultivar>'Green Gem'</cultivar>
    <commonname>'Green Gem' Cuban-Laurel</commonname>
  </name>
  <usdahardinesszone>10B-11</usdahardinesszone>
  <diseases>&lt;p align="center"&gt;&lt;b&gt;&lt;u&gt;Diseases&lt;/u&gt;&lt;/b&gt;&lt;/p&gt;&lt;p align="left"&gt;

No diseases are of major concern. &lt;/p&gt;</diseases>
  <nativeorigin>
    <nativetonorthamerica>no</nativetonorthamerica>
    <recommendedfordryclimates>no</recommendedfordryclimates>
    <nativefloridacounty>Not Native to Florida</nativefloridacounty>
  </nativeorigin>
  <use>indoors, not recommended</use>
  <growthrate>fast</growthrate>
  <planttype>tree</planttype>
  <rangemap>Range Map RM10B11</rangemap>
  <foliage>
    <shape>elliptic (oval)</shape>
    <summercolor>green</summercolor>
    <spiny>no</spiny>
    <type>simple</type>
    <arrangement>alternate</arrangement>
    <bladelength>2 to 4 inches</bladelength>
    <venation>pinnate</venation>
    <fallcharacteristics>not showy</fallcharacteristics>
    <margin>entire</margin>
    <fallcolor>no color change</fallcolor>
    <persistence>evergreen</persistence>
  </foliage>
  <flower>
    <season>unknown</season>
    <color>unknown</color>
    <fragrance>no</fragrance>
    <showiness>not showy</showiness>
  </flower>
  <pestresistance>free of serious pests and diseases</pestresistance>
  <lifespan>25 to 50 years</lifespan>
  <fruit>
    <composition>fleshy</composition>
    <attractiontowildlife>little</attractiontowildlife>
    <edible>no</edible>
    <shape>round</shape>
    <showiness>not showy</showiness>
    <length>less than .5 inch</length>
    <persistant>no</persistant>
    <litter>fruit/leaves a litter problem</litter>
    <color>red</color>
  </fruit>
  <size>
    <height>50 to 75 feet</height>
    <maturespread>40 to 55 feet</maturespread>
    <maintainableheight>not suitable for clipping</maintainableheight>
    <matureheight>45 to 55 feet</matureheight>
    <spread>over 50 feet</spread>
  </size>
  <other>
    <verticilliumwilt>susceptible</verticilliumwilt>
    <outstandingtree>no</outstandingtree>
    <winterinterest>no</winterinterest>
    <invasivepotential>not assessed or incomplete data</invasivepotential>
    <surfacerooting>can form large surface roots</surfacerooting>
    <availability>generally available</availability>
    <ozonesensitivity>unknown</ozonesensitivity>
  </other>
  <crowncanopy>
    <texture>medium</texture>
    <density>dense</density>
    <shape>round, vase, spreading</shape>
    <uniformity>symmetrical</uniformity>
  </crowncanopy>
  <photographs>
  </photographs>
</tree>