<?xml version="1.0" encoding="UTF-8" standalone="no"?><tree>
  <foliage>
    <shape>elliptic (oval)</shape>
    <summercolor>green</summercolor>
    <spiny>no</spiny>
    <type>simple</type>
    <arrangement>alternate</arrangement>
    <bladelength>2 to 4 inches</bladelength>
    <venation>pinnate</venation>
    <fallcharacteristics>not showy</fallcharacteristics>
    <margin>entire</margin>
    <fallcolor>no color change</fallcolor>
    <persistence>evergreen</persistence>
  </foliage>
  <pestresistance>resistant to pests/diseases</pestresistance>
  <lifespan>unknown</lifespan>
  <culturetolerances>
    <saltspraytolerance>unknown</saltspraytolerance>
    <soilphtolerance>acidic, slightly alkaline, alkaline</soilphtolerance>
    <lightrequirements>partial sun or partial shade, full sun</lightrequirements>
    <soilsalttolerance>moderate</soilsalttolerance>
    <droughttolerance>high</droughttolerance>
    <soildrainagetolerance>well-drained, occasionally wet</soildrainagetolerance>
    <soiltexturetolerance>sand, loam, clay</soiltexturetolerance>
  </culturetolerances>
  <flower>
    <season>unknown</season>
    <color>unknown</color>
    <fragrance>no</fragrance>
    <showiness>not showy</showiness>
  </flower>
  <diseases/>
  <planttype>tree</planttype>
  <use>container or planter, screen, trained as a standard, hedge</use>
  <usdahardinesszone>10B-11</usdahardinesszone>
  <nativeorigin>
    <nativestate>Oregon</nativestate>
    <nativetonorthamerica>no</nativetonorthamerica>
    <recommendedfordryclimates>no</recommendedfordryclimates>
    <nativefloridacounty>Not Native to Florida</nativefloridacounty>
  </nativeorigin>
  <size>
    <height>50 to 75 feet</height>
    <maturespread>50 to 60 feet</maturespread>
    <maintainableheight>not suitable for clipping</maintainableheight>
    <matureheight>50 to 75 feet</matureheight>
    <spread>over 50 feet</spread>
  </size>
  <factsheet/>
  <trunkandbranches>
    <currentyeartwigcolor>unknown</currentyeartwigcolor>
    <numberoftrunks>typically multi-trunked</numberoftrunks>
    <pruningrequirement>little required</pruningrequirement>
    <showiness>showy</showiness>
    <currentyeartwigthickness>thin</currentyeartwigthickness>
    <trunkandbranchbreakage>resistant</trunkandbranchbreakage>
    <woodspecificgravity>unknown</woodspecificgravity>
    <branchdrooping>branches droop</branchdrooping>
    <crownshaft>not applicable</crownshaft>
    <barkthickness>thin bark</barkthickness>
    <thorns>no</thorns>
  </trunkandbranches>
  <pests/>
  <fruit>
    <composition>fleshy</composition>
    <attractiontowildlife>unknown</attractiontowildlife>
    <edible>unknown</edible>
    <shape>round</shape>
    <showiness>not showy</showiness>
    <length>unknown</length>
    <persistant>unknown</persistant>
    <litter>fruit/leaves a litter problem</litter>
    <color>red</color>
  </fruit>
  <name>
    <listingname>Cuban Laurel</listingname>
    <family>Moraceae</family>
    <pronunciation/>
    <species>microcarpa</species>
    <genus>Ficus</genus>
    <cultivar/>
    <commonname>Cuban Laurel</commonname>
  </name>
  <photographs>
    <entireplant>4908671</entireplant>
    <fruit>5802287</fruit>
    <foliage>344800</foliage>
    <trunk>5780944</trunk>
  </photographs>
  <crowncanopy>
    <texture>medium</texture>
    <density>dense</density>
    <shape>round, spreading, vase</shape>
    <uniformity>symmetrical</uniformity>
  </crowncanopy>
  <other>
    <verticilliumwilt>unknown</verticilliumwilt>
    <outstandingtree>no</outstandingtree>
    <winterinterest>no</winterinterest>
    <invasivepotential>invasive: not recommended</invasivepotential>
    <surfacerooting>can form large surface roots</surfacerooting>
    <availability>somewhat available</availability>
    <ozonesensitivity>unknown</ozonesensitivity>
  </other>
  <descriptivetext>&lt;p align="left"&gt;

Also referred to as Ficus nitida, this tree grows easily in full sun or partial shade. Cuban-Laurel thrives on various well-drained soils and is moderately salt-tolerant.  Fewer aerial roots are produced than in the weeping fig, making this a more suitable street tree in southern California; but the tree still grows too fast and has a dense canopy making it mostly a nuisance in Florida. It is commonly used as a street tree in southern California.  Also used as a park tree, Cuban-Laurel tolerates trimming well and can be shaped and sheared into a hedge, screen or barrier. Has been used as a street tree in some communities. Mature trees reportedly tolerate root pruning better than others.  Trees drip white latex sap which can be difficult to remove from automobiles.&lt;/p&gt;&lt;p align="left"&gt;

Trees compartmentalize decay poorly, resulting in hollow trunks; but aerial roots appear to largely compensate for this by producing new supportive tissue on the outside of the original trunk. Aerial roots descend from branches and root into the ground under the canopy. This helps support branches. If these are removed from the tree, the branches should be kept shortened to prevent them from splitting off the tree. Thin the tree regularly, especially toward the outer edge of the canopy, to minimize damage from storms.&lt;/p&gt;&lt;p align="left"&gt;

Trees are terribly invasive in the landscape, meaning that they take over and dominate a yard. In Florida, seedlings also germinate and grow in native woodlands and in other trees. The fertile fruit germinates in landscapes in south Florida due to importation of the wasp insect required for pollination. Aerial roots descend from branches and root into the ground creating a massive trunk. Roots invade gardens and lawns making mowing difficult. Canopies are dense and large and they shade out all but the most shade tolerant plants beneath. It is best to clip this plant into a hedge than to let it grow into a tree. Most communities in Florida that planted this tree in the 1950's and 1960's are now plagued with maintaining them. None are replanting with this tree although the tree has been very useful in California.&lt;/p&gt;</descriptivetext>
  <growthrate>fast</growthrate>
</tree>