<?xml version="1.0" encoding="UTF-8" standalone="no"?><tree>
  <diseases>&lt;p align="center"&gt;&lt;b&gt;&lt;u&gt;Diseases&lt;/u&gt;&lt;/b&gt;&lt;/p&gt;&lt;p align="left"&gt;

No diseases are of major concern. &lt;/p&gt;</diseases>
  <planttype>tree</planttype>
  <size>
    <height>50 to 75 feet</height>
    <maturespread>60 to 100 feet</maturespread>
    <maintainableheight>not suitable for clipping</maintainableheight>
    <matureheight>45 to 60 feet</matureheight>
    <spread>over 50 feet</spread>
  </size>
  <use>trained as a standard, indoors, container or planter, hedge, bonsai, recommended</use>
  <flower>
    <season>unknown</season>
    <color>unknown</color>
    <fragrance>no</fragrance>
    <showiness>not showy</showiness>
  </flower>
  <other>
    <verticilliumwilt>susceptible</verticilliumwilt>
    <outstandingtree>no</outstandingtree>
    <winterinterest>no</winterinterest>
    <invasivepotential>not assessed or incomplete data</invasivepotential>
    <surfacerooting>can form large surface roots</surfacerooting>
    <availability>somewhat available</availability>
    <ozonesensitivity>unknown</ozonesensitivity>
  </other>
  <fruit>
    <composition>fleshy</composition>
    <attractiontowildlife>little</attractiontowildlife>
    <edible>no</edible>
    <shape>round</shape>
    <showiness>not showy</showiness>
    <length>less than .5 inch</length>
    <persistant>no</persistant>
    <litter>fruit/leaves a litter problem</litter>
    <color>red</color>
  </fruit>
  <factsheet>ST251</factsheet>
  <growthrate>fast</growthrate>
  <crowncanopy>
    <texture>fine</texture>
    <density>dense</density>
    <shape>weeping, round, spreading</shape>
    <uniformity>symmetrical</uniformity>
  </crowncanopy>
  <photographs>
    <foliage>395136</foliage>
    <entireplant>14107675</entireplant>
  </photographs>
  <name>
    <listingname>'Jacqueline' Weeping Fig, Fig, 'Jacqueline' Weeping</listingname>
    <family>Moraceae</family>
    <pronunciation>FYE-kuss  ben-juh-MYE-nuh</pronunciation>
    <species>benjamina</species>
    <genus>Ficus</genus>
    <cultivar>'Jacqueline'</cultivar>
    <commonname>'Jacqueline' Weeping Fig</commonname>
  </name>
  <trunkandbranches>
    <currentyeartwigcolor>gray</currentyeartwigcolor>
    <numberoftrunks>typically one trunk</numberoftrunks>
    <pruningrequirement>needed for strong structure</pruningrequirement>
    <showiness>showy</showiness>
    <currentyeartwigthickness>thin</currentyeartwigthickness>
    <trunkandbranchbreakage>resistant</trunkandbranchbreakage>
    <woodspecificgravity>unknown</woodspecificgravity>
    <branchdrooping>branches droop</branchdrooping>
    <crownshaft>not applicable</crownshaft>
    <barkthickness>thin bark</barkthickness>
    <thorns>no</thorns>
  </trunkandbranches>
  <rangemap>Range Map RM10B11</rangemap>
  <descriptivetext>&lt;p align="center"&gt;&lt;b&gt;&lt;em&gt;Ficus benjamina &lt;/em&gt;Weeping Fig &lt;/b&gt;&lt;/p&gt;&lt;p align="left"&gt;

This is a huge tree growing to 60 feet tall and 60 to 70 feet wide.  The dense, rounded canopy and gracefully drooping branches of Weeping Fig made it quite popular as a landscape tree until recently.  The thick, shiny, two to five-inch-long, evergreen leaves generously clothe the long branches, and the tiny figs eventually turn a deep red.  Branches will weep toward the ground forming a canopy so dense that nothing grows beneath it. &lt;/p&gt;&lt;p align="left"&gt;

Fruit can stain cars and sidewalks so the tree should not be planted close to streets, walks or parking lots.  It also makes quite a mess around the tree as the fruit fall to the ground.  The tree is much too large for residential planting unless it is used as a hedge or clipped screen, but can be seen growing into massive trees in parks and other large-scale areas.  Aerial roots descend from the branches, touch the ground and take root, eventually forming numerous sturdy trunks which can clog a landscape.  Trees can grow to be quite large and spreading in this fashion.  Roots grow rapidly invading gardens, growing under and lifting sidewalks, patios, and driveways. &lt;/p&gt;&lt;p align="left"&gt;

There have been recent reports of fertile fruit germinating in some landscapes in south Florida.  This is of concern since this could give the tree the potential of spreading and perhaps becoming a pesty weed, something which is definitely not needed in south Florida. &lt;/p&gt;&lt;p align="left"&gt;

Able to tolerate severe pruning, Weeping Fig can also be successfully used as a clipped hedge or screen and is probably best used in this fashion, or can be trained into an espalier or topiary.  Young trees are often grown in containers, appearing on patios, at entranceways, or indoors. &lt;/p&gt;&lt;p align="left"&gt;

Weeping Fig will grow in full sun or partial shade on any well-drained soil.  Plants should be carefully watered when young and later during droughts.  Plants are very frost-sensitive. &lt;/p&gt;&lt;p align="left"&gt;

The cultivar `Exotica' has wavy-edged leaves with long, twisted tips.  There are other Ficus such as Ficus rubiginosa which do not produce aerial roots and are much better suited as landscape trees for shade because they will not take over the landscape as will Weeping Fig. &lt;/p&gt;&lt;p align="left"&gt;

Propagation is by cuttings or layering. &lt;/p&gt;</descriptivetext>
  <pestresistance>resistant to pests/diseases</pestresistance>
  <foliage>
    <shape>ovate, elliptic (oval)</shape>
    <summercolor>variegated</summercolor>
    <spiny>no</spiny>
    <type>simple</type>
    <arrangement>alternate</arrangement>
    <bladelength>2 to 4 inches</bladelength>
    <venation>pinnate</venation>
    <fallcharacteristics>not showy</fallcharacteristics>
    <margin>undulate, entire</margin>
    <fallcolor>no color change</fallcolor>
    <persistence>evergreen</persistence>
  </foliage>
  <pests>&lt;p align="center"&gt;&lt;b&gt;&lt;u&gt;Pests&lt;/u&gt;&lt;/b&gt;&lt;/p&gt;&lt;p align="left"&gt;

Weeping Fig may be infected by scales, but is resistant to leaf thrips which will distort new leaves on some other figs. &lt;/p&gt;</pests>
  <usdahardinesszone>10B-11</usdahardinesszone>
  <culturetolerances>
    <saltspraytolerance>moderate</saltspraytolerance>
    <soilphtolerance>alkaline, acidic</soilphtolerance>
    <lightrequirements>full sun, partial sun or partial shade, shade tolerant</lightrequirements>
    <soilsalttolerance>unknown</soilsalttolerance>
    <droughttolerance>high</droughttolerance>
    <soildrainagetolerance>occasionally wet, well-drained</soildrainagetolerance>
    <soiltexturetolerance>clay, sand, loam</soiltexturetolerance>
  </culturetolerances>
  <nativeorigin>
    <nativetonorthamerica>no</nativetonorthamerica>
    <recommendedfordryclimates>no</recommendedfordryclimates>
    <nativefloridacounty>Not Native to Florida</nativefloridacounty>
  </nativeorigin>
  <lifespan>more than 50 years</lifespan>
</tree>