<?xml version="1.0" encoding="UTF-8" standalone="no"?><tree>
  <foliage>
    <shape>obovate</shape>
    <summercolor>green</summercolor>
    <spiny>no</spiny>
    <type>simple</type>
    <arrangement>alternate</arrangement>
    <bladelength>4 to 8 inches, 8 to 12 inches</bladelength>
    <venation>pinnate, brachidodrome</venation>
    <fallcharacteristics>not showy</fallcharacteristics>
    <margin>undulate, entire</margin>
    <fallcolor>no color change</fallcolor>
    <persistence>evergreen, broadleaf evergreen</persistence>
  </foliage>
  <rangemap>Range Map RM10B11</rangemap>
  <pestresistance>resistant to pests/diseases</pestresistance>
  <lifespan>25 to 50 years</lifespan>
  <culturetolerances>
    <saltspraytolerance>moderate</saltspraytolerance>
    <soilphtolerance>alkaline, acidic</soilphtolerance>
    <lightrequirements>full sun, partial sun or partial shade</lightrequirements>
    <soilsalttolerance>unknown</soilsalttolerance>
    <droughttolerance>high</droughttolerance>
    <soildrainagetolerance>occasionally wet, well-drained</soildrainagetolerance>
    <soiltexturetolerance>clay, sand, loam</soiltexturetolerance>
  </culturetolerances>
  <flower>
    <season>unknown</season>
    <color>unknown</color>
    <fragrance>no</fragrance>
    <showiness>not showy</showiness>
  </flower>
  <planttype>tree</planttype>
  <factsheet>ST254</factsheet>
  <use>indoors, deck or patio, specimen, container or planter, espalier, highway median, street without sidewalk, shade, recommended</use>
  <usdahardinesszone>10B-11</usdahardinesszone>
  <nativeorigin>
    <nativetonorthamerica>no</nativetonorthamerica>
    <recommendedfordryclimates>no</recommendedfordryclimates>
    <nativefloridacounty>Not Native to Florida</nativefloridacounty>
  </nativeorigin>
  <size>
    <height>25 to 50 feet</height>
    <maturespread>25 to 35 feet</maturespread>
    <maintainableheight>not suitable for clipping</maintainableheight>
    <matureheight>25 to 40 feet</matureheight>
    <spread>25 to 35 feet</spread>
  </size>
  <pestsanddiseases>&lt;p align="center"&gt;&lt;b&gt;&lt;u&gt;Pests and Diseases&lt;/u&gt;&lt;/b&gt;&lt;/p&gt;&lt;p align="left"&gt;

No pests or diseases are of major concern but occasionally scales are a problem. &lt;/p&gt;</pestsanddiseases>
  <trunkandbranches>
    <currentyeartwigcolor>brown</currentyeartwigcolor>
    <numberoftrunks>typically one trunk</numberoftrunks>
    <pruningrequirement>needed for strong structure</pruningrequirement>
    <showiness>not showy</showiness>
    <currentyeartwigthickness>thick</currentyeartwigthickness>
    <trunkandbranchbreakage>resistant</trunkandbranchbreakage>
    <woodspecificgravity>unknown</woodspecificgravity>
    <branchdrooping>branches droop</branchdrooping>
    <crownshaft>not applicable</crownshaft>
    <barkthickness>thick</barkthickness>
    <thorns>no</thorns>
  </trunkandbranches>
  <fruit>
    <composition>fleshy</composition>
    <attractiontowildlife>little</attractiontowildlife>
    <edible>no</edible>
    <shape>round</shape>
    <showiness>not showy</showiness>
    <length>less than .5 inch</length>
    <persistant>no</persistant>
    <litter>fruit/leaves a litter problem</litter>
    <color>green</color>
  </fruit>
  <name>
    <listingname>Fiddleleaf Fig, Fig, Fiddleleaf</listingname>
    <family>Moraceae</family>
    <pronunciation>FYE-kuss  lye-RAY-tuh</pronunciation>
    <species>lyrata</species>
    <genus>Ficus</genus>
    <commonname>Fiddleleaf Fig</commonname>
  </name>
  <photographs>
    <entireplant>10048683</entireplant>
    <other>9345616</other>
    <trunk>5238794</trunk>
  </photographs>
  <crowncanopy>
    <texture>coarse</texture>
    <density>moderate</density>
    <shape>vase, round, spreading</shape>
    <uniformity>irregular</uniformity>
  </crowncanopy>
  <other>
    <verticilliumwilt>unknown</verticilliumwilt>
    <outstandingtree>no</outstandingtree>
    <winterinterest>no</winterinterest>
    <invasivepotential>not a problem species</invasivepotential>
    <surfacerooting>not a problem</surfacerooting>
    <availability>generally available</availability>
    <ozonesensitivity>unknown</ozonesensitivity>
  </other>
  <descriptivetext>&lt;p align="center"&gt;&lt;b&gt;&lt;em&gt;Ficus lyrata &lt;/em&gt;Fiddleleaf Fig &lt;/b&gt;&lt;/p&gt;&lt;p align="left"&gt;

A 40 to 50-foot-tall, evergreen tree of upright-spreading, irregular growth, Fiddleleaf Fig produces 8 to 15-inch-long and 10-inch-wide, dull green, thick, fiddle-shaped leaves which are quite attractive.  The trunk can grow to several feet thick.  Most trees in the landscape are 15 to 25 feet tall.  Larger ones sometimes break apart in strong winds due to tight branch crotches and embedded bark.  Corrective pruning early in the life of the tree can help prevent this from occurring.  Plant them in a place protected from the wind, such as a courtyard to increase longevity in the landscape. &lt;/p&gt;&lt;p align="left"&gt;

Fiddleleaf Fig can be used in containers when young or can be planted to make a striking specimen tree.  They create quite an accent by a patio or in shrub bed because of the coarse leaf texture.  Due to their large size, the leaves can be a nuisance to some people when they fall but there are never too many of them. &lt;/p&gt;&lt;p align="left"&gt;

Fiddleleaf Fig will grow moderately fast in full sun or partial shade on any well-drained soil and should receive regular watering.  Be sure to cut roots circling the container before planting since these can cause the tree to become unstable as it grows older.  There are some aerial roots produced from the branches but not as many as on some other Ficus, such as  &lt;em&gt;Ficus benjamina &lt;/em&gt;. &lt;/p&gt;&lt;p align="left"&gt;

Propagation is by layering and cuttings. &lt;/p&gt;</descriptivetext>
  <growthrate>moderate</growthrate>
</tree>