<?xml version="1.0" encoding="UTF-8" standalone="no"?><tree>
  <diseases>&lt;p align="center"&gt;&lt;b&gt;&lt;u&gt;Diseases&lt;/u&gt;&lt;/b&gt;&lt;/p&gt;&lt;p align="left"&gt;

No diseases are of major concern. &lt;/p&gt;</diseases>
  <planttype>tree</planttype>
  <size>
    <height>50 to 75 feet</height>
    <maturespread>50 to 70 feet</maturespread>
    <maintainableheight>not suitable for clipping</maintainableheight>
    <matureheight>50 to 60 feet</matureheight>
    <spread>over 50 feet</spread>
  </size>
  <use>indoors, reclamation, bonsai, recommended</use>
  <flower>
    <season>unknown</season>
    <color>unknown</color>
    <fragrance>no</fragrance>
    <showiness>not showy</showiness>
  </flower>
  <other>
    <verticilliumwilt>unknown</verticilliumwilt>
    <outstandingtree>no</outstandingtree>
    <winterinterest>no</winterinterest>
    <invasivepotential>native to North America</invasivepotential>
    <surfacerooting>can form large surface roots</surfacerooting>
    <availability>rarely available</availability>
    <ozonesensitivity>unknown</ozonesensitivity>
  </other>
  <fruit>
    <composition>fleshy</composition>
    <attractiontowildlife>little</attractiontowildlife>
    <edible>no</edible>
    <shape>oval, round</shape>
    <showiness>not showy</showiness>
    <length>less than .5 inch</length>
    <persistant>no</persistant>
    <litter>fruit/leaves a litter problem</litter>
    <color>green, yellow</color>
  </fruit>
  <factsheet>ST250</factsheet>
  <growthrate>fast</growthrate>
  <crowncanopy>
    <texture>coarse</texture>
    <density>dense</density>
    <shape>spreading, round</shape>
    <uniformity>irregular</uniformity>
  </crowncanopy>
  <photographs>
    <entireplant>153629</entireplant>
    <fruit>15367924</fruit>
    <other>14744989</other>
    <foliage>6774215</foliage>
    <trunk>8591472</trunk>
  </photographs>
  <name>
    <listingname>Strangler Fig, Golden Fig, Fig, Strangler, Fig, Golden</listingname>
    <family>Moraceae</family>
    <pronunciation>FYE-kuss  AR-ee-uh</pronunciation>
    <species>aurea</species>
    <genus>Ficus</genus>
    <commonname>Strangler Fig, Golden Fig</commonname>
  </name>
  <trunkandbranches>
    <currentyeartwigcolor>green</currentyeartwigcolor>
    <numberoftrunks>typically one trunk</numberoftrunks>
    <pruningrequirement>needed for strong structure</pruningrequirement>
    <showiness>showy</showiness>
    <currentyeartwigthickness>medium</currentyeartwigthickness>
    <trunkandbranchbreakage>resistant</trunkandbranchbreakage>
    <woodspecificgravity>unknown</woodspecificgravity>
    <branchdrooping>branches droop</branchdrooping>
    <crownshaft>not applicable</crownshaft>
    <barkthickness>thin bark</barkthickness>
    <thorns>no</thorns>
  </trunkandbranches>
  <rangemap>Range Map RM10B11</rangemap>
  <descriptivetext>&lt;p align="center"&gt;&lt;b&gt;&lt;em&gt;Ficus aurea &lt;/em&gt;Strangler Fig, Golden Fig &lt;/b&gt;&lt;/p&gt;&lt;p align="left"&gt;

Often starting out as an epiphyte nestled in the limbs of another tree, the native Strangler Fig is vine-like while young, later strangling its host with heavy aerial roots and eventually becoming a self-supporting, independent tree.  Not recommended for small landscapes, Strangler Fig grows quickly and can reach 60 feet in height with an almost equal spread.  The broad, spreading, lower limbs are festooned with secondary roots which create many slim but rigid trunks once they reach the ground and take hold.  They become a maintenance headache as these roots need to be removed to keep a neat-looking landscape.  The shiny, thick, dark green leaves create dense shade and the surface roots add to the problem of maintaining a lawn beneath this massive tree.  The fruit drops and makes a mess beneath the tree. &lt;/p&gt;&lt;p align="left"&gt;

Easily grown in full sun or partial shade, Strangler Fig can literally be planted, watered a few times, and forgotten.  A variety of soils, including wet, will do, and Strangler Fig is moderately salt-tolerant.  More often than not, large Strangler Figs were existing trees, not planted.  Seeds germinate easily in the landscape allowing the tree to invade nearby land. &lt;/p&gt;&lt;p align="left"&gt;

Propagation is by seed or cuttings. &lt;/p&gt;</descriptivetext>
  <pestresistance>resistant to pests/diseases</pestresistance>
  <foliage>
    <shape>ovate, elliptic (oval)</shape>
    <summercolor>green</summercolor>
    <spiny>no</spiny>
    <type>simple</type>
    <arrangement>alternate</arrangement>
    <bladelength>4 to 8 inches</bladelength>
    <venation>pinnate</venation>
    <fallcharacteristics>not showy</fallcharacteristics>
    <margin>undulate, entire</margin>
    <fallcolor>no color change</fallcolor>
    <persistence>evergreen, broadleaf evergreen</persistence>
  </foliage>
  <pests>&lt;p align="center"&gt;&lt;b&gt;&lt;u&gt;Pests&lt;/u&gt;&lt;/b&gt;&lt;/p&gt;&lt;p align="left"&gt;

Primary pests are aphids and scales followed by sooty mold. &lt;/p&gt;</pests>
  <usdahardinesszone>10B-11</usdahardinesszone>
  <culturetolerances>
    <saltspraytolerance>moderate</saltspraytolerance>
    <soilphtolerance>alkaline, acidic</soilphtolerance>
    <lightrequirements>full sun, partial sun or partial shade, shade tolerant</lightrequirements>
    <soilsalttolerance>unknown</soilsalttolerance>
    <droughttolerance>high</droughttolerance>
    <soildrainagetolerance>occasionally wet, well-drained</soildrainagetolerance>
    <soiltexturetolerance>clay, sand, loam</soiltexturetolerance>
  </culturetolerances>
  <nativeorigin>
    <nativestate>Florida</nativestate>
    <nativetonorthamerica>yes</nativetonorthamerica>
    <recommendedfordryclimates>no</recommendedfordryclimates>
    <nativefloridacounty>Brevard, Broward, Charlotte, Collier, Glades, Hendry, Highlands, Hillsborough, Indian River, Lee, Manatee, Martin, Miami-Dade, Monroe Keys, Monroe Mainland, Okeechobee, Osceola, Palm Beach, Pinellas, Polk, Sarasota, St. Lucie</nativefloridacounty>
  </nativeorigin>
  <lifespan>more than 50 years</lifespan>
</tree>