<?xml version="1.0" encoding="UTF-8" standalone="no"?><tree>
  <foliage>
    <shape>elliptic (oval)</shape>
    <summercolor>variegated</summercolor>
    <spiny>no</spiny>
    <type>simple</type>
    <arrangement>alternate</arrangement>
    <bladelength>8 to 12 inches</bladelength>
    <venation>pinnate, brachidodrome</venation>
    <fallcharacteristics>not showy</fallcharacteristics>
    <margin>entire</margin>
    <fallcolor>no color change</fallcolor>
    <persistence>evergreen, broadleaf evergreen</persistence>
  </foliage>
  <rangemap>Range Map RM10B11</rangemap>
  <pestresistance>resistant to pests/diseases</pestresistance>
  <lifespan>more than 50 years</lifespan>
  <culturetolerances>
    <saltspraytolerance>moderate</saltspraytolerance>
    <soilphtolerance>acidic, alkaline</soilphtolerance>
    <lightrequirements>full sun, partial sun or partial shade</lightrequirements>
    <soilsalttolerance>unknown</soilsalttolerance>
    <droughttolerance>high</droughttolerance>
    <soildrainagetolerance>well-drained, occasionally wet</soildrainagetolerance>
    <soiltexturetolerance>sand, loam, clay</soiltexturetolerance>
  </culturetolerances>
  <flower>
    <season>unknown</season>
    <color>unknown</color>
    <fragrance>no</fragrance>
    <showiness>not showy</showiness>
  </flower>
  <planttype>tree</planttype>
  <factsheet>ST253</factsheet>
  <use>shade, trained as a standard, indoors, screen, specimen, deck or patio, container or planter, espalier, highway median, recommended</use>
  <usdahardinesszone>10B-11</usdahardinesszone>
  <nativeorigin>
    <nativetonorthamerica>no</nativetonorthamerica>
    <recommendedfordryclimates>no</recommendedfordryclimates>
    <nativefloridacounty>Not Native to Florida</nativefloridacounty>
  </nativeorigin>
  <size>
    <height>25 to 50 feet</height>
    <maturespread>25 to 30 feet</maturespread>
    <maintainableheight>not suitable for clipping</maintainableheight>
    <matureheight>30 to 45 feet</matureheight>
    <spread>25 to 35 feet</spread>
  </size>
  <pestsanddiseases>&lt;p align="center"&gt;&lt;b&gt;&lt;u&gt;Pests and Diseases&lt;/u&gt;&lt;/b&gt;&lt;/p&gt;&lt;p align="left"&gt;

No pests or diseases are of major concern but occasionally scales are a problem. &lt;/p&gt;</pestsanddiseases>
  <trunkandbranches>
    <currentyeartwigcolor>green</currentyeartwigcolor>
    <numberoftrunks>typically one trunk</numberoftrunks>
    <pruningrequirement>needed for strong structure</pruningrequirement>
    <showiness>not showy</showiness>
    <currentyeartwigthickness>thick</currentyeartwigthickness>
    <trunkandbranchbreakage>susceptible to breakage</trunkandbranchbreakage>
    <woodspecificgravity>unknown</woodspecificgravity>
    <branchdrooping>branches droop</branchdrooping>
    <crownshaft>not applicable</crownshaft>
    <barkthickness>thick</barkthickness>
    <thorns>no</thorns>
  </trunkandbranches>
  <fruit>
    <composition>fleshy</composition>
    <attractiontowildlife>little</attractiontowildlife>
    <edible>no</edible>
    <shape>round</shape>
    <showiness>not showy</showiness>
    <length>less than .5 inch</length>
    <persistant>no</persistant>
    <litter>fruit/leaves a litter problem</litter>
    <color>green</color>
  </fruit>
  <name>
    <listingname>`Variegata' Rubber Tree, `Variegata' India-Rubber Fig, Rubber Tree, `Variegata', Fig, `Variegata' India-Rubber</listingname>
    <family>Moraceae</family>
    <pronunciation>FYE-kuss  ee-LASS-tick-uh</pronunciation>
    <species>elastica</species>
    <genus>Ficus</genus>
    <cultivar>'Variegata'</cultivar>
    <commonname>'Variegata' Rubber Tree, `Variegata' India-Rubber Fig</commonname>
  </name>
  <photographs>
  </photographs>
  <crowncanopy>
    <texture>coarse</texture>
    <density>dense</density>
    <shape>oval</shape>
    <uniformity>symmetrical</uniformity>
  </crowncanopy>
  <other>
    <verticilliumwilt>unknown</verticilliumwilt>
    <outstandingtree>no</outstandingtree>
    <winterinterest>no</winterinterest>
    <invasivepotential>not assessed or incomplete data</invasivepotential>
    <surfacerooting>can form large surface roots</surfacerooting>
    <availability>generally available</availability>
    <ozonesensitivity>unknown</ozonesensitivity>
  </other>
  <descriptivetext>&lt;p align="center"&gt;&lt;b&gt;&lt;em&gt;Ficus elastica &lt;/em&gt; `Variegata' `Variegata' Rubber Tree, `Variegata' India-Rubber Fig &lt;/b&gt;&lt;/p&gt;&lt;p align="left"&gt;

Often seen as an interior container plant, Variegated Rubber Tree has large, 5 to 12-inch-long, thick, light green leaves with white or yellow margins, multiple trunks, and a spreading, irregular canopy.  Able to reach 100 feet in height in its native habitat in the jungle but most often seen at about 25 to 40 feet in the landscape, Rubber Tree is useful as a screen, shade, patio, or specimen tree.  Its coarse texture makes a strong statement in the landscape.  Use as a street tree is limited by the tree's tendency to break apart in high winds.  Perhaps the tree could be made stronger by removing branches with weak tight-angle crotches and spacing major lateral branches along one central trunk.  Eliminate multiple trunks early in the life of the tree and prune lateral branches so they remain smaller than half the diameter of the trunk to increase longevity in the landscape. &lt;/p&gt;&lt;p align="left"&gt;

Rubber Tree will grow quickly in sun or partial shade on almost any well-drained soil.  The soil should be allowed to become fairly dry between waterings, especially in containers.  Rubber Tree makes a nice house plant if it is not over-watered. &lt;/p&gt;&lt;p align="left"&gt;

Other available cultivars include:  `Doescheri' has yellow-variegated leaves; `Decora' produces broad, reddish-green leaves with ivory-colored veins running down center of leaf;  &lt;/p&gt;&lt;p align="left"&gt;

Propagation is by layering or cuttings. &lt;/p&gt;</descriptivetext>
  <growthrate>fast</growthrate>
</tree>