<?xml version="1.0" encoding="UTF-8" standalone="no"?><tree>
  <factsheet>ST258</factsheet>
  <descriptivetext>&lt;p align="center"&gt;&lt;b&gt;&lt;em&gt;Ficus rubiginosa &lt;/em&gt; `Variegata' `Variegata' Rusty Fig &lt;/b&gt;&lt;/p&gt;&lt;p align="left"&gt;

This broad, spreading evergreen tree is densely covered with oval, blunt-tipped, three to six-inch-long, medium green variegated with cream-yellow, smooth leaves, the undersides of which are brown and hairy.  One of the hardiest of the rubber trees, Rusty Fig makes an attractive specimen tree, especially when only a few major branches are allowed to develop creating a more open form.  It does not develop the profusion of aerial roots which some others do.  Rusty Fig's dense growth habit and moderate growth rate make it better suited for smaller landscapes than most other Ficus trees.  It grows to about 35 feet in 30-years.  It is well-suited as a shade or street tree and should require little maintenance once initial pruning creates a good structural habit.  Space major branches along the trunk and keep them trimmed so they remain less than half the diameter of the trunk.  It is among the best ficus trees for frost-free climates. &lt;/p&gt;&lt;p align="left"&gt;

Rusty Fig can be located along streets and in other urban areas where other Fig trees would grow too big.  This one will not grow to become the massive tree that its close relatives will become.  It will create dense shade and can shade out turf and other sun-loving plants beneath the canopy.  It is nicely suited for planting as a specimen in a landscape bed planted in ground covers and shrubs. &lt;/p&gt;&lt;p align="left"&gt;

Easily grown in full sun or partial shade, Rusty Fig will thrive on a variety of well-drained soils.  Once established, it can withstand periods of drought and 30-degrees F. for a short time. &lt;/p&gt;&lt;p align="left"&gt;

Propagation is by cuttings or air layers. &lt;/p&gt;</descriptivetext>
  <pests>&lt;p align="center"&gt;&lt;b&gt;&lt;u&gt;Pests&lt;/u&gt;&lt;/b&gt;&lt;/p&gt;&lt;p align="left"&gt;

Two problems are mites and scales. &lt;/p&gt;</pests>
  <culturetolerances>
    <saltspraytolerance>moderate</saltspraytolerance>
    <soilphtolerance>acidic, alkaline</soilphtolerance>
    <lightrequirements>full sun, partial sun or partial shade</lightrequirements>
    <soilsalttolerance>unknown</soilsalttolerance>
    <droughttolerance>moderate</droughttolerance>
    <soildrainagetolerance>well-drained</soildrainagetolerance>
    <soiltexturetolerance>sand, loam, clay</soiltexturetolerance>
  </culturetolerances>
  <trunkandbranches>
    <currentyeartwigcolor>brown, green</currentyeartwigcolor>
    <numberoftrunks>typically one trunk</numberoftrunks>
    <pruningrequirement>needed for strong structure</pruningrequirement>
    <showiness>not showy</showiness>
    <currentyeartwigthickness>medium</currentyeartwigthickness>
    <trunkandbranchbreakage>resistant</trunkandbranchbreakage>
    <woodspecificgravity>unknown</woodspecificgravity>
    <branchdrooping>branches don't droop</branchdrooping>
    <crownshaft>not applicable</crownshaft>
    <barkthickness>thin bark</barkthickness>
    <thorns>no</thorns>
  </trunkandbranches>
  <note>Photos are of Species</note>
  <name>
    <listingname>`Variegata' Rusty Fig, Fig, `Variegata' Rusty</listingname>
    <family>Moraceae</family>
    <pronunciation>FYE-kuss  roo-bij-ih-NO-suh</pronunciation>
    <species>rubiginosa</species>
    <genus>Ficus</genus>
    <cultivar>'Variegata'</cultivar>
    <commonname>'Variegata' Rusty Fig</commonname>
  </name>
  <usdahardinesszone>10B-11</usdahardinesszone>
  <diseases>&lt;p align="center"&gt;&lt;b&gt;&lt;u&gt;Diseases&lt;/u&gt;&lt;/b&gt;&lt;/p&gt;&lt;p align="left"&gt;

Rusty fig is subject to root rot on poorly drained soils. &lt;/p&gt;</diseases>
  <nativeorigin>
    <nativetonorthamerica>no</nativetonorthamerica>
    <recommendedfordryclimates>no</recommendedfordryclimates>
    <nativefloridacounty>Not Native to Florida</nativefloridacounty>
  </nativeorigin>
  <use>hedge, indoors, urban tolerant, street without sidewalk, screen, shade, specimen, container or planter, parking lot island 100-200 sq ft, parking lot island &gt; 200 sq ft, tree lawn &gt; 6 ft wide, highway median, recommended</use>
  <growthrate>moderate</growthrate>
  <planttype>tree</planttype>
  <rangemap>Range Map RM10B11</rangemap>
  <foliage>
    <shape>elliptic (oval)</shape>
    <summercolor>variegated</summercolor>
    <spiny>no</spiny>
    <type>simple</type>
    <arrangement>alternate</arrangement>
    <bladelength>2 to 4 inches, 4 to 8 inches</bladelength>
    <venation>pinnate</venation>
    <fallcharacteristics>not showy</fallcharacteristics>
    <margin>entire</margin>
    <fallcolor>no color change</fallcolor>
    <persistence>evergreen, broadleaf evergreen</persistence>
  </foliage>
  <flower>
    <season>unknown</season>
    <color>unknown</color>
    <fragrance>no</fragrance>
    <showiness>not showy</showiness>
  </flower>
  <pestresistance>resistant to pests/diseases</pestresistance>
  <lifespan>more than 50 years</lifespan>
  <fruit>
    <composition>fleshy</composition>
    <attractiontowildlife>little</attractiontowildlife>
    <edible>no</edible>
    <shape>round</shape>
    <showiness>not showy</showiness>
    <length>less than .5 inch</length>
    <persistant>no</persistant>
    <litter>fruit/leaves not a litter problem</litter>
    <color>brown</color>
  </fruit>
  <size>
    <height>25 to 50 feet</height>
    <maturespread>35 to 45 feet</maturespread>
    <maintainableheight>not suitable for clipping</maintainableheight>
    <matureheight>35 to 40 feet</matureheight>
    <spread>35 to 50 feet</spread>
  </size>
  <other>
    <verticilliumwilt>unknown</verticilliumwilt>
    <outstandingtree>yes</outstandingtree>
    <winterinterest>no</winterinterest>
    <invasivepotential>not assessed or incomplete data</invasivepotential>
    <surfacerooting>not a problem</surfacerooting>
    <availability>rarely available</availability>
    <ozonesensitivity>unknown</ozonesensitivity>
  </other>
  <crowncanopy>
    <texture>medium</texture>
    <density>dense</density>
    <shape>round</shape>
    <uniformity>symmetrical</uniformity>
  </crowncanopy>
  <photographs>
  </photographs>
</tree>