<?xml version="1.0" encoding="UTF-8" standalone="no"?><tree>
  <diseases>&lt;p align="center"&gt;&lt;b&gt;&lt;u&gt;Diseases&lt;/u&gt;&lt;/b&gt;&lt;/p&gt;&lt;p align="left"&gt;

Rusty Fig is subject to root rot on poorly drained soils. &lt;/p&gt;</diseases>
  <planttype>tree</planttype>
  <size>
    <height>25 to 50 feet</height>
    <maturespread>35 to 60 feet</maturespread>
    <maintainableheight>not suitable for clipping</maintainableheight>
    <matureheight>35 to 50 feet</matureheight>
    <spread>35 to 50 feet</spread>
  </size>
  <use>hedge, indoors, street without sidewalk, screen, shade, specimen, container or planter, parking lot island 100-200 sq ft, parking lot island &gt; 200 sq ft, tree lawn &gt; 6 ft wide, urban tolerant, highway median, recommended</use>
  <flower>
    <season>unknown</season>
    <color>unknown</color>
    <fragrance>no</fragrance>
    <showiness>not showy</showiness>
  </flower>
  <other>
    <verticilliumwilt>unknown</verticilliumwilt>
    <outstandingtree>yes</outstandingtree>
    <winterinterest>no</winterinterest>
    <invasivepotential>not assessed or incomplete data</invasivepotential>
    <surfacerooting>not a problem</surfacerooting>
    <availability>somewhat available</availability>
    <ozonesensitivity>unknown</ozonesensitivity>
  </other>
  <fruit>
    <composition>fleshy</composition>
    <attractiontowildlife>little</attractiontowildlife>
    <edible>no</edible>
    <shape>round</shape>
    <showiness>not showy</showiness>
    <length>less than .5 inch, .5 to 1 inch</length>
    <persistant>no</persistant>
    <litter>fruit/leaves not a litter problem</litter>
    <color>brown</color>
  </fruit>
  <factsheet>ST257</factsheet>
  <growthrate>moderate</growthrate>
  <crowncanopy>
    <texture>medium</texture>
    <density>dense</density>
    <shape>round</shape>
    <uniformity>symmetrical</uniformity>
  </crowncanopy>
  <photographs>
    <entireplant>7742204</entireplant>
    <fruit>679295</fruit>
    <trunk>13963177</trunk>
  </photographs>
  <name>
    <listingname>Rusty Fig, Fig, Rusty</listingname>
    <family>Moraceae</family>
    <pronunciation>FYE-kuss  roo-bij-ih-NO-suh</pronunciation>
    <species>rubiginosa</species>
    <genus>Ficus</genus>
    <commonname>Rusty Fig</commonname>
  </name>
  <trunkandbranches>
    <currentyeartwigcolor>brown, green</currentyeartwigcolor>
    <numberoftrunks>typically one trunk</numberoftrunks>
    <pruningrequirement>needed for strong structure</pruningrequirement>
    <showiness>not showy</showiness>
    <currentyeartwigthickness>medium</currentyeartwigthickness>
    <trunkandbranchbreakage>resistant</trunkandbranchbreakage>
    <woodspecificgravity>unknown</woodspecificgravity>
    <branchdrooping>branches don't droop</branchdrooping>
    <crownshaft>not applicable</crownshaft>
    <barkthickness>thin bark</barkthickness>
    <thorns>no</thorns>
  </trunkandbranches>
  <rangemap>Range Map RM10B11</rangemap>
  <descriptivetext>&lt;p align="center"&gt;&lt;b&gt;&lt;em&gt;Ficus rubiginosa &lt;/em&gt;Rusty Fig &lt;/b&gt;&lt;/p&gt;&lt;p align="left"&gt;

This broad, spreading evergreen tree is densely covered with oval, blunt-tipped, three to six-inch-long, medium green, smooth leaves, the undersides of which are brown and hairy.  One of the hardiest of the rubber trees, Rusty Fig makes an attractive specimen tree, especially when only a few major branches are allowed to develop creating a more open form.  It does not develop the profusion of aerial roots which some others do.  Rusty Fig's dense growth habit and moderate growth rate make it better suited for smaller landscapes than most other Ficus trees.  It grows to about 35 feet in 30-years.  It is well-suited as a shade or street tree and should require little maintenance once initial pruning creates a good structural habit.  Space major branches along the trunk and keep them trimmed so they remain less than half the diameter of the trunk.  It is among the best ficus trees for frost-free climates. &lt;/p&gt;&lt;p align="left"&gt;

Easily grown in full sun or partial shade, Rusty Fig will thrive on a variety of well-drained soils.  Once established, it can withstand periods of drought and 30-degrees F. for a short time. &lt;/p&gt;&lt;p align="left"&gt;

The cultivar `Variegata' has leaves variegated with cream-yellow. &lt;/p&gt;&lt;p align="left"&gt;

Propagation is by cuttings or air layers. &lt;/p&gt;</descriptivetext>
  <pestresistance>resistant to pests/diseases</pestresistance>
  <foliage>
    <shape>elliptic (oval)</shape>
    <summercolor>green</summercolor>
    <spiny>no</spiny>
    <type>simple</type>
    <arrangement>alternate</arrangement>
    <bladelength>2 to 4 inches, 4 to 8 inches</bladelength>
    <venation>pinnate</venation>
    <fallcharacteristics>not showy</fallcharacteristics>
    <margin>entire</margin>
    <fallcolor>no color change</fallcolor>
    <persistence>evergreen, broadleaf evergreen</persistence>
  </foliage>
  <pests>&lt;p align="center"&gt;&lt;b&gt;&lt;u&gt;Pests&lt;/u&gt;&lt;/b&gt;&lt;/p&gt;&lt;p align="left"&gt;

Two problems are mites and scales. &lt;/p&gt;</pests>
  <usdahardinesszone>10B-11</usdahardinesszone>
  <culturetolerances>
    <saltspraytolerance>moderate</saltspraytolerance>
    <soilphtolerance>alkaline, acidic</soilphtolerance>
    <lightrequirements>partial sun or partial shade, full sun</lightrequirements>
    <soilsalttolerance>unknown</soilsalttolerance>
    <droughttolerance>moderate</droughttolerance>
    <soildrainagetolerance>well-drained</soildrainagetolerance>
    <soiltexturetolerance>clay, sand, loam</soiltexturetolerance>
  </culturetolerances>
  <nativeorigin>
    <nativetonorthamerica>no</nativetonorthamerica>
    <recommendedfordryclimates>no</recommendedfordryclimates>
    <nativefloridacounty>Not Native to Florida</nativefloridacounty>
  </nativeorigin>
  <lifespan>more than 50 years</lifespan>
</tree>