<?xml version="1.0" encoding="UTF-8" standalone="no"?><tree>
  <foliage>
    <shape>lanceolate, elliptic (oval), ovate</shape>
    <summercolor>green</summercolor>
    <spiny>no</spiny>
    <type>simple</type>
    <arrangement>alternate</arrangement>
    <bladelength>4 to 8 inches, 8 to 12 inches</bladelength>
    <venation>pinnate, brachidodrome</venation>
    <fallcharacteristics>not showy</fallcharacteristics>
    <margin>entire</margin>
    <fallcolor>no color change</fallcolor>
    <persistence>evergreen</persistence>
  </foliage>
  <rangemap>Range Map RM10B11</rangemap>
  <pestresistance>free of serious pests and diseases</pestresistance>
  <lifespan>more than 50 years</lifespan>
  <culturetolerances>
    <saltspraytolerance>moderate</saltspraytolerance>
    <soilphtolerance>alkaline, acidic</soilphtolerance>
    <lightrequirements>full sun, partial sun or partial shade</lightrequirements>
    <soilsalttolerance>unknown</soilsalttolerance>
    <droughttolerance>high</droughttolerance>
    <soildrainagetolerance>occasionally wet, well-drained</soildrainagetolerance>
    <soiltexturetolerance>clay, sand, loam</soiltexturetolerance>
  </culturetolerances>
  <flower>
    <season>unknown</season>
    <color>unknown</color>
    <fragrance>no</fragrance>
    <showiness>not showy</showiness>
  </flower>
  <planttype>tree</planttype>
  <use>street without sidewalk, shade, tree lawn &gt; 6 ft wide, highway median, recommended</use>
  <usdahardinesszone>10B-11</usdahardinesszone>
  <nativeorigin>
    <nativestate>Florida</nativestate>
    <nativetonorthamerica>yes</nativetonorthamerica>
    <recommendedfordryclimates>no</recommendedfordryclimates>
    <nativefloridacounty>Broward, Collier, Hillsborough, Miami-Dade, Monroe Keys, Monroe Mainland</nativefloridacounty>
  </nativeorigin>
  <size>
    <height>25 to 50 feet</height>
    <maturespread>40 to 50 feet</maturespread>
    <maintainableheight>not suitable for clipping</maintainableheight>
    <matureheight>40 to 50 feet</matureheight>
    <spread>35 to 50 feet</spread>
  </size>
  <pestsanddiseases>&lt;p align="center"&gt;&lt;b&gt;&lt;u&gt;Pests and Diseases&lt;/u&gt;&lt;/b&gt;&lt;/p&gt;&lt;p align="left"&gt;

No pests or diseases are of major concern.  Scales may bother the Shortleaf Fig. &lt;/p&gt;</pestsanddiseases>
  <trunkandbranches>
    <currentyeartwigcolor>green</currentyeartwigcolor>
    <numberoftrunks>typically one trunk</numberoftrunks>
    <pruningrequirement>needed for strong structure</pruningrequirement>
    <showiness>not showy</showiness>
    <currentyeartwigthickness>thick</currentyeartwigthickness>
    <trunkandbranchbreakage>resistant</trunkandbranchbreakage>
    <woodspecificgravity>unknown</woodspecificgravity>
    <branchdrooping>branches droop</branchdrooping>
    <crownshaft>not applicable</crownshaft>
    <barkthickness>thin bark</barkthickness>
    <thorns>no</thorns>
  </trunkandbranches>
  <fruit>
    <composition>fleshy</composition>
    <attractiontowildlife>attracts squirrels/mammals</attractiontowildlife>
    <edible>no</edible>
    <shape>round</shape>
    <showiness>not showy</showiness>
    <length>.5 to 1 inch</length>
    <persistant>no</persistant>
    <litter>fruit/leaves a litter problem</litter>
    <color>red, yellow</color>
  </fruit>
  <name>
    <listingname>Shortleaf Fig, Fig, Shortleaf</listingname>
    <family>Moraceae</family>
    <pronunciation>FYE-kuss  sit-rih-FOLE-ee-uh</pronunciation>
    <species>citrifolia</species>
    <genus>Ficus</genus>
    <commonname>Shortleaf Fig</commonname>
  </name>
  <photographs>
    <entireplant>6500582</entireplant>
    <foliage>8685312</foliage>
    <trunk>2724613</trunk>
  </photographs>
  <crowncanopy>
    <texture>medium</texture>
    <density>moderate</density>
    <shape>round</shape>
    <uniformity>symmetrical</uniformity>
  </crowncanopy>
  <other>
    <verticilliumwilt>unknown</verticilliumwilt>
    <outstandingtree>no</outstandingtree>
    <winterinterest>no</winterinterest>
    <invasivepotential>native to North America</invasivepotential>
    <surfacerooting>can form large surface roots</surfacerooting>
    <availability>somewhat available</availability>
    <ozonesensitivity>unknown</ozonesensitivity>
  </other>
  <descriptivetext>&lt;p align="center"&gt;&lt;b&gt;&lt;em&gt;Ficus citrifolia &lt;/em&gt;Shortleaf Fig &lt;/b&gt;&lt;/p&gt;&lt;p align="left"&gt;

Shortleaf Fig is an attractive, tall, upright tree with whitish-gray bark.  It attains a height of 40 to 50 feet and has a broad crown.  This Fig has few aerial roots; the roots seldom become prop roots or stranglers.  The Shortleaf Fig is considered to be semi-deciduous in that there are up to three flowering and fruiting seasons a year (winter, spring, and fall), and many leaves are shed before the flushes of new growth begin.  The glossy leaves are dark green above with pale green underside.  The flowers of this tree are minute and are found inside the edible fruit.  The fruit are round, maroon when ripe, sweet to the taste, and 1/2 to 1 inch broad.  They are attractive to birds and are especially appealing to the Cedar Waxwing during its migrations through south Florida. &lt;/p&gt;&lt;p align="left"&gt;

This native Fig can be used as a specimen or shade tree in parks, school grounds, and roadsides.  Its lagre size makes it ill suited for many home landscapes. &lt;/p&gt;&lt;p align="left"&gt;

The Shortleaf Fig demands little attention and creates a perfect environment for ferns, palms and aeroids.  This tree requires less maintenance to control aggressive aerial and surface roots than the other members of this genus.  Because the flowers are found inside the fruit, the process of pollination is quite interesting.  Pollination occurs when a female wasp maneuvers her way into a developing fruit to lay her eggs; she fertilizes the female flowers inside the fruit with pollen collected in her pollen sacs. &lt;/p&gt;&lt;p align="left"&gt;

Ficus citrifolia is propagated by cuttage, seeds or air layers. &lt;/p&gt;</descriptivetext>
  <growthrate>fast</growthrate>
</tree>