<?xml version="1.0" encoding="UTF-8" standalone="no"?><tree>
  <foliage>
    <shape>star-shaped</shape>
    <summercolor>green</summercolor>
    <spiny>no</spiny>
    <type>simple</type>
    <arrangement>alternate</arrangement>
    <bladelength>4 to 8 inches, 8 to 12 inches</bladelength>
    <venation>palmate</venation>
    <fallcharacteristics>showy</fallcharacteristics>
    <margin>lobed, undulate</margin>
    <fallcolor>yellow</fallcolor>
    <persistence>deciduous</persistence>
  </foliage>
  <rangemap>Range Map RM7A9B</rangemap>
  <pestresistance>free of serious pests and diseases</pestresistance>
  <lifespan>less than 25 years</lifespan>
  <culturetolerances>
    <saltspraytolerance>unknown</saltspraytolerance>
    <soilphtolerance>acidic, alkaline</soilphtolerance>
    <lightrequirements>full sun, partial sun or partial shade</lightrequirements>
    <soilsalttolerance>unknown</soilsalttolerance>
    <droughttolerance>high</droughttolerance>
    <soildrainagetolerance>well-drained</soildrainagetolerance>
    <soiltexturetolerance>clay, sand, loam</soiltexturetolerance>
  </culturetolerances>
  <flower>
    <season>flowers in summer</season>
    <color>yellow, white/cream/gray</color>
    <fragrance>no</fragrance>
    <showiness>showy</showiness>
  </flower>
  <planttype>tree</planttype>
  <factsheet>ST259</factsheet>
  <use>specimen, highway median, shade, recommended</use>
  <usdahardinesszone>7A-9B</usdahardinesszone>
  <nativeorigin>
    <nativetonorthamerica>no</nativetonorthamerica>
    <recommendedfordryclimates>no</recommendedfordryclimates>
    <nativefloridacounty>Not Native to Florida</nativefloridacounty>
  </nativeorigin>
  <size>
    <height>25 to 50 feet</height>
    <maturespread>15 to 30 feet</maturespread>
    <maintainableheight>not suitable for clipping</maintainableheight>
    <matureheight>30 to 50 feet</matureheight>
    <spread>25 to 35 feet</spread>
  </size>
  <pestsanddiseases>&lt;p align="center"&gt;&lt;b&gt;&lt;u&gt;Pests and Diseases&lt;/u&gt;&lt;/b&gt;&lt;/p&gt;&lt;p align="left"&gt;

A trunk scale may kill a tree if not controlled. &lt;/p&gt;</pestsanddiseases>
  <trunkandbranches>
    <currentyeartwigcolor>gray, green</currentyeartwigcolor>
    <numberoftrunks>typically one trunk</numberoftrunks>
    <pruningrequirement>needed for strong structure</pruningrequirement>
    <showiness>showy</showiness>
    <currentyeartwigthickness>thick</currentyeartwigthickness>
    <trunkandbranchbreakage>susceptible to breakage</trunkandbranchbreakage>
    <woodspecificgravity>unknown</woodspecificgravity>
    <branchdrooping>branches don't droop</branchdrooping>
    <crownshaft>not applicable</crownshaft>
    <barkthickness>thin bark</barkthickness>
    <thorns>no</thorns>
  </trunkandbranches>
  <fruit>
    <composition>dry or hard</composition>
    <attractiontowildlife>little</attractiontowildlife>
    <edible>no</edible>
    <shape>elongated, oval</shape>
    <showiness>showy</showiness>
    <length>less than .5 inch</length>
    <persistant>yes</persistant>
    <litter>fruit/leaves a litter problem</litter>
    <color>green, tan</color>
  </fruit>
  <name>
    <listingname>Chinese Parasoltree, Japanese Varnish-Tree, Parasoltree, Chinese, Varnish-Tree, Japanese</listingname>
    <family>Sterculiaceae</family>
    <pronunciation>fer-mee-AY-nuh  SIM-plecks</pronunciation>
    <species>simplex</species>
    <genus>Firmiana</genus>
    <commonname>Chinese Parasoltree, Japanese Varnish-Tree</commonname>
  </name>
  <photographs>
    <foliage>10750927</foliage>
    <trunk>6144248</trunk>
    <flower>16617344</flower>
    <spring>10454451</spring>
    <other>8937996</other>
    <entireplant>13433507</entireplant>
  </photographs>
  <crowncanopy>
    <texture>coarse</texture>
    <density>moderate</density>
    <shape>upright/erect, oval</shape>
    <uniformity>irregular</uniformity>
  </crowncanopy>
  <other>
    <verticilliumwilt>unknown</verticilliumwilt>
    <outstandingtree>yes</outstandingtree>
    <winterinterest>yes</winterinterest>
    <invasivepotential>not assessed or incomplete data</invasivepotential>
    <surfacerooting>can form large surface roots</surfacerooting>
    <availability>somewhat available</availability>
    <ozonesensitivity>unknown</ozonesensitivity>
  </other>
  <descriptivetext>&lt;p align="center"&gt;&lt;b&gt;&lt;em&gt;Firmiana simplex &lt;/em&gt;Chinese Parasoltree &lt;/b&gt;&lt;/p&gt;&lt;p align="left"&gt;

Chinese Parasoltree has a very unusual appearance for a deciduous tree, having green stems and bark and extremely large, three to five-lobed bright green leaves.  Most people either love it or hate it due to its striking habit and coarse texture.  Each leaf is up to 12 inches across and casts as much shade as an actual parasol.  Chinese Parasoltree has a dense, upright, oval canopy and reaches 35 to 50 feet in height, spreading 15 to 20 feet.  In June or July, 10 to 20-inch-long, upright, loose, terminal panicles of yellow/green blooms appear and are followed by the production of peculiar pods which split open into four petal-like sections to reveal the small, round seeds.  These pods are often harvested for use in winter decorations.  The foliage of Chinese Parasoltree can turn brilliant yellow before dropping in fall to reveal an interesting branching structure of green stems.  The yellow complements the green trunk very nicely. &lt;/p&gt;&lt;p align="left"&gt;

The tree appears "out of place" to some horticulturists but many people enjoy the dramatic impact one or several of these trees can have on a landscape.  The tree lends a tropical effect and is probably best used only occasionally as a specimen.  It could be tried as a street tree on a small scale but may be objectionable due to the so-called messy nature of the tree.  Leaves are large, decompose slowly and blow around in the landscape after they fall.  Falling fruits also contribute to the mess but they are dry.  The tree looks a bit scraggly in winter with old flower stalks persisting on the branch tips.  There is a tree in Raleigh, North Carolina which is 45 feet tall with an 18-inch-diameter trunk and still growing.  But on many sites, count on about 30-years of service unless located in an area with lots of soil space and pruned regularly to develop good form.   &lt;/p&gt;&lt;p align="left"&gt;

Branches can be poorly attached to the trunk so be sure that branches grow no larger than about half the diameter of the trunk.  This will help ensure a stronger attachment to the tree.  Roots often grow close to the surface in clay soil especially near the trunk. &lt;/p&gt;&lt;p align="left"&gt;

Chinese Parasoltree should be grown a full-sun, wind-protected location.  Trees will grow in shade with an upright, almost columnar form as they reach for the sunlight.  Trees should be regularly watered when young but become drought-tolerant once established.  They tolerate clay soil but often develop root rot if the soil is not well-drained.  Not a downtown tree. &lt;/p&gt;&lt;p align="left"&gt;

The cultivar `Variegata' has green and white-dappled leaves.  Rare in the nursery trade. &lt;/p&gt;&lt;p align="left"&gt;

Propagation is by seed. &lt;/p&gt;</descriptivetext>
  <growthrate>fast</growthrate>
</tree>