<?xml version="1.0" encoding="UTF-8" standalone="no"?><tree>
  <factsheet>ST283</factsheet>
  <descriptivetext>&lt;p align="center"&gt;&lt;b&gt;&lt;em&gt;Gordonia lasianthus &lt;/em&gt; `Variegata' `Variegata' Loblolly-Bay, `Variegata' Sweet-Bay &lt;/b&gt;&lt;/p&gt;&lt;p align="left"&gt;

A native American, usually single-trunked, evergreen tree, this cultivar of Loblolly-Bay reaches a height of 35 to 60 feet with a columnar or pyramidal, very open growth habit.  The two to seven-inch-long, glossy, dark green variegated leaves are a light grey color on the underside, giving a two-toned effect in the wind.  Although evergreen, several individual leaves at a time will turn a brilliant scarlet color in the fall adding to its attractiveness.  The white, two to three-inch-wide, five-petalled, cup-shaped flowers open from late spring through summer and are very attractive but sparsely produced throughout the canopy. &lt;/p&gt;&lt;p align="left"&gt;

Loblolly-Bay makes an attractive specimen planting and its light, airy growth habit lends itself well to smaller, partially enclosed locations.  In moist soils, Loblolly-Bay naturalizes well and is well-suited to the low-maintenance landscape.  Due to the shape of the crown, it makes a suitable tree in urban areas with restricted, narrow overhead space, and should do well as a street tree, although it has not been extensively used yet. &lt;/p&gt;&lt;p align="left"&gt;

Preferring partial shade and moist soil, Loblolly-Bay can tolerate full sun with sufficient moisture.  Loblolly-Bay has a shallow root system and will die if not watered during periods of drought.  It is found in the wild most often growing in wet sites in the shade of maples, cypress and pines.  It is well-suited for planting in boggy and other poorly drained soils.  Loblolly-Bay is not salt-tolerant.  Not for dry climates. &lt;/p&gt;&lt;p align="left"&gt;

Propagation is by cuttings. &lt;/p&gt;</descriptivetext>
  <pests>&lt;p align="center"&gt;&lt;b&gt;&lt;u&gt;Pests&lt;/u&gt;&lt;/b&gt;&lt;/p&gt;&lt;p align="left"&gt;

Pest problems are borers in weakened trees, aphids, and caterpillars. &lt;/p&gt;</pests>
  <culturetolerances>
    <saltspraytolerance>none</saltspraytolerance>
    <soilphtolerance>acidic</soilphtolerance>
    <lightrequirements>full sun, partial sun or partial shade, shade tolerant</lightrequirements>
    <soilsalttolerance>unknown</soilsalttolerance>
    <droughttolerance>moderate</droughttolerance>
    <soildrainagetolerance>extended flooding</soildrainagetolerance>
    <soiltexturetolerance>loam, clay</soiltexturetolerance>
  </culturetolerances>
  <trunkandbranches>
    <currentyeartwigcolor>brown</currentyeartwigcolor>
    <numberoftrunks>typically one trunk</numberoftrunks>
    <pruningrequirement>little required</pruningrequirement>
    <showiness>not showy</showiness>
    <currentyeartwigthickness>medium</currentyeartwigthickness>
    <trunkandbranchbreakage>resistant</trunkandbranchbreakage>
    <woodspecificgravity>unknown</woodspecificgravity>
    <branchdrooping>branches don't droop</branchdrooping>
    <crownshaft>not applicable</crownshaft>
    <barkthickness>thin bark</barkthickness>
    <thorns>no</thorns>
  </trunkandbranches>
  <note>Photos are of Species</note>
  <name>
    <listingname>'Variegata' Loblolly-Bay, 'Variegata' Sweet-Bay, Loblolly-Bay,'Variegata', Sweet-Bay, 'Variegata'</listingname>
    <family>Theaceae</family>
    <pronunciation>frank-LIN-ee-uh  lay-zee-ANTH-us</pronunciation>
    <species>lasianthus</species>
    <genus>Franklinia</genus>
    <cultivar>'Variegata'</cultivar>
    <commonname>'Variegata' Loblolly-Bay, 'Variegata' Sweet-Bay</commonname>
  </name>
  <usdahardinesszone>7A-9B</usdahardinesszone>
  <diseases>&lt;p align="center"&gt;&lt;b&gt;&lt;u&gt;Diseases&lt;/u&gt;&lt;/b&gt;&lt;/p&gt;&lt;p align="left"&gt;

No diseases are of major concern. &lt;/p&gt;</diseases>
  <nativeorigin>
    <nativetonorthamerica>yes</nativetonorthamerica>
    <recommendedfordryclimates>no</recommendedfordryclimates>
    <nativefloridacounty>Not Native to Florida</nativefloridacounty>
  </nativeorigin>
  <use>specimen, espalier, reclamation, recommended</use>
  <growthrate>moderate</growthrate>
  <planttype>tree</planttype>
  <rangemap>Range Map RM7A9B</rangemap>
  <foliage>
    <shape>oblong, oblanceolate</shape>
    <summercolor>variegated</summercolor>
    <spiny>no</spiny>
    <type>simple</type>
    <arrangement>alternate</arrangement>
    <bladelength>4 to 8 inches</bladelength>
    <venation>pinnate, reticulate, brachidodrome</venation>
    <fallcharacteristics>not showy</fallcharacteristics>
    <margin>serrulate</margin>
    <fallcolor>red</fallcolor>
    <persistence>evergreen, broadleaf evergreen</persistence>
  </foliage>
  <flower>
    <season>flowers in summer, flowers in spring</season>
    <color>white/cream/gray</color>
    <fragrance>no</fragrance>
    <showiness>very showy</showiness>
  </flower>
  <pestresistance>free of serious pests and diseases</pestresistance>
  <lifespan>25 to 50 years</lifespan>
  <fruit>
    <composition>fleshy</composition>
    <attractiontowildlife>little</attractiontowildlife>
    <edible>no</edible>
    <shape>round</shape>
    <showiness>not showy</showiness>
    <length>less than .5 inch</length>
    <persistant>no</persistant>
    <litter>fruit/leaves not a litter problem</litter>
    <color>brown, green</color>
  </fruit>
  <size>
    <height>25 to 50 feet</height>
    <maturespread>10 to 15 feet</maturespread>
    <maintainableheight>not suitable for clipping</maintainableheight>
    <matureheight>35 to 60 feet</matureheight>
    <spread>10 to 15 feet</spread>
  </size>
  <other>
    <verticilliumwilt>unknown</verticilliumwilt>
    <outstandingtree>yes</outstandingtree>
    <winterinterest>no</winterinterest>
    <invasivepotential>not a problem species</invasivepotential>
    <surfacerooting>not a problem</surfacerooting>
    <availability>rarely available</availability>
    <ozonesensitivity>unknown</ozonesensitivity>
  </other>
  <crowncanopy>
    <texture>medium</texture>
    <density>open</density>
    <shape>columnar</shape>
    <uniformity>symmetrical</uniformity>
  </crowncanopy>
  <photographs>
  </photographs>
</tree>