<?xml version="1.0" encoding="UTF-8" standalone="no"?><tree>
  <diseases>&lt;p align="center"&gt;&lt;b&gt;&lt;u&gt;Diseases&lt;/u&gt;&lt;/b&gt;&lt;/p&gt;&lt;p align="left"&gt;

The most serious problem of Franklin-Tree is a root rot disease.  The best protection is to plant in a soil where the disease has not been active.  The tree has been difficult to establish in some areas, perhaps because of disease problems.  But the beauty of this tree makes your extra effort worthwhile. &lt;/p&gt;</diseases>
  <planttype>tree</planttype>
  <size>
    <height>15 to 25 feet</height>
    <maturespread>10 to 15 feet</maturespread>
    <maintainableheight>not suitable for clipping</maintainableheight>
    <matureheight>15 to 25 feet</matureheight>
    <spread>10 to 15 feet</spread>
  </size>
  <use>deck or patio, specimen, container or planter, recommended</use>
  <flower>
    <season>flowers in summer, flowers in fall</season>
    <color>white/cream/gray</color>
    <fragrance>pleasant</fragrance>
    <showiness>very showy</showiness>
  </flower>
  <other>
    <verticilliumwilt>unknown</verticilliumwilt>
    <outstandingtree>yes</outstandingtree>
    <winterinterest>yes</winterinterest>
    <invasivepotential>not a problem species</invasivepotential>
    <surfacerooting>not a problem</surfacerooting>
    <availability>somewhat available</availability>
    <ozonesensitivity>unknown</ozonesensitivity>
  </other>
  <fruit>
    <composition>dry or hard</composition>
    <attractiontowildlife>little</attractiontowildlife>
    <edible>no</edible>
    <shape>round</shape>
    <showiness>not showy</showiness>
    <length>.5 to 1 inch</length>
    <persistant>no</persistant>
    <litter>fruit/leaves not a litter problem</litter>
    <color>unknown</color>
  </fruit>
  <factsheet>ST260</factsheet>
  <growthrate>slow</growthrate>
  <crowncanopy>
    <texture>medium</texture>
    <density>dense</density>
    <shape>pyramidal, round</shape>
    <uniformity>symmetrical</uniformity>
  </crowncanopy>
  <photographs>
    <entireplant>9152624</entireplant>
    <flower>7581249</flower>
    <fall>15214510</fall>
    <trunk>6469405</trunk>
  </photographs>
  <name>
    <listingname>Franklin-Tree, Franklinia</listingname>
    <family>Theaceae</family>
    <pronunciation>frank-LIN-ee-uh  uh-lah-tah-MAH-hah</pronunciation>
    <species>alatamaha</species>
    <genus>Franklinia</genus>
    <commonname>Franklin-Tree, Franklinia</commonname>
  </name>
  <trunkandbranches>
    <currentyeartwigcolor>green, brown</currentyeartwigcolor>
    <numberoftrunks>typically multi-trunked, can be trained to one trunk</numberoftrunks>
    <pruningrequirement>little required</pruningrequirement>
    <showiness>showy</showiness>
    <currentyeartwigthickness>medium</currentyeartwigthickness>
    <trunkandbranchbreakage>resistant</trunkandbranchbreakage>
    <woodspecificgravity>unknown</woodspecificgravity>
    <branchdrooping>branches droop</branchdrooping>
    <crownshaft>not applicable</crownshaft>
    <barkthickness>thick</barkthickness>
    <thorns>no</thorns>
  </trunkandbranches>
  <rangemap>Range Map RM5A8B</rangemap>
  <descriptivetext>&lt;p align="center"&gt;&lt;b&gt;&lt;em&gt;Franklinia alatamaha &lt;/em&gt;Franklin-Tree, Franklinia &lt;/b&gt;&lt;/p&gt;&lt;p align="left"&gt;

This is an excellent small tree native to Georgia, reaching a maximum of 30 feet but it is usually smaller in a sunny landscape.  It is somewhat pyramidal when young becoming more rounded with age with many thin stems and trunks.  It is best used as a specimen or in borders, to show off its fragrant, white, camellia-like flowers, three inches across, that bloom from July to late summer when few other trees bloom.  The bright green foliage turns a vivid orange-red in the fall while some flowers are still in bloom.  Ridged grey bark with prominent vertical white striations adds winter interest.  Franklin-Tree typically grows with numerous vertical stems or trunks originating at or near ground level. &lt;/p&gt;&lt;p align="left"&gt;

Franklin-Tree does best in well-drained, rich, acid soil, with ample water, and partial sun in the southern part of its range.  Drainage must be excellent and the tree does not tolerate clay soil and is only slightly or moderately drought-tolerant.  Best to provide a permanent irrigation system for Franklin-Tree.   &lt;/p&gt;</descriptivetext>
  <pestresistance>resistant to pests/diseases</pestresistance>
  <foliage>
    <shape>oblanceolate, obovate, oblong</shape>
    <summercolor>green</summercolor>
    <spiny>no</spiny>
    <type>simple</type>
    <arrangement>alternate</arrangement>
    <bladelength>4 to 8 inches</bladelength>
    <venation>pinnate, brachidodrome</venation>
    <fallcharacteristics>showy</fallcharacteristics>
    <margin>serrate</margin>
    <fallcolor>orange, red</fallcolor>
    <persistence>deciduous</persistence>
  </foliage>
  <pests>&lt;p align="center"&gt;&lt;b&gt;&lt;u&gt;Pests&lt;/u&gt;&lt;/b&gt;&lt;/p&gt;&lt;p align="left"&gt;

It has no known pests. &lt;/p&gt;</pests>
  <usdahardinesszone>5A-8B</usdahardinesszone>
  <culturetolerances>
    <saltspraytolerance>unknown</saltspraytolerance>
    <soilphtolerance>slightly alkaline, acidic</soilphtolerance>
    <lightrequirements>full sun, partial sun or partial shade</lightrequirements>
    <soilsalttolerance>unknown</soilsalttolerance>
    <droughttolerance>moderate</droughttolerance>
    <soildrainagetolerance>well-drained</soildrainagetolerance>
    <soiltexturetolerance>clay, sand, loam</soiltexturetolerance>
  </culturetolerances>
  <nativeorigin>
    <nativestate>Georgia</nativestate>
    <nativetonorthamerica>yes</nativetonorthamerica>
    <recommendedfordryclimates>no</recommendedfordryclimates>
    <nativefloridacounty>Not Native to Florida</nativefloridacounty>
  </nativeorigin>
  <lifespan>25 to 50 years</lifespan>
</tree>